District_Name,Nitrogen,Phosphorus,Potassium,pH,Rainfall,Temperature,Farm_Size_Acres
Kolhapur,75,50,100,6.5,1861.635725,20,79.83823177
Kolhapur,80,50,100,6.5,1400.435779,20,33.93279559
Kolhapur,85,50,100,6.5,574.3080279,20,59.67320614
Kolhapur,90,50,100,6.5,1900.397115,20,50.00026124
Kolhapur,95,50,100,6.5,1568.615247,20,94.62805798
Kolhapur,100,50,100,6.5,1489.778761,20,75.00988897
Kolhapur,75,55,105,7,1572.511911,25,73.32372052
Kolhapur,80,55,105,7,1386.460444,25,5.588973674
Kolhapur,85,55,105,7,239.8026508,25,55.41729723
Kolhapur,90,55,105,7,656.5128674,25,47.23215394
Kolhapur,95,55,105,7,1921.829312,25,92.85638439
Kolhapur,100,55,105,7,719.4877042,25,26.47685683
Kolhapur,75,60,110,7.5,1588.927672,30,27.71351188
Kolhapur,80,60,110,7.5,964.0711467,30,41.72327864
Kolhapur,85,60,110,7.5,1833.549889,30,25.09360163
Kolhapur,90,60,110,7.5,1203.804298,30,13.78920786
Kolhapur,95,60,110,7.5,1337.394794,30,85.88406982
Kolhapur,100,60,110,7.5,631.3253015,30,56.26937592
Kolhapur,75,50,115,6.5,303.5421316,35,86.27490918
Kolhapur,80,50,115,6.5,1561.801328,35,83.28234177
Kolhapur,85,50,115,6.5,321.7579211,35,28.92219312
Kolhapur,90,50,115,6.5,1499.236744,35,55.22600699
Kolhapur,95,50,115,6.5,1199.887152,35,9.238552571
Kolhapur,100,50,115,6.5,1676.042683,35,91.60993652
Kolhapur,75,55,100,7,570.3915611,20,41.02200879
Kolhapur,80,55,100,7,1174.753319,20,39.97394221
Kolhapur,85,55,100,7,1305.508497,20,30.97278169
Kolhapur,90,55,100,7,333.736028,20,46.60571073
Kolhapur,95,55,100,7,1530.093231,20,25.92417927
Kolhapur,100,55,100,7,900.2529834,20,38.11037501
Kolhapur,75,60,105,7.5,432.0453609,25,80.19475781
Kolhapur,80,60,105,7.5,896.7168799,25,83.59129485
Kolhapur,85,60,105,7.5,376.9426743,25,31.11406529
Kolhapur,90,60,105,7.5,1798.392571,25,47.43242862
Kolhapur,95,60,105,7.5,1022.167821,25,87.50815785
Kolhapur,100,60,105,7.5,448.4505117,25,6.214659851
Kolhapur,75,50,110,6.5,653.7722199,30,89.02535124
Kolhapur,80,50,110,6.5,1504.368386,30,22.69925022
Kolhapur,85,50,110,6.5,1614.958701,30,68.17538518
Kolhapur,90,50,110,6.5,274.3695113,30,58.67261794
Kolhapur,95,50,110,6.5,307.7843733,30,55.74113407
Kolhapur,100,50,110,6.5,1850.933308,30,86.07666225
Kolhapur,75,55,115,7,795.7680102,35,11.05564222
Kolhapur,80,55,115,7,547.9829614,35,35.35577451
Kolhapur,85,55,115,7,421.5037371,35,54.28702189
Kolhapur,90,55,115,7,1056.723461,35,81.31759654
Kolhapur,95,55,115,7,1587.89485,35,22.42786526
Kolhapur,100,55,115,7,1138.011982,35,80.4900543
Kolhapur,75,60,100,7.5,237.2126233,20,40.56420977
Kolhapur,80,60,100,7.5,1071.028939,20,19.70247179
Kolhapur,85,60,100,7.5,760.982739,20,76.1396576
Kolhapur,90,60,100,7.5,1429.146506,20,9.998991246
Kolhapur,95,60,100,7.5,1142.316143,20,51.96197003
Kolhapur,100,60,100,7.5,1937.60687,20,7.323702602
Kolhapur,75,50,105,6.5,1276.695477,25,36.28536766
Kolhapur,80,50,105,6.5,1338.465739,25,60.5066031
Kolhapur,85,50,105,6.5,1136.415392,25,56.05543861
Kolhapur,90,50,105,6.5,759.8098771,25,41.06088637
Kolhapur,95,50,105,6.5,1335.085684,25,43.4757514
Kolhapur,100,50,105,6.5,799.2409398,25,23.45018578
Kolhapur,75,55,110,7,1491.226666,30,46.13237625
Kolhapur,80,55,110,7,626.3235871,30,95.37223072
Kolhapur,85,55,110,7,861.790463,30,85.19483886
Kolhapur,90,55,110,7,1250.566988,30,15.37805404
Kolhapur,95,55,110,7,1331.285064,30,3.948297945
Kolhapur,100,55,110,7,1403.50315,30,93.41890696
Kolhapur,75,60,115,7.5,1460.569644,35,53.14822524
Kolhapur,80,60,115,7.5,772.951479,35,54.24594449
Kolhapur,85,60,115,7.5,1806.637534,35,78.29108157
Kolhapur,90,60,115,7.5,253.8804949,35,32.15420841
Kolhapur,95,60,115,7.5,539.1738884,35,48.70884931
Kolhapur,100,60,115,7.5,326.2534752,35,96.8976284
Kolhapur,20,25,25,6.5,1408.76655,25,67.54272001
Kolhapur,25,25,25,6.5,692.5974257,25,16.22075817
Kolhapur,30,25,25,6.5,558.4763131,25,14.18944805
Kolhapur,35,25,25,6.5,1065.201478,25,21.22221107
Kolhapur,40,25,25,6.5,1314.285539,25,76.90445577
Kolhapur,20,30,30,7,1314.642961,30,30.24232338
Kolhapur,25,30,30,7,1203.414553,30,3.117495821
Kolhapur,30,30,30,7,1985.575448,30,94.47326199
Kolhapur,35,30,30,7,1748.386599,30,17.80162822
Kolhapur,40,30,30,7,629.9483692,30,1.946260429
Kolhapur,20,35,35,7.5,1565.689267,25,24.47602864
Kolhapur,25,35,35,7.5,1224.735,25,24.26784992
Kolhapur,30,35,35,7.5,326.9342879,25,42.77851983
Kolhapur,35,35,35,7.5,289.2459529,25,92.11859332
Kolhapur,40,35,35,7.5,1639.314295,25,88.03930686
Kolhapur,20,25,40,6.5,1180.983241,30,46.23256094
Kolhapur,25,25,40,6.5,1228.3848,30,41.67909059
Kolhapur,30,25,40,6.5,805.2842988,30,55.94589956
Kolhapur,35,25,40,6.5,1874.626528,30,25.10194719
Kolhapur,40,25,40,6.5,1484.026008,30,6.166314205
Kolhapur,20,30,25,7,1869.990491,25,93.98318948
Kolhapur,25,30,25,7,378.6810633,25,19.4831995
Kolhapur,30,30,25,7,1250.712829,25,20.6416722
Kolhapur,35,30,25,7,1347.54905,25,47.77357256
Kolhapur,40,30,25,7,426.787981,25,49.66972114
Kolhapur,20,35,30,7.5,823.2769786,30,2.82498676
Kolhapur,25,35,30,7.5,586.647825,30,15.64751914
Kolhapur,30,35,30,7.5,1972.026156,30,38.43732704
Kolhapur,35,35,30,7.5,1178.147344,30,68.68933866
Kolhapur,40,35,30,7.5,767.4696434,30,23.61342723
Kolhapur,20,25,35,6.5,1396.093974,25,42.87843018
Kolhapur,25,25,35,6.5,1387.185717,25,56.17716141
Kolhapur,30,25,35,6.5,825.1946767,25,88.97065697
Kolhapur,35,25,35,6.5,1989.061146,25,33.28097973
Kolhapur,40,25,35,6.5,1656.130848,25,14.22226832
Kolhapur,20,30,40,7,920.5727056,30,49.43795036
Kolhapur,25,30,40,7,1388.10682,30,74.92543857
Kolhapur,30,30,40,7,1478.971321,30,11.87611595
Kolhapur,35,30,40,7,512.8697354,30,43.04366568
Kolhapur,40,30,40,7,1780.68651,30,2.760728985
Kolhapur,20,35,25,7.5,1686.868058,25,4.322358983
Kolhapur,25,35,25,7.5,1560.214875,25,48.81238296
Kolhapur,30,35,25,7.5,600.8169099,25,30.52153252
Kolhapur,35,35,25,7.5,445.2496667,25,84.6656226
Kolhapur,40,35,25,7.5,524.9865507,25,60.61327631
Kolhapur,20,25,30,6.5,367.4338567,30,45.93936321
Kolhapur,25,25,30,6.5,1892.523494,30,41.38560173
Kolhapur,30,25,30,6.5,1732.690009,30,50.22730254
Kolhapur,35,25,30,6.5,363.4030404,30,5.00344429
Kolhapur,40,25,30,6.5,1420.347271,30,89.38654229
Kolhapur,20,30,35,7,642.0572304,25,99.83201242
Kolhapur,25,30,35,7,231.092576,25,18.96722536
Kolhapur,30,30,35,7,726.3058475,25,12.91791351
Kolhapur,35,30,35,7,992.0541248,25,15.21416888
Kolhapur,40,30,35,7,236.0686855,25,66.44167877
Kolhapur,20,35,40,7.5,782.6960555,30,66.48264301
Kolhapur,25,35,40,7.5,1460.634733,30,84.94449207
Kolhapur,30,35,40,7.5,611.1712263,30,75.43081245
Kolhapur,35,35,40,7.5,1072.807356,30,45.51927766
Kolhapur,40,35,40,7.5,1797.645643,30,61.67268079
Kolhapur,40,20,20,6,251.1037698,25,69.14018237
Kolhapur,45,20,20,6,1614.146862,25,51.76091056
Kolhapur,50,20,20,6,891.0070825,25,48.08944746
Kolhapur,40,25,25,6.5,1174.069804,30,64.86464712
Kolhapur,45,25,25,6.5,615.5691098,30,56.18998035
Kolhapur,50,25,25,6.5,1242.107229,30,64.75028823
Kolhapur,40,20,25,7,1515.259369,25,61.67262262
Kolhapur,45,20,25,7,562.7682734,25,72.20045949
Kolhapur,50,20,25,7,817.883872,25,64.63754737
Kolhapur,40,25,20,7.5,1221.282196,30,52.45450616
Kolhapur,45,25,20,7.5,950.2057945,30,68.49788432
Kolhapur,50,25,20,7.5,727.6751802,30,45.49871455
Kolhapur,100,40,50,6,1013.037379,25,24.92545137
Kolhapur,105,40,50,6,723.4899809,25,1.140403793
Kolhapur,110,40,50,6,743.3724501,25,56.43645057
Kolhapur,115,40,50,6,1299.140619,25,59.47486743
Kolhapur,120,40,50,6,1058.717489,25,97.23284751
Kolhapur,125,40,50,6,1418.730004,25,36.78635508
Kolhapur,130,40,50,6,1707.400998,25,40.01919104
Kolhapur,135,40,50,6,1897.337592,25,20.97815855
Kolhapur,140,40,50,6,472.4323954,25,7.982895228
Kolhapur,145,40,50,6,1327.142621,25,77.50764479
Kolhapur,150,40,50,6,1248.319169,25,25.71842537
Kolhapur,100,45,55,6.5,1760.501461,30,61.28158124
Kolhapur,105,45,55,6.5,1812.601829,30,69.08953052
Kolhapur,110,45,55,6.5,1568.904665,30,47.65243204
Kolhapur,115,45,55,6.5,1271.831292,30,87.75885919
Kolhapur,120,45,55,6.5,558.6730396,30,44.93568926
Kolhapur,125,45,55,6.5,697.9491153,30,29.20595368
Kolhapur,130,45,55,6.5,1284.98076,30,89.70553677
Kolhapur,135,45,55,6.5,450.8187757,30,86.29486414
Kolhapur,140,45,55,6.5,531.1355121,30,17.23995476
Kolhapur,145,45,55,6.5,1840.578085,30,3.570140817
Kolhapur,150,45,55,6.5,1921.361616,30,9.908570079
Kolhapur,100,50,60,7,209.4224689,35,29.36819246
Kolhapur,105,50,60,7,1752.46747,35,97.25372037
Kolhapur,110,50,60,7,1888.424433,35,56.29309916
Kolhapur,115,50,60,7,1146.331049,35,37.95291147
Kolhapur,120,50,60,7,1008.020916,35,88.98289337
Kolhapur,125,50,60,7,1853.839093,35,45.86049682
Kolhapur,130,50,60,7,213.5596821,35,32.20862421
Kolhapur,135,50,60,7,1712.874505,35,94.18073335
Kolhapur,140,50,60,7,733.8369189,35,85.10224895
Kolhapur,145,50,60,7,1354.091971,35,84.52316917
Kolhapur,150,50,60,7,781.756451,35,51.71618956
Kolhapur,100,55,65,7.5,1141.300534,25,79.15440148
Kolhapur,105,55,65,7.5,1654.970892,25,18.75598257
Kolhapur,110,55,65,7.5,526.2841238,25,57.7490728
Kolhapur,115,55,65,7.5,1395.053514,25,98.40074636
Kolhapur,120,55,65,7.5,1817.006304,25,29.80488462
Kolhapur,125,55,65,7.5,1821.893075,25,79.6408806
Kolhapur,130,55,65,7.5,1809.417687,25,49.55736231
Kolhapur,135,55,65,7.5,1133.234183,25,4.940762639
Kolhapur,140,55,65,7.5,1581.862256,25,76.53892038
Kolhapur,145,55,65,7.5,1004.343942,25,17.68834529
Kolhapur,150,55,65,7.5,1028.294097,25,63.51588315
Kolhapur,100,60,70,6,710.9376889,30,9.480755211
Kolhapur,105,60,70,6,713.4094439,30,94.73987235
Kolhapur,110,60,70,6,268.0837795,30,29.88066483
Kolhapur,115,60,70,6,1156.648923,30,23.42000448
Kolhapur,120,60,70,6,755.7696459,30,13.784504
Kolhapur,125,60,70,6,537.8355793,30,94.65421714
Kolhapur,130,60,70,6,419.0830738,30,71.4784705
Kolhapur,135,60,70,6,824.5978939,30,74.42442798
Kolhapur,140,60,70,6,1818.219012,30,50.44105158
Kolhapur,145,60,70,6,1129.522836,30,47.99805074
Kolhapur,150,60,70,6,1202.484752,30,11.89210306
Kolhapur,100,40,75,6.5,297.7901842,35,56.42426846
Kolhapur,105,40,75,6.5,1135.723415,35,25.44473302
Kolhapur,110,40,75,6.5,1401.701134,35,97.73738795
Kolhapur,115,40,75,6.5,471.2873957,35,79.86151306
Kolhapur,120,40,75,6.5,1970.396833,35,41.88621396
Kolhapur,125,40,75,6.5,1847.206078,35,15.98278461
Kolhapur,130,40,75,6.5,1987.584071,35,78.74783742
Kolhapur,135,40,75,6.5,848.5705649,35,13.08332294
Kolhapur,140,40,75,6.5,1680.138481,35,19.7440416
Kolhapur,145,40,75,6.5,791.7242898,35,21.94053126
Kolhapur,150,40,75,6.5,1548.433233,35,56.13217319
Kolhapur,100,45,50,6,1906.093609,25,78.91860875
Kolhapur,105,45,50,6,479.0371093,25,32.11717299
Kolhapur,110,45,50,6,452.5757701,25,9.382311613
Kolhapur,115,45,50,6,387.9280888,25,46.98930789
Kolhapur,120,45,50,6,1637.031376,25,75.06291387
Kolhapur,125,45,50,6,1399.940489,25,22.94472047
Kolhapur,130,45,50,6,1140.167286,25,22.77253026
Kolhapur,135,45,50,6,1593.042777,25,94.77547571
Kolhapur,140,45,50,6,1729.86172,25,95.46121898
Kolhapur,145,45,50,6,1909.151173,25,99.05610747
Kolhapur,150,45,50,6,562.2518893,25,80.95830056
Kolhapur,100,50,55,6.5,995.0179274,30,19.63023275
Kolhapur,105,50,55,6.5,1861.424015,30,21.98617056
Kolhapur,110,50,55,6.5,1030.382675,30,34.68229891
Kolhapur,115,50,55,6.5,1077.779043,30,32.4951206
Kolhapur,120,50,55,6.5,1896.401415,30,95.69624716
Kolhapur,125,50,55,6.5,1522.417332,30,79.11832431
Kolhapur,130,50,55,6.5,1193.686687,30,72.67687042
Kolhapur,135,50,55,6.5,843.1151576,30,19.41035918
Kolhapur,140,50,55,6.5,1847.629044,30,91.04303038
Kolhapur,145,50,55,6.5,216.0893059,30,82.95916757
Kolhapur,150,50,55,6.5,777.8111565,30,17.20054229
Kolhapur,100,55,60,7,1902.931684,35,87.24586286
Kolhapur,105,55,60,7,1096.766834,35,27.9525061
Kolhapur,110,55,60,7,1322.93834,35,9.006104837
Kolhapur,115,55,60,7,1158.708075,35,66.02540834
Kolhapur,120,55,60,7,915.2492685,35,65.72666128
Kolhapur,125,55,60,7,1397.508391,35,10.39826895
Kolhapur,130,55,60,7,1579.654508,35,32.56632908
Kolhapur,135,55,60,7,855.9674873,35,99.28863176
Kolhapur,140,55,60,7,1262.938608,35,68.16424003
Kolhapur,145,55,60,7,348.9646609,35,73.27744149
Kolhapur,150,55,60,7,1185.676247,35,22.07881127
Kolhapur,100,60,65,7.5,1545.949337,25,8.799425029
Kolhapur,105,60,65,7.5,1253.438912,25,28.41326728
Kolhapur,110,60,65,7.5,1781.205734,25,25.64094013
Kolhapur,115,60,65,7.5,715.147737,25,24.21986597
Kolhapur,120,60,65,7.5,1085.160926,25,20.08267787
Kolhapur,125,60,65,7.5,357.4639151,25,57.90081337
Kolhapur,130,60,65,7.5,1460.037643,25,33.48224411
Kolhapur,135,60,65,7.5,997.2047209,25,82.21415649
Kolhapur,140,60,65,7.5,1154.657854,25,19.21079437
Kolhapur,145,60,65,7.5,431.1103937,25,46.99808002
Kolhapur,150,60,65,7.5,1995.233287,25,2.352125806
Kolhapur,100,40,70,6,1589.456048,30,48.68654992
Kolhapur,105,40,70,6,921.1335919,30,6.527983867
Kolhapur,110,40,70,6,1225.927491,30,97.79462768
Kolhapur,115,40,70,6,1313.690849,30,79.26862074
Kolhapur,120,40,70,6,1929.378855,30,49.52103619
Kolhapur,125,40,70,6,1583.099498,30,9.57214846
Kolhapur,130,40,70,6,829.4002744,30,59.65209864
Kolhapur,135,40,70,6,1959.870275,30,76.11761132
Kolhapur,140,40,70,6,743.2333541,30,19.88100805
Kolhapur,145,40,70,6,1238.502917,30,57.25262574
Kolhapur,150,40,70,6,1461.201821,30,81.60687894
Kolhapur,100,45,75,6.5,688.0264263,35,77.05652999
Kolhapur,105,45,75,6.5,1921.44997,35,80.49620977
Kolhapur,110,45,75,6.5,588.9978241,35,88.05301906
Kolhapur,115,45,75,6.5,995.191803,35,93.83052811
Kolhapur,120,45,75,6.5,523.771943,35,41.14659437
Kolhapur,125,45,75,6.5,1774.97757,35,57.30814115
Kolhapur,130,45,75,6.5,598.8821961,35,79.27529308
Kolhapur,135,45,75,6.5,262.5345798,35,70.01684158
Kolhapur,140,45,75,6.5,270.0927246,35,99.5565026
Kolhapur,145,45,75,6.5,944.7560757,35,2.354087459
Kolhapur,150,45,75,6.5,1140.999696,35,36.15818832
Kolhapur,100,50,50,7,274.9495371,25,28.8217647
Kolhapur,105,50,50,7,367.1576236,25,26.96926917
Kolhapur,110,50,50,7,375.4333181,25,23.03044847
Kolhapur,115,50,50,7,1403.302313,25,71.20326024
Kolhapur,120,50,50,7,739.6670369,25,9.391187854
Kolhapur,125,50,50,7,1212.630776,25,74.41927456
Kolhapur,130,50,50,7,332.6527479,25,69.64915836
Kolhapur,135,50,50,7,1805.808009,25,25.82960912
Kolhapur,140,50,50,7,747.9798832,25,26.03054453
Kolhapur,145,50,50,7,1600.761302,25,63.25719795
Kolhapur,150,50,50,7,1688.065528,25,76.45493944
Kolhapur,100,55,55,7.5,1978.235547,30,87.7720757
Kolhapur,105,55,55,7.5,1533.870027,30,85.36181682
Kolhapur,110,55,55,7.5,997.0499866,30,96.52341642
Kolhapur,115,55,55,7.5,474.7300695,30,58.55710464
Kolhapur,120,55,55,7.5,286.170012,30,90.95690057
Kolhapur,125,55,55,7.5,1795.267671,30,81.04281405
Kolhapur,130,55,55,7.5,1003.994105,30,89.57209481
Kolhapur,135,55,55,7.5,1549.934624,30,2.151033527
Kolhapur,140,55,55,7.5,1093.394865,30,96.62439619
Kolhapur,145,55,55,7.5,1783.396059,30,47.87948612
Kolhapur,150,55,55,7.5,1549.397616,30,80.02011597
Kolhapur,100,60,60,6,353.8239668,35,13.59320781
Kolhapur,105,60,60,6,1553.86443,35,40.19816849
Kolhapur,110,60,60,6,680.2654677,35,27.87460564
Kolhapur,115,60,60,6,1591.501181,35,29.87421828
Kolhapur,120,60,60,6,1907.327002,35,13.20230638
Kolhapur,125,60,60,6,1874.237976,35,80.77061942
Kolhapur,130,60,60,6,425.0004184,35,1.914989144
Kolhapur,135,60,60,6,298.4100306,35,31.93804024
Kolhapur,140,60,60,6,1598.566952,35,18.26664378
Kolhapur,145,60,60,6,1477.931082,35,59.31485512
Kolhapur,150,60,60,6,517.1104586,35,26.17098786
Kolhapur,100,40,65,6.5,1432.2212,25,26.640847
Kolhapur,105,40,65,6.5,227.8781586,25,49.34547626
Kolhapur,110,40,65,6.5,1336.091753,25,65.61621489
Kolhapur,115,40,65,6.5,1698.150001,25,13.00916575
Kolhapur,120,40,65,6.5,1355.310202,25,18.37563379
Kolhapur,125,40,65,6.5,317.7135573,25,25.47029971
Kolhapur,130,40,65,6.5,1983.750267,25,97.4010732
Kolhapur,135,40,65,6.5,840.9646624,25,40.31809749
Kolhapur,140,40,65,6.5,884.8607448,25,60.30001897
Kolhapur,145,40,65,6.5,352.5524072,25,24.91273846
Kolhapur,150,40,65,6.5,500.811827,25,49.55549299
Kolhapur,100,45,70,7,688.1164283,30,8.337798264
Kolhapur,105,45,70,7,1638.564265,30,4.439472446
Kolhapur,110,45,70,7,1445.147854,30,47.40461916
Kolhapur,115,45,70,7,1250.567894,30,40.46726946
Kolhapur,120,45,70,7,1755.007786,30,14.55115165
Kolhapur,125,45,70,7,1996.049342,30,69.07254146
Kolhapur,130,45,70,7,892.5940248,30,99.2974456
Kolhapur,135,45,70,7,904.2021704,30,40.1690353
Kolhapur,140,45,70,7,1524.960876,30,62.83130496
Kolhapur,145,45,70,7,1359.82789,30,96.33461829
Kolhapur,150,45,70,7,224.1082062,30,83.32196227
Kolhapur,100,50,75,7.5,1379.769149,35,46.89167011
Kolhapur,105,50,75,7.5,1495.295102,35,74.01145896
Kolhapur,110,50,75,7.5,1974.685866,35,13.68536898
Kolhapur,115,50,75,7.5,1256.187805,35,51.69828169
Kolhapur,120,50,75,7.5,1431.95206,35,28.62696744
Kolhapur,125,50,75,7.5,1619.745869,35,16.9552051
Kolhapur,130,50,75,7.5,372.727317,35,43.20180972
Kolhapur,135,50,75,7.5,1522.373917,35,13.97044089
Kolhapur,140,50,75,7.5,1184.358285,35,70.19952571
Kolhapur,145,50,75,7.5,380.1360493,35,46.16776436
Kolhapur,150,50,75,7.5,1405.785518,35,53.58331862
Kolhapur,100,55,50,6,622.1076944,25,15.49121793
Kolhapur,105,55,50,6,1168.216136,25,14.83739445
Kolhapur,110,55,50,6,705.7283775,25,58.75812809
Kolhapur,115,55,50,6,388.1654785,25,98.51596504
Kolhapur,120,55,50,6,651.5559511,25,10.52880774
Kolhapur,125,55,50,6,989.8519198,25,29.28741143
Kolhapur,130,55,50,6,1089.431946,25,87.07645254
Kolhapur,135,55,50,6,467.2656547,25,8.154929213
Kolhapur,140,55,50,6,777.7615238,25,87.71268642
Kolhapur,145,55,50,6,1746.903158,25,52.90431235
Kolhapur,150,55,50,6,1838.687837,25,41.41841062
Kolhapur,100,60,55,6.5,1163.327756,30,31.65837587
Kolhapur,105,60,55,6.5,1082.650895,30,30.41459865
Kolhapur,110,60,55,6.5,1246.536424,30,31.27445566
Kolhapur,115,60,55,6.5,586.2250206,30,88.59550502
Kolhapur,120,60,55,6.5,1988.428068,30,72.65572779
Kolhapur,125,60,55,6.5,1541.490898,30,67.30257778
Kolhapur,130,60,55,6.5,629.742583,30,80.07616575
Kolhapur,135,60,55,6.5,689.8635331,30,26.45435164
Kolhapur,140,60,55,6.5,1367.142298,30,62.1862384
Kolhapur,145,60,55,6.5,781.1237525,30,46.54655766
Kolhapur,150,60,55,6.5,839.5701896,30,78.46172188
Kolhapur,100,40,60,7,1605.696806,35,31.61635494
Kolhapur,105,40,60,7,680.4686894,35,64.67468307
Kolhapur,110,40,60,7,1469.434154,35,88.33902877
Kolhapur,115,40,60,7,1882.792754,35,40.81289714
Kolhapur,120,40,60,7,423.4432826,35,7.595586649
Kolhapur,125,40,60,7,459.7115504,35,52.08903141
Kolhapur,130,40,60,7,1897.171581,35,35.25127629
Kolhapur,135,40,60,7,566.334663,35,67.55031267
Kolhapur,140,40,60,7,237.6214969,35,95.15225955
Kolhapur,145,40,60,7,1763.314249,35,49.07522348
Kolhapur,150,40,60,7,708.1451966,35,47.15283279
Kolhapur,100,45,65,7.5,737.0370831,25,65.80389522
Kolhapur,105,45,65,7.5,608.4580631,25,11.24625286
Kolhapur,110,45,65,7.5,1851.800417,25,26.0971127
Kolhapur,115,45,65,7.5,1593.953565,25,91.97895322
Kolhapur,120,45,65,7.5,1274.226421,25,67.32431872
Kolhapur,125,45,65,7.5,1015.864968,25,2.330960354
Kolhapur,130,45,65,7.5,458.3542138,25,21.25792178
Kolhapur,135,45,65,7.5,1866.776187,25,68.60088934
Kolhapur,140,45,65,7.5,1549.394475,25,76.67552105
Kolhapur,145,45,65,7.5,701.9903683,25,84.14609769
Kolhapur,150,45,65,7.5,1905.492918,25,29.92550353
Kolhapur,100,50,70,6,1883.343694,30,93.17183103
Kolhapur,105,50,70,6,1387.133889,30,55.74174246
Kolhapur,110,50,70,6,1973.006403,30,69.95736322
Kolhapur,115,50,70,6,537.0468419,30,60.07714742
Kolhapur,120,50,70,6,1516.502647,30,13.15126541
Kolhapur,125,50,70,6,473.9170045,30,96.34835128
Kolhapur,130,50,70,6,1445.044174,30,13.16468241
Kolhapur,135,50,70,6,1855.733275,30,26.23331368
Kolhapur,140,50,70,6,1164.975611,30,81.54916014
Kolhapur,145,50,70,6,1573.519948,30,62.24109919
Kolhapur,150,50,70,6,457.6191115,30,83.97676737
Kolhapur,100,55,75,6.5,1339.750227,35,52.05788265
Kolhapur,105,55,75,6.5,313.745413,35,38.3223303
Kolhapur,110,55,75,6.5,266.4161771,35,92.26270446
Kolhapur,115,55,75,6.5,1341.312649,35,4.588979434
Kolhapur,120,55,75,6.5,1231.055444,35,85.75689181
Kolhapur,125,55,75,6.5,792.6520553,35,23.85096073
Kolhapur,130,55,75,6.5,1123.273298,35,85.02489645
Kolhapur,135,55,75,6.5,1431.81227,35,14.78046473
Kolhapur,140,55,75,6.5,1360.510072,35,58.44167741
Kolhapur,145,55,75,6.5,332.5385206,35,88.92268398
Kolhapur,150,55,75,6.5,1420.614779,35,47.88042504
Kolhapur,100,60,50,7,1387.159543,25,74.91010071
Kolhapur,105,60,50,7,1405.305185,25,80.66249017
Kolhapur,110,60,50,7,1725.23587,25,73.91292666
Kolhapur,115,60,50,7,1238.064757,25,92.60764395
Kolhapur,120,60,50,7,1888.221545,25,45.23658882
Kolhapur,125,60,50,7,1964.016703,25,18.13941848
Kolhapur,130,60,50,7,1553.318897,25,5.733295307
Kolhapur,135,60,50,7,845.6271569,25,25.39952709
Kolhapur,140,60,50,7,457.5771481,25,15.17655288
Kolhapur,145,60,50,7,1676.251854,25,56.2369254
Kolhapur,150,60,50,7,463.9382047,25,19.30958838
Kolhapur,100,40,55,7.5,463.1049596,30,4.854437022
Kolhapur,105,40,55,7.5,1854.276601,30,4.562993058
Kolhapur,110,40,55,7.5,1207.770814,30,83.32538034
Kolhapur,115,40,55,7.5,727.9993519,30,59.55354321
Kolhapur,120,40,55,7.5,1933.370994,30,36.45044489
Kolhapur,125,40,55,7.5,1473.195233,30,89.52857623
Kolhapur,130,40,55,7.5,1162.720117,30,7.949464529
Kolhapur,135,40,55,7.5,793.0644586,30,98.0518852
Kolhapur,140,40,55,7.5,1417.909757,30,62.01288724
Kolhapur,145,40,55,7.5,1515.611302,30,19.16296114
Kolhapur,150,40,55,7.5,1481.798325,30,68.2278408
Kolhapur,100,45,60,6,551.6077679,35,76.57474472
Kolhapur,105,45,60,6,1455.039627,35,43.50493555
Kolhapur,110,45,60,6,1246.604376,35,86.30162802
Kolhapur,115,45,60,6,1730.137235,35,15.92250832
Kolhapur,120,45,60,6,1324.583842,35,28.60492077
Kolhapur,125,45,60,6,463.298027,35,10.2557438
Kolhapur,130,45,60,6,773.358889,35,21.87690622
Kolhapur,135,45,60,6,1538.871797,35,24.63415238
Kolhapur,140,45,60,6,1531.931207,35,91.8456859
Kolhapur,145,45,60,6,600.886621,35,8.732859186
Kolhapur,150,45,60,6,838.2679705,35,43.3140969
Kolhapur,100,50,65,6.5,227.5753548,25,53.70747004
Kolhapur,105,50,65,6.5,797.0681867,25,89.97061233
Kolhapur,110,50,65,6.5,247.4102315,25,99.77192565
Kolhapur,115,50,65,6.5,1771.167274,25,75.58542338
Kolhapur,120,50,65,6.5,1399.96504,25,97.10830807
Kolhapur,125,50,65,6.5,1944.465987,25,78.92301212
Kolhapur,130,50,65,6.5,1805.463633,25,96.35706146
Kolhapur,135,50,65,6.5,1286.255507,25,71.01980187
Kolhapur,140,50,65,6.5,1105.271594,25,8.89657912
Kolhapur,145,50,65,6.5,1790.704083,25,40.79009851
Kolhapur,150,50,65,6.5,737.1471568,25,65.0131311
Kolhapur,100,55,70,7,602.3328335,30,35.72113244
Kolhapur,105,55,70,7,938.0380127,30,28.06500789
Kolhapur,110,55,70,7,295.7561217,30,58.16252745
Kolhapur,115,55,70,7,743.5492848,30,93.41668579
Kolhapur,120,55,70,7,350.624588,30,4.463205478
Kolhapur,125,55,70,7,294.7896867,30,77.15388915
Kolhapur,130,55,70,7,1192.411668,30,72.55000053
Kolhapur,135,55,70,7,1474.697385,30,96.43138911
Kolhapur,140,55,70,7,1166.014137,30,93.14041101
Kolhapur,145,55,70,7,327.0392778,30,76.46102364
Kolhapur,150,55,70,7,910.9448314,30,52.5204677
Kolhapur,100,60,75,7.5,399.7125837,35,21.22248777
Kolhapur,105,60,75,7.5,1370.114561,35,54.97833611
Kolhapur,110,60,75,7.5,1687.531644,35,76.7698474
Kolhapur,115,60,75,7.5,410.0703007,35,89.67125205
Kolhapur,120,60,75,7.5,320.3349779,35,79.18148891
Kolhapur,125,60,75,7.5,930.7134948,35,20.33142658
Kolhapur,130,60,75,7.5,746.2526177,35,60.36894511
Kolhapur,135,60,75,7.5,669.2417314,35,33.88517249
Kolhapur,140,60,75,7.5,580.5130447,35,1.911361072
Kolhapur,145,60,75,7.5,770.46503,35,20.82187264
Kolhapur,150,60,75,7.5,1937.673985,35,12.20884434
Kolhapur,100,60,40,6,1743.8077,25,84.42919323
Kolhapur,105,60,40,6,1282.442761,25,26.59211896
Kolhapur,110,60,40,6,1640.854209,25,29.18509892
Kolhapur,115,60,40,6,226.523968,25,96.03372061
Kolhapur,120,60,40,6,400.6195737,25,38.52958558
Kolhapur,100,65,45,6.5,726.4307829,30,1.948978374
Kolhapur,105,65,45,6.5,1359.0182,30,29.10076869
Kolhapur,110,65,45,6.5,1790.145178,30,12.81065848
Kolhapur,115,65,45,6.5,616.0522853,30,11.17804761
Kolhapur,120,65,45,6.5,450.5644219,30,8.671241723
Kolhapur,100,70,50,7,1726.254836,35,59.73268755
Kolhapur,105,70,50,7,936.4441596,35,19.74542464
Kolhapur,110,70,50,7,1459.115192,35,36.76303661
Kolhapur,115,70,50,7,1186.451693,35,86.3397539
Kolhapur,120,70,50,7,516.6405251,35,43.00947584
Kolhapur,100,75,55,7.5,1461.035572,25,91.65344366
Kolhapur,105,75,55,7.5,957.4007351,25,50.29586729
Kolhapur,110,75,55,7.5,717.9473687,25,40.48482487
Kolhapur,115,75,55,7.5,1824.856913,25,75.28850378
Kolhapur,120,75,55,7.5,210.7744801,25,8.244334778
Kolhapur,100,80,60,6,928.7655176,30,9.858359915
Kolhapur,105,80,60,6,740.9215898,30,65.54539768
Kolhapur,110,80,60,6,298.0630836,30,49.20713061
Kolhapur,115,80,60,6,344.7618854,30,79.25110978
Kolhapur,120,80,60,6,510.116409,30,91.7108129
Kolhapur,100,60,65,6.5,1108.999508,35,39.44832089
Kolhapur,105,60,65,6.5,708.7583961,35,60.04459263
Kolhapur,110,60,65,6.5,1708.146222,35,50.56896615
Kolhapur,115,60,65,6.5,631.9566211,35,98.17945491
Kolhapur,120,60,65,6.5,1496.398157,35,83.27735633
Kolhapur,100,65,40,7,578.6780178,25,91.26203312
Kolhapur,105,65,40,7,276.594613,25,26.17966867
Kolhapur,110,65,40,7,676.3191055,25,77.48011589
Kolhapur,115,65,40,7,1707.623346,25,27.28184927
Kolhapur,120,65,40,7,348.0520579,25,21.66551081
Kolhapur,100,70,45,7.5,820.0921931,30,94.48234981
Kolhapur,105,70,45,7.5,214.4302668,30,2.911137255
Kolhapur,110,70,45,7.5,1334.440226,30,96.57348166
Kolhapur,115,70,45,7.5,1896.967613,30,15.7769278
Kolhapur,120,70,45,7.5,891.8591174,30,82.1243701
Kolhapur,100,75,50,6,1238.452279,35,28.31633275
Kolhapur,105,75,50,6,1014.112112,35,35.71953042
Kolhapur,110,75,50,6,1951.995332,35,22.45901342
Kolhapur,115,75,50,6,1524.797591,35,58.96589021
Kolhapur,120,75,50,6,279.601403,35,35.4614592
Kolhapur,100,80,55,6.5,395.7043989,25,66.08191091
Kolhapur,105,80,55,6.5,1046.865498,25,2.549084476
Kolhapur,110,80,55,6.5,1337.142673,25,7.373113468
Kolhapur,115,80,55,6.5,722.7125999,25,10.86645412
Kolhapur,120,80,55,6.5,1414.360477,25,42.48037485
Kolhapur,100,60,60,7,1237.745713,30,81.66482109
Kolhapur,105,60,60,7,983.1666403,30,88.92961313
Kolhapur,110,60,60,7,1248.134646,30,25.23626327
Kolhapur,115,60,60,7,1849.634353,30,57.8626027
Kolhapur,120,60,60,7,637.7674497,30,77.06813428
Kolhapur,100,65,65,7.5,1624.181481,35,29.59411356
Kolhapur,105,65,65,7.5,221.5228813,35,41.49176594
Kolhapur,110,65,65,7.5,352.6369864,35,52.87344607
Kolhapur,115,65,65,7.5,1909.43395,35,14.35260979
Kolhapur,120,65,65,7.5,1455.911597,35,3.572247079
Kolhapur,100,70,40,6,1339.970976,25,16.12777512
Kolhapur,105,70,40,6,801.299482,25,63.0585085
Kolhapur,110,70,40,6,531.8069239,25,8.288207892
Kolhapur,115,70,40,6,883.8489305,25,19.77994012
Kolhapur,120,70,40,6,1277.102347,25,34.44753468
Kolhapur,100,75,45,6.5,1341.887332,30,8.709136366
Kolhapur,105,75,45,6.5,505.1911968,30,19.97822785
Kolhapur,110,75,45,6.5,1001.903456,30,91.21570911
Kolhapur,115,75,45,6.5,1220.165245,30,2.91061409
Kolhapur,120,75,45,6.5,1927.929457,30,65.68976049
Kolhapur,100,80,50,7,1188.961588,35,39.05648416
Kolhapur,105,80,50,7,1245.078938,35,67.5922252
Kolhapur,110,80,50,7,1577.339633,35,59.28048032
Kolhapur,115,80,50,7,954.0415024,35,23.12637668
Kolhapur,120,80,50,7,890.962114,35,84.87373927
Kolhapur,100,60,55,7.5,1263.636575,25,49.70209788
Kolhapur,105,60,55,7.5,1609.954059,25,82.43106587
Kolhapur,110,60,55,7.5,1347.647089,25,41.19524108
Kolhapur,115,60,55,7.5,535.0360692,25,98.48386984
Kolhapur,120,60,55,7.5,915.8605053,25,77.27844649
Kolhapur,100,65,60,6,1122.674237,30,96.62907031
Kolhapur,105,65,60,6,1142.739892,30,51.91832141
Kolhapur,110,65,60,6,811.2712501,30,47.8954221
Kolhapur,115,65,60,6,1140.346356,30,75.78992712
Kolhapur,120,65,60,6,1411.355706,30,88.14883504
Kolhapur,100,70,65,6.5,1042.350884,35,96.45043379
Kolhapur,105,70,65,6.5,1012.425255,35,33.1306387
Kolhapur,110,70,65,6.5,1642.849084,35,80.07175281
Kolhapur,115,70,65,6.5,1562.308451,35,21.85391417
Kolhapur,120,70,65,6.5,960.3289157,35,55.01186033
Kolhapur,100,75,40,7,1992.824016,25,18.80496669
Kolhapur,105,75,40,7,319.6477773,25,35.39233881
Kolhapur,110,75,40,7,786.7923264,25,93.20447835
Kolhapur,115,75,40,7,266.294908,25,15.46297928
Kolhapur,120,75,40,7,1711.044888,25,63.60768862
Kolhapur,100,80,45,7.5,1560.134407,30,59.70247302
Kolhapur,105,80,45,7.5,1430.617884,30,12.95309692
Kolhapur,110,80,45,7.5,586.0500018,30,33.27192533
Kolhapur,115,80,45,7.5,1473.893927,30,56.73516895
Kolhapur,120,80,45,7.5,839.5611634,30,19.53068229
Kolhapur,100,60,50,6,1763.425103,35,80.26174198
Kolhapur,105,60,50,6,559.1029608,35,97.24349444
Kolhapur,110,60,50,6,592.1133717,35,22.2611806
Kolhapur,115,60,50,6,1929.055323,35,19.50428451
Kolhapur,120,60,50,6,1130.636266,35,46.03857211
Kolhapur,100,65,55,6.5,1003.494332,25,75.02876244
Kolhapur,105,65,55,6.5,833.147667,25,28.87846041
Kolhapur,110,65,55,6.5,1696.182537,25,2.968110961
Kolhapur,115,65,55,6.5,834.8735857,25,54.58084218
Kolhapur,120,65,55,6.5,841.0825471,25,95.70345621
Kolhapur,100,70,60,7,422.0014713,30,39.73640869
Kolhapur,105,70,60,7,1137.307492,30,42.59332086
Kolhapur,110,70,60,7,1862.749984,30,96.92126999
Kolhapur,115,70,60,7,1923.570613,30,69.76615355
Kolhapur,120,70,60,7,1991.927976,30,72.19802036
Kolhapur,100,75,65,7.5,1051.52697,35,56.70749853
Kolhapur,105,75,65,7.5,1594.90655,35,97.48631188
Kolhapur,110,75,65,7.5,1194.562518,35,69.19778196
Kolhapur,115,75,65,7.5,1186.323943,35,89.60824241
Kolhapur,120,75,65,7.5,1651.233639,35,70.23850771
Kolhapur,100,80,40,6,1703.644362,25,73.77646666
Kolhapur,105,80,40,6,235.6278579,25,29.75068129
Kolhapur,110,80,40,6,1897.021738,25,31.0443911
Kolhapur,115,80,40,6,1681.370357,25,78.51548031
Kolhapur,120,80,40,6,1497.995776,25,30.37392263
Kolhapur,100,60,45,6.5,1733.658271,30,56.71423701
Kolhapur,105,60,45,6.5,1167.073864,30,25.68587878
Kolhapur,110,60,45,6.5,1591.874338,30,81.8813547
Kolhapur,115,60,45,6.5,1277.568208,30,11.93963377
Kolhapur,120,60,45,6.5,1177.275303,30,83.11521734
Kolhapur,100,65,50,7,580.8939002,35,60.67025025
Kolhapur,105,65,50,7,1725.347053,35,19.50404395
Kolhapur,110,65,50,7,1790.96783,35,54.66150317
Kolhapur,115,65,50,7,1948.146724,35,28.96738485
Kolhapur,120,65,50,7,416.7895987,35,33.02326614
Kolhapur,100,70,55,7.5,724.83355,25,35.80127612
Kolhapur,105,70,55,7.5,1433.730223,25,7.26860545
Kolhapur,110,70,55,7.5,1739.412829,25,98.61020676
Kolhapur,115,70,55,7.5,1552.347516,25,4.121928185
Kolhapur,120,70,55,7.5,1020.065779,25,66.58719045
Kolhapur,100,75,60,6,1506.759318,30,37.75153713
Kolhapur,105,75,60,6,329.8248317,30,64.9550188
Kolhapur,110,75,60,6,1392.569205,30,36.26857706
Kolhapur,115,75,60,6,214.4231504,30,67.70131398
Kolhapur,120,75,60,6,285.5877873,30,73.19431544
Kolhapur,100,80,65,6.5,1563.132005,35,69.3647114
Kolhapur,105,80,65,6.5,1059.728682,35,12.28223615
Kolhapur,110,80,65,6.5,307.1917714,35,66.03243023
Kolhapur,115,80,65,6.5,1067.35015,35,28.7187674
Kolhapur,120,80,65,6.5,312.9577948,35,3.851335686
Kolhapur,20,15,20,5.5,822.8580378,25,42.06823652
Kolhapur,25,15,20,5.5,483.27069,25,43.92076718
Kolhapur,30,15,20,5.5,594.8704377,25,47.2502392
Kolhapur,20,20,25,6,552.0900875,30,70.77759237
Kolhapur,25,20,25,6,869.1822649,30,31.57553711
Kolhapur,30,20,25,6,394.2349701,30,32.2127708
Kolhapur,20,15,25,6.5,1149.92561,25,6.994673368
Kolhapur,25,15,25,6.5,932.7818248,25,68.99530038
Kolhapur,30,15,25,6.5,1711.757078,25,57.21478305
Kolhapur,20,20,20,5.5,1686.665166,30,35.59308616
Kolhapur,25,20,20,5.5,1683.700008,30,70.81370891
Kolhapur,30,20,20,5.5,1045.350697,30,54.19841717
Kolhapur,25,20,30,6,723.4194958,25,47.45524964
Kolhapur,30,20,30,6,947.7222934,25,51.62112982
Kolhapur,35,20,30,6,1437.26913,25,63.9984644
Kolhapur,25,25,35,6.5,1153.615442,30,66.34025785
Kolhapur,30,25,35,6.5,1323.747389,30,29.60682409
Kolhapur,35,25,35,6.5,1448.69193,30,14.93359298
Kolhapur,25,30,40,5.5,1853.053931,25,16.50678394
Kolhapur,30,30,40,5.5,1899.156499,25,64.2996977
Kolhapur,35,30,40,5.5,1712.845997,25,87.41445529
Kolhapur,25,20,35,6,317.1106937,30,41.54013156
Kolhapur,30,20,35,6,1962.803008,30,17.78249587
Kolhapur,35,20,35,6,1466.535307,30,75.90364733
Kolhapur,25,25,40,6.5,1448.105868,25,83.41645797
Kolhapur,30,25,40,6.5,241.590768,25,88.17766187
Kolhapur,35,25,40,6.5,1062.919858,25,61.07631146
Kolhapur,25,30,30,5.5,1327.699441,30,86.21212738
Kolhapur,30,30,30,5.5,701.3169269,30,2.526080886
Kolhapur,35,30,30,5.5,349.832059,30,11.61634438
Kolhapur,25,20,40,6,1158.40075,25,10.16503064
Kolhapur,30,20,40,6,1003.330205,25,71.54786374
Kolhapur,35,20,40,6,279.3445834,25,7.888596571
Kolhapur,25,25,30,6.5,1134.952574,30,50.14007287
Kolhapur,30,25,30,6.5,393.8903062,30,47.79798296
Kolhapur,35,25,30,6.5,964.1913959,30,31.75964883
Kolhapur,25,30,35,5.5,686.7432384,25,87.17011182
Kolhapur,30,30,35,5.5,1946.84746,25,17.87288699
Kolhapur,35,30,35,5.5,262.5198264,25,35.89381566
Kolhapur,100,60,40,6,1208.041825,15,77.6429785
Kolhapur,105,60,40,6,473.4565798,15,4.011809125
Kolhapur,110,60,40,6,774.7294008,15,67.62208962
Kolhapur,115,60,40,6,531.0217488,15,81.82337491
Kolhapur,120,60,40,6,1991.264383,15,93.29451604
Kolhapur,100,65,45,6.5,258.2517208,20,87.75336741
Kolhapur,105,65,45,6.5,1174.441626,20,32.61902757
Kolhapur,110,65,45,6.5,1294.476886,20,59.05004999
Kolhapur,115,65,45,6.5,1589.902212,20,8.652055822
Kolhapur,120,65,45,6.5,1326.770329,20,26.52913035
Kolhapur,100,70,50,7,616.4244322,25,10.3280155
Kolhapur,105,70,50,7,1276.469989,25,32.20354173
Kolhapur,110,70,50,7,1954.940378,25,87.64353413
Kolhapur,115,70,50,7,1727.213183,25,35.36951713
Kolhapur,120,70,50,7,1016.294805,25,56.6279122
Kolhapur,100,75,55,7.5,1059.334792,15,43.90470396
Kolhapur,105,75,55,7.5,439.2351157,15,46.43273591
Kolhapur,110,75,55,7.5,1225.865221,15,96.98763313
Kolhapur,115,75,55,7.5,704.4381074,15,30.31929236
Kolhapur,120,75,55,7.5,394.6056598,15,63.10512248
Kolhapur,100,80,60,6,1053.57693,20,42.58620429
Kolhapur,105,80,60,6,281.1283112,20,7.053471924
Kolhapur,110,80,60,6,416.2371382,20,49.44375233
Kolhapur,115,80,60,6,594.2791746,20,81.52098958
Kolhapur,120,80,60,6,1983.14231,20,10.7765439
Kolhapur,100,60,45,6.5,1655.26688,25,7.889592892
Kolhapur,105,60,45,6.5,1175.165005,25,16.20952052
Kolhapur,110,60,45,6.5,618.6176916,25,76.67561103
Kolhapur,115,60,45,6.5,1134.0558,25,72.67554303
Kolhapur,120,60,45,6.5,1368.194755,25,56.93675912
Kolhapur,100,65,50,7,208.2150506,15,47.35441401
Kolhapur,105,65,50,7,1978.208487,15,88.94425566
Kolhapur,110,65,50,7,1328.205801,15,76.90308456
Kolhapur,115,65,50,7,1978.843654,15,81.38228288
Kolhapur,120,65,50,7,1044.318428,15,81.51296783
Kolhapur,100,70,55,7.5,1322.313231,20,64.62899832
Kolhapur,105,70,55,7.5,1030.629336,20,46.34344781
Kolhapur,110,70,55,7.5,217.070557,20,86.60309751
Kolhapur,115,70,55,7.5,1729.805089,20,92.67473434
Kolhapur,120,70,55,7.5,1008.202899,20,3.356798283
Kolhapur,100,75,60,6,1047.685145,25,6.103932453
Kolhapur,105,75,60,6,847.9354508,25,95.91558639
Kolhapur,110,75,60,6,978.7816416,25,28.43890077
Kolhapur,115,75,60,6,1505.99129,25,87.46357453
Kolhapur,120,75,60,6,1461.124066,25,39.49071678
Kolhapur,100,80,40,6.5,1655.08212,15,12.7909057
Kolhapur,105,80,40,6.5,1954.400725,15,8.963876821
Kolhapur,110,80,40,6.5,904.0974185,15,16.49428201
Kolhapur,115,80,40,6.5,810.1271322,15,25.73942629
Kolhapur,120,80,40,6.5,1088.345117,15,49.36331704
Kolhapur,100,60,50,7,477.9012125,20,70.44829216
Kolhapur,105,60,50,7,1564.453302,20,98.65345907
Kolhapur,110,60,50,7,1246.048265,20,44.70916759
Kolhapur,115,60,50,7,580.4133074,20,52.30030929
Kolhapur,120,60,50,7,1755.263094,20,52.65975444
Kolhapur,100,65,55,7.5,1314.312531,25,54.40400119
Kolhapur,105,65,55,7.5,261.2707766,25,52.25632505
Kolhapur,110,65,55,7.5,553.7303997,25,1.868700751
Kolhapur,115,65,55,7.5,1803.968277,25,1.170757389
Kolhapur,120,65,55,7.5,885.8820015,25,10.66896549
Kolhapur,100,70,60,6,1971.832854,15,11.05410374
Kolhapur,105,70,60,6,1153.554117,15,70.78479399
Kolhapur,110,70,60,6,574.2472645,15,21.28668722
Kolhapur,115,70,60,6,1269.010208,15,89.57669637
Kolhapur,120,70,60,6,384.2316893,15,92.93202663
Kolhapur,100,75,40,6.5,1653.526492,20,97.61344045
Kolhapur,105,75,40,6.5,1330.112376,20,93.96904918
Kolhapur,110,75,40,6.5,1935.103916,20,27.91694387
Kolhapur,115,75,40,6.5,1442.194023,20,51.46790763
Kolhapur,120,75,40,6.5,288.4706402,20,18.37004205
Kolhapur,100,80,45,7,1057.570833,25,80.81475586
Kolhapur,105,80,45,7,1156.358436,25,88.95473881
Kolhapur,110,80,45,7,1850.196738,25,85.27759509
Kolhapur,115,80,45,7,978.4402248,25,43.90332792
Kolhapur,120,80,45,7,1268.324431,25,76.10871458
Kolhapur,100,60,55,7.5,534.7209884,15,10.66033779
Kolhapur,105,60,55,7.5,640.3270534,15,4.984232291
Kolhapur,110,60,55,7.5,1187.456176,15,75.57040502
Kolhapur,115,60,55,7.5,1454.572215,15,43.11017216
Kolhapur,120,60,55,7.5,983.8292617,15,99.55937721
Kolhapur,100,65,60,6,978.8034165,20,10.62816737
Kolhapur,105,65,60,6,660.7897167,20,85.70714047
Kolhapur,110,65,60,6,1456.635378,20,48.51832349
Kolhapur,115,65,60,6,209.8511763,20,82.88786935
Kolhapur,120,65,60,6,1122.983553,20,81.89560093
Kolhapur,100,70,40,6.5,206.4165591,25,91.68320813
Kolhapur,105,70,40,6.5,1268.242238,25,30.48715112
Kolhapur,110,70,40,6.5,255.6316849,25,95.03013599
Kolhapur,115,70,40,6.5,1892.120744,25,16.01502908
Kolhapur,120,70,40,6.5,1060.316772,25,9.114908982
Kolhapur,100,75,45,7,1431.240916,15,43.72993622
Kolhapur,105,75,45,7,1736.477254,15,83.0039739
Kolhapur,110,75,45,7,623.7598055,15,47.86869193
Kolhapur,115,75,45,7,1172.097024,15,83.09938108
Kolhapur,120,75,45,7,1754.209252,15,73.23899377
Kolhapur,100,80,50,7.5,1167.992494,20,21.73341023
Kolhapur,105,80,50,7.5,906.9904932,20,94.93928087
Kolhapur,110,80,50,7.5,863.9656537,20,7.017335694
Kolhapur,115,80,50,7.5,891.3950482,20,89.92969105
Kolhapur,120,80,50,7.5,1307.776319,20,31.13990145
Kolhapur,100,60,60,6,282.1900619,25,50.51466023
Kolhapur,105,60,60,6,947.6891742,25,42.8128354
Kolhapur,110,60,60,6,1209.060432,25,18.01162113
Kolhapur,115,60,60,6,1615.485417,25,36.45653977
Kolhapur,120,60,60,6,1153.988742,25,20.10050919
Kolhapur,100,65,40,6.5,1867.110923,15,21.18476107
Kolhapur,105,65,40,6.5,998.7913863,15,19.51862677
Kolhapur,110,65,40,6.5,1371.429472,15,49.41272065
Kolhapur,115,65,40,6.5,231.646003,15,79.99520538
Kolhapur,120,65,40,6.5,629.2065213,15,57.32803334
Kolhapur,100,70,45,7,1667.823224,20,89.42745227
Kolhapur,105,70,45,7,1255.187099,20,64.01790437
Kolhapur,110,70,45,7,1903.11151,20,69.24467145
Kolhapur,115,70,45,7,1555.177587,20,67.09311574
Kolhapur,120,70,45,7,1009.394945,20,45.49646013
Kolhapur,100,75,50,7.5,1601.680283,25,69.2445434
Kolhapur,105,75,50,7.5,1042.016207,25,7.9010669
Kolhapur,110,75,50,7.5,794.3039686,25,86.12529572
Kolhapur,115,75,50,7.5,284.7729296,25,78.0034022
Kolhapur,120,75,50,7.5,1758.122055,25,25.27776586
Kolhapur,100,80,55,6,954.0951246,15,77.03521297
Kolhapur,105,80,55,6,1433.306513,15,2.251617539
Kolhapur,110,80,55,6,475.5070735,15,22.50741068
Kolhapur,115,80,55,6,1692.132243,15,7.448586628
Kolhapur,120,80,55,6,1683.560803,15,78.24246475
Kolhapur,100,40,40,6,1067.865673,15,75.83154097
Kolhapur,105,40,40,6,1409.860475,15,81.54996636
Kolhapur,110,40,40,6,1138.616915,15,1.443687639
Kolhapur,115,40,40,6,1194.07875,15,50.62203994
Kolhapur,120,40,40,6,1799.842821,15,70.77878355
Kolhapur,100,45,45,6.5,1940.448316,20,16.38471175
Kolhapur,105,45,45,6.5,861.4980976,20,65.32928202
Kolhapur,110,45,45,6.5,797.1196272,20,9.326899832
Kolhapur,115,45,45,6.5,746.8533849,20,18.95125975
Kolhapur,120,45,45,6.5,1587.365829,20,48.10388468
Kolhapur,100,50,50,7,1501.215427,25,65.70295012
Kolhapur,105,50,50,7,278.8401369,25,15.44104357
Kolhapur,110,50,50,7,359.1936033,25,19.33710975
Kolhapur,115,50,50,7,1363.168821,25,21.24019034
Kolhapur,120,50,50,7,694.9255236,25,24.63137967
Kolhapur,100,55,55,7.5,364.8445689,15,23.428831
Kolhapur,105,55,55,7.5,944.5946812,15,40.11976174
Kolhapur,110,55,55,7.5,1779.469093,15,65.72517543
Kolhapur,115,55,55,7.5,859.3612103,15,44.36514653
Kolhapur,120,55,55,7.5,1452.13407,15,77.82141697
Kolhapur,100,60,60,6,1821.034765,20,72.20758209
Kolhapur,105,60,60,6,504.7635464,20,13.52616449
Kolhapur,110,60,60,6,1297.463117,20,5.835320709
Kolhapur,115,60,60,6,1833.786636,20,87.91621484
Kolhapur,120,60,60,6,548.1435699,20,8.90327559
Kolhapur,100,40,45,6.5,1979.682705,25,15.68557889
Kolhapur,105,40,45,6.5,857.1503537,25,3.19119428
Kolhapur,110,40,45,6.5,591.5464584,25,63.20530016
Kolhapur,115,40,45,6.5,1708.075013,25,58.65468575
Kolhapur,120,40,45,6.5,1042.236174,25,98.70346298
Kolhapur,100,45,50,7,1407.220723,15,88.80630724
Kolhapur,105,45,50,7,1081.292985,15,41.67347457
Kolhapur,110,45,50,7,1358.350036,15,37.78699825
Kolhapur,115,45,50,7,263.663867,15,30.38835139
Kolhapur,120,45,50,7,830.3244078,15,16.08828508
Kolhapur,100,50,55,7.5,1383.161347,20,14.670282
Kolhapur,105,50,55,7.5,831.4050477,20,14.09608709
Kolhapur,110,50,55,7.5,1596.358316,20,12.29736096
Kolhapur,115,50,55,7.5,1929.592116,20,24.8106922
Kolhapur,120,50,55,7.5,267.3406061,20,31.3601944
Kolhapur,100,55,60,6,1739.572679,25,96.19631813
Kolhapur,105,55,60,6,504.3152315,25,58.26885185
Kolhapur,110,55,60,6,1851.20677,25,98.77198168
Kolhapur,115,55,60,6,1904.226943,25,37.87422783
Kolhapur,120,55,60,6,1224.523288,25,46.30503663
Kolhapur,100,60,40,6.5,1062.221819,15,33.13328726
Kolhapur,105,60,40,6.5,1565.299812,15,19.10587744
Kolhapur,110,60,40,6.5,1852.438721,15,15.17330607
Kolhapur,115,60,40,6.5,618.4029297,15,94.56284058
Kolhapur,120,60,40,6.5,888.3945952,15,98.6942575
Kolhapur,100,40,50,7,951.5647908,20,5.446040154
Kolhapur,105,40,50,7,1722.478245,20,15.8842416
Kolhapur,110,40,50,7,446.4506378,20,42.92888514
Kolhapur,115,40,50,7,1321.479528,20,19.44701416
Kolhapur,120,40,50,7,831.6943464,20,37.02415897
Kolhapur,100,45,55,7.5,1793.925426,25,13.78053864
Kolhapur,105,45,55,7.5,811.6235812,25,46.19466392
Kolhapur,110,45,55,7.5,1960.303313,25,27.897767
Kolhapur,115,45,55,7.5,228.1377962,25,35.83860052
Kolhapur,120,45,55,7.5,631.1965209,25,10.33695249
Kolhapur,100,50,60,6,1023.177644,15,43.38467702
Kolhapur,105,50,60,6,661.3842494,15,98.34250349
Kolhapur,110,50,60,6,1527.30832,15,33.55447164
Kolhapur,115,50,60,6,1666.192644,15,87.76649821
Kolhapur,120,50,60,6,1455.51439,15,84.47671502
Kolhapur,100,55,40,6.5,1946.71727,20,95.25378341
Kolhapur,105,55,40,6.5,1020.868403,20,79.22084171
Kolhapur,110,55,40,6.5,1963.585632,20,66.30008588
Kolhapur,115,55,40,6.5,424.2991348,20,85.80185998
Kolhapur,120,55,40,6.5,1722.700378,20,8.488823385
Kolhapur,100,60,45,7,269.1943199,25,46.82023506
Kolhapur,105,60,45,7,1157.44982,25,98.93636762
Kolhapur,110,60,45,7,1072.048903,25,77.19041498
Kolhapur,115,60,45,7,1741.33931,25,96.24546243
Kolhapur,120,60,45,7,1461.318392,25,78.18380126
Kolhapur,100,40,55,7.5,993.9017364,15,87.61331478
Kolhapur,105,40,55,7.5,1812.208797,15,70.9464336
Kolhapur,110,40,55,7.5,1794.564915,15,76.28969844
Kolhapur,115,40,55,7.5,244.5173,15,52.79462297
Kolhapur,120,40,55,7.5,1767.833443,15,92.49953238
Kolhapur,100,45,60,6,1147.853642,20,82.67885215
Kolhapur,105,45,60,6,1710.129499,20,84.5446116
Kolhapur,110,45,60,6,526.3824729,20,67.627901
Kolhapur,115,45,60,6,471.9719349,20,31.15341476
Kolhapur,120,45,60,6,1499.965662,20,4.527349744
Kolhapur,100,50,40,6.5,695.6438513,25,93.62985781
Kolhapur,105,50,40,6.5,1205.912993,25,59.02591453
Kolhapur,110,50,40,6.5,1439.86797,25,30.51615414
Kolhapur,115,50,40,6.5,1298.733516,25,15.76437568
Kolhapur,120,50,40,6.5,1458.137852,25,83.12279338
Kolhapur,100,55,45,7,1316.643109,15,83.81549925
Kolhapur,105,55,45,7,882.4304561,15,81.63628884
Kolhapur,110,55,45,7,362.8899482,15,64.8631865
Kolhapur,115,55,45,7,1739.621266,15,37.23552337
Kolhapur,120,55,45,7,1722.814796,15,31.10295819
Kolhapur,100,60,50,7.5,210.2223126,20,1.846922242
Kolhapur,105,60,50,7.5,1713.557896,20,83.52714831
Kolhapur,110,60,50,7.5,471.7798509,20,9.655837052
Kolhapur,115,60,50,7.5,799.1526855,20,63.44474481
Kolhapur,120,60,50,7.5,944.0275551,20,50.90341974
Kolhapur,100,40,60,6,1423.335528,25,53.14224653
Kolhapur,105,40,60,6,366.3478735,25,92.74457169
Kolhapur,110,40,60,6,1687.962061,25,4.129886116
Kolhapur,115,40,60,6,1896.946015,25,77.56583024
Kolhapur,120,40,60,6,1914.852564,25,6.153187438
Kolhapur,100,45,40,6.5,365.3084027,15,4.777206988
Kolhapur,105,45,40,6.5,1854.884456,15,43.55195212
Kolhapur,110,45,40,6.5,1222.092015,15,7.24444226
Kolhapur,115,45,40,6.5,1508.471413,15,79.12525118
Kolhapur,120,45,40,6.5,1875.074072,15,53.42674627
Kolhapur,100,50,45,7,1389.791822,20,3.874839483
Kolhapur,105,50,45,7,1022.131002,20,5.009567962
Kolhapur,110,50,45,7,1145.2013,20,61.65418444
Kolhapur,115,50,45,7,1432.106262,20,80.80506995
Kolhapur,120,50,45,7,1900.458022,20,44.3421536
Kolhapur,100,55,50,7.5,1801.655657,25,55.90348648
Kolhapur,105,55,50,7.5,1238.72106,25,80.18311595
Kolhapur,110,55,50,7.5,579.8184843,25,61.44011123
Kolhapur,115,55,50,7.5,824.1124244,25,23.25126353
Kolhapur,120,55,50,7.5,851.2534969,25,61.69215056
Kolhapur,100,60,55,6,720.5132612,15,63.19966645
Kolhapur,105,60,55,6,1544.142051,15,73.67659111
Kolhapur,110,60,55,6,1704.777683,15,62.46654457
Kolhapur,115,60,55,6,775.6956095,15,96.95497092
Kolhapur,120,60,55,6,1723.026776,15,20.53154256
Kolhapur,60,40,40,6,1521.987334,15,95.15797728
Kolhapur,65,40,40,6,994.0096633,15,54.29560954
Kolhapur,70,40,40,6,1457.593454,15,67.52365791
Kolhapur,75,40,40,6,1584.80896,15,10.84669815
Kolhapur,80,40,40,6,1209.855988,15,38.6770182
Kolhapur,85,40,40,6,997.6041007,15,77.1685355
Kolhapur,90,40,40,6,383.0860045,15,70.98419049
Kolhapur,95,40,40,6,202.465408,15,4.973799428
Kolhapur,100,40,40,6,1887.052359,15,55.11283209
Kolhapur,60,45,45,6.5,681.4726024,20,9.739541104
Kolhapur,65,45,45,6.5,1393.371237,20,99.58978649
Kolhapur,70,45,45,6.5,1898.050085,20,89.83236226
Kolhapur,75,45,45,6.5,1672.924301,20,3.086985382
Kolhapur,80,45,45,6.5,420.6490476,20,86.00630831
Kolhapur,85,45,45,6.5,1643.442411,20,92.02353046
Kolhapur,90,45,45,6.5,1507.507578,20,36.00127403
Kolhapur,95,45,45,6.5,792.9147848,20,72.23066385
Kolhapur,100,45,45,6.5,1441.283237,20,44.76827087
Kolhapur,60,55,55,7,1686.597006,25,65.86801597
Kolhapur,65,55,55,7,724.559436,25,34.69142303
Kolhapur,70,55,55,7,1764.252694,25,32.93336443
Kolhapur,75,55,55,7,341.8658913,25,43.018955
Kolhapur,80,55,55,7,1149.418018,25,15.41120811
Kolhapur,85,55,55,7,619.7953816,25,83.28275748
Kolhapur,90,55,55,7,1510.41889,25,35.52109164
Kolhapur,95,55,55,7,514.7587846,25,40.61480584
Kolhapur,100,55,55,7,814.6168205,25,89.51140666
Kolhapur,60,60,60,7.5,429.2943622,15,50.16575759
Kolhapur,65,60,60,7.5,1661.44653,15,54.88113703
Kolhapur,70,60,60,7.5,438.0946112,15,95.69331435
Kolhapur,75,60,60,7.5,1501.672891,15,88.78591193
Kolhapur,80,60,60,7.5,1473.014392,15,17.77720418
Kolhapur,85,60,60,7.5,456.2630969,15,47.84828796
Kolhapur,90,60,60,7.5,1218.891937,15,97.15832652
Kolhapur,95,60,60,7.5,1094.382773,15,37.86426352
Kolhapur,100,60,60,7.5,1270.108224,15,37.78573774
Kolhapur,60,40,45,6,1887.009739,20,20.30799295
Kolhapur,65,40,45,6,344.9666404,20,12.3179883
Kolhapur,70,40,45,6,1676.906715,20,74.29017428
Kolhapur,75,40,45,6,1751.793432,20,77.2330164
Kolhapur,80,40,45,6,427.2933626,20,96.93228339
Kolhapur,85,40,45,6,1380.991049,20,77.56840288
Kolhapur,90,40,45,6,1463.821666,20,25.09189691
Kolhapur,95,40,45,6,1187.599309,20,4.971541251
Kolhapur,100,40,45,6,1105.273925,20,98.55830105
Kolhapur,60,45,50,6.5,772.073167,25,34.70461886
Kolhapur,65,45,50,6.5,1440.346855,25,31.8851827
Kolhapur,70,45,50,6.5,713.9839845,25,90.68956577
Kolhapur,75,45,50,6.5,1028.041737,25,58.92488996
Kolhapur,80,45,50,6.5,1743.264501,25,22.27224621
Kolhapur,85,45,50,6.5,361.1720236,25,89.02052803
Kolhapur,90,45,50,6.5,1151.066463,25,99.34272465
Kolhapur,95,45,50,6.5,1074.933309,25,9.581177554
Kolhapur,100,45,50,6.5,881.2665166,25,86.3629112
Kolhapur,60,55,60,7,1275.553447,15,39.66105407
Kolhapur,65,55,60,7,228.1277031,15,52.8831722
Kolhapur,70,55,60,7,1086.445235,15,91.5667816
Kolhapur,75,55,60,7,1074.242973,15,97.36454038
Kolhapur,80,55,60,7,1129.002125,15,26.95422713
Kolhapur,85,55,60,7,582.3924614,15,22.07222633
Kolhapur,90,55,60,7,573.673701,15,8.971139301
Kolhapur,95,55,60,7,1364.964605,15,56.61798741
Kolhapur,100,55,60,7,366.9095106,15,2.34683515
Kolhapur,60,40,50,7.5,750.6587406,20,41.77793146
Kolhapur,65,40,50,7.5,1695.468668,20,8.265017649
Kolhapur,70,40,50,7.5,386.7747875,20,41.11735251
Kolhapur,75,40,50,7.5,1042.518781,20,4.953286737
Kolhapur,80,40,50,7.5,1403.535346,20,83.6865088
Kolhapur,85,40,50,7.5,454.9598499,20,21.7641604
Kolhapur,90,40,50,7.5,762.4331553,20,33.50256233
Kolhapur,95,40,50,7.5,1205.761125,20,87.13475166
Kolhapur,100,40,50,7.5,789.0101388,20,74.88034007
Kolhapur,60,50,60,6,397.8880003,25,22.6847978
Kolhapur,65,50,60,6,618.3314518,25,8.118042447
Kolhapur,70,50,60,6,396.947621,25,71.85170391
Kolhapur,75,50,60,6,1970.400283,25,39.67955252
Kolhapur,80,50,60,6,624.1674869,25,76.84191991
Kolhapur,85,50,60,6,1154.997147,25,45.08418247
Kolhapur,90,50,60,6,971.3394379,25,35.25423888
Kolhapur,95,50,60,6,1225.124474,25,45.66933541
Kolhapur,100,50,60,6,1096.564002,25,75.10733958
Kolhapur,60,55,40,6.5,1508.891313,15,90.31980837
Kolhapur,65,55,40,6.5,1771.425015,15,5.926952462
Kolhapur,70,55,40,6.5,713.5388971,15,52.88704258
Kolhapur,75,55,40,6.5,530.4921779,15,4.250707479
Kolhapur,80,55,40,6.5,1971.811726,15,47.37254496
Kolhapur,85,55,40,6.5,1758.930428,15,88.64300008
Kolhapur,90,55,40,6.5,855.0529153,15,36.79743638
Kolhapur,95,55,40,6.5,1810.616252,15,93.31259169
Kolhapur,100,55,40,6.5,1406.98336,15,63.43023869
Kolhapur,60,60,45,7,987.357152,20,93.48137904
Kolhapur,65,60,45,7,1772.159514,20,75.95949592
Kolhapur,70,60,45,7,1415.508894,20,11.2400815
Kolhapur,75,60,45,7,1687.612201,20,23.88398539
Kolhapur,80,60,45,7,951.9675375,20,40.022875
Kolhapur,85,60,45,7,1637.687815,20,17.84058132
Kolhapur,90,60,45,7,860.4684905,20,49.99624887
Kolhapur,95,60,45,7,1523.142356,20,47.66544741
Kolhapur,100,60,45,7,983.9549753,20,95.6696606
Kolhapur,60,40,55,7.5,929.3502887,25,43.93906041
Kolhapur,65,40,55,7.5,1633.939308,25,78.77705362
Kolhapur,70,40,55,7.5,425.0662068,25,94.24914394
Kolhapur,75,40,55,7.5,1870.776239,25,87.82189427
Kolhapur,80,40,55,7.5,1115.625318,25,21.65809483
Kolhapur,85,40,55,7.5,1344.933918,25,50.10695953
Kolhapur,90,40,55,7.5,929.4706871,25,35.42623845
Kolhapur,95,40,55,7.5,1362.574369,25,40.58601082
Kolhapur,100,40,55,7.5,1477.73261,25,36.7198758
Kolhapur,60,45,60,6,1763.259204,15,82.80956181
Kolhapur,65,45,60,6,1737.881686,15,45.76176646
Kolhapur,70,45,60,6,844.0664601,15,52.84573889
Kolhapur,75,45,60,6,1308.535168,15,98.26228835
Kolhapur,80,45,60,6,1605.039137,15,6.937947947
Kolhapur,85,45,60,6,1576.754282,15,49.30780634
Kolhapur,90,45,60,6,1803.676608,15,77.63210899
Kolhapur,95,45,60,6,1697.498371,15,15.96503386
Kolhapur,100,45,60,6,1492.140667,15,61.54162787
Kolhapur,60,50,40,6.5,1547.939423,20,24.70701317
Kolhapur,65,50,40,6.5,1653.398762,20,86.87300721
Kolhapur,70,50,40,6.5,1708.199319,20,33.38286687
Kolhapur,75,50,40,6.5,834.8042517,20,33.57721887
Kolhapur,80,50,40,6.5,1607.259321,20,60.22119397
Kolhapur,85,50,40,6.5,1908.576175,20,19.1727279
Kolhapur,90,50,40,6.5,619.3340989,20,29.20397525
Kolhapur,95,50,40,6.5,286.8229251,20,42.24655316
Kolhapur,100,50,40,6.5,330.3133246,20,36.01014845
Kolhapur,60,55,45,7,590.0927247,25,52.96284458
Kolhapur,65,55,45,7,1855.62266,25,60.36437426
Kolhapur,70,55,45,7,428.232951,25,57.10007792
Kolhapur,75,55,45,7,1545.68548,25,65.76266289
Kolhapur,80,55,45,7,1760.678896,25,31.46720214
Kolhapur,85,55,45,7,1779.537839,25,13.51619649
Kolhapur,90,55,45,7,950.1474528,25,76.3199466
Kolhapur,95,55,45,7,1091.471123,25,85.22725788
Kolhapur,100,55,45,7,781.8479402,25,26.44361699
Kolhapur,60,60,50,7.5,465.2199018,15,41.30210366
Kolhapur,65,60,50,7.5,581.9082948,15,50.35835248
Kolhapur,70,60,50,7.5,442.6132557,15,53.79935743
Kolhapur,75,60,50,7.5,933.5400827,15,66.28952694
Kolhapur,80,60,50,7.5,506.6220501,15,5.118720102
Kolhapur,85,60,50,7.5,926.1213728,15,72.42623119
Kolhapur,90,60,50,7.5,1732.140432,15,7.135129691
Kolhapur,95,60,50,7.5,1378.128131,15,47.3605682
Kolhapur,100,60,50,7.5,1392.953204,15,82.93944242
Kolhapur,60,40,60,6,1661.358939,20,45.67031601
Kolhapur,65,40,60,6,274.1483132,20,15.75988513
Kolhapur,70,40,60,6,1630.119611,20,98.51835066
Kolhapur,75,40,60,6,553.4279159,20,89.03926075
Kolhapur,80,40,60,6,822.6684283,20,77.36004969
Kolhapur,85,40,60,6,754.4770824,20,41.73964869
Kolhapur,90,40,60,6,390.1799862,20,19.20072696
Kolhapur,95,40,60,6,512.6778577,20,94.19970696
Kolhapur,100,40,60,6,1921.424954,20,53.70276153
Kolhapur,60,45,40,6.5,1280.490062,25,85.38319058
Kolhapur,65,45,40,6.5,1053.14917,25,34.86740557
Kolhapur,70,45,40,6.5,1564.030609,25,34.19354339
Kolhapur,75,45,40,6.5,1664.730876,25,98.56850759
Kolhapur,80,45,40,6.5,398.473137,25,52.6614718
Kolhapur,85,45,40,6.5,1533.629748,25,14.92884696
Kolhapur,90,45,40,6.5,1878.313769,25,22.74779312
Kolhapur,95,45,40,6.5,1253.784947,25,48.71248366
Kolhapur,100,45,40,6.5,1305.482513,25,5.204620138
Kolhapur,60,50,45,7,1766.733122,15,46.79086455
Kolhapur,65,50,45,7,1423.068607,15,42.47514337
Kolhapur,70,50,45,7,1991.481521,15,78.15429027
Kolhapur,75,50,45,7,708.8485448,15,36.13925448
Kolhapur,80,50,45,7,1721.86504,15,98.27232739
Kolhapur,85,50,45,7,1302.336598,15,18.89622201
Kolhapur,90,50,45,7,858.3239731,15,59.50768181
Kolhapur,95,50,45,7,1789.507407,15,9.880230404
Kolhapur,100,50,45,7,1993.243261,15,73.65253442
Kolhapur,60,55,50,7.5,304.1288639,20,99.48061512
Kolhapur,65,55,50,7.5,1865.940962,20,82.09472514
Kolhapur,70,55,50,7.5,565.5998047,20,56.01465053
Kolhapur,75,55,50,7.5,569.3384394,20,48.98939438
Kolhapur,80,55,50,7.5,275.1609655,20,83.66796617
Kolhapur,85,55,50,7.5,1859.937921,20,93.66143439
Kolhapur,90,55,50,7.5,1566.91647,20,98.93144605
Kolhapur,95,55,50,7.5,296.208537,20,40.25738353
Kolhapur,100,55,50,7.5,1340.363377,20,99.10083
Kolhapur,60,60,55,6,416.241991,25,16.43669897
Kolhapur,65,60,55,6,1552.529399,25,26.10142782
Kolhapur,70,60,55,6,936.2969173,25,9.812596349
Kolhapur,75,60,55,6,293.1983005,25,27.90211313
Kolhapur,80,60,55,6,1692.933408,25,77.02581761
Kolhapur,85,60,55,6,1230.343895,25,85.43951146
Kolhapur,90,60,55,6,1591.162722,25,78.11037187
Kolhapur,95,60,55,6,1414.155532,25,63.47551204
Kolhapur,100,60,55,6,981.9131145,25,51.88268474
Kolhapur,20,30,20,6,1457.599627,25,71.16172463
Kolhapur,25,30,20,6,226.5562296,25,39.69252138
Kolhapur,30,30,20,6,811.5276062,25,84.2895268
Kolhapur,20,35,25,6.5,1600.136113,30,68.0418193
Kolhapur,25,35,25,6.5,1573.511432,30,70.08266515
Kolhapur,30,35,25,6.5,1797.336861,30,54.05766332
Kolhapur,20,40,20,7,1299.881937,25,88.63766944
Kolhapur,25,40,20,7,1895.954244,25,25.94945863
Kolhapur,30,40,20,7,1203.881972,25,38.73361768
Kolhapur,20,30,25,7.5,1100.817212,30,77.9866144
Kolhapur,25,30,25,7.5,554.9898961,30,49.78214072
Kolhapur,30,30,25,7.5,1601.905555,30,89.03218733
Kolhapur,20,35,20,6,1445.702879,25,35.29353266
Kolhapur,25,35,20,6,1029.369232,25,37.56368671
Kolhapur,30,35,20,6,356.7957466,25,88.98484315
Kolhapur,20,40,25,6.5,426.2642854,30,46.9726617
Kolhapur,25,40,25,6.5,406.0301527,30,52.09633384
Kolhapur,30,40,25,6.5,876.0787546,30,33.94360782
Kolhapur,50,25,30,6,486.1596333,25,28.39032428
Kolhapur,55,25,30,6,1749.515779,25,65.93892237
Kolhapur,60,25,30,6,1818.823017,25,12.86422549
Kolhapur,50,30,35,6.5,1742.184316,30,88.04799148
Kolhapur,55,30,35,6.5,1295.938889,30,78.14111054
Kolhapur,60,30,35,6.5,1273.439717,30,19.88407811
Kolhapur,50,25,40,7,1803.663356,25,69.70797464
Kolhapur,55,25,40,7,931.3546892,25,60.66065921
Kolhapur,60,25,40,7,312.2197745,25,19.26897002
Kolhapur,50,30,30,7.5,1046.707683,30,28.0471471
Kolhapur,55,30,30,7.5,1196.678833,30,41.48966387
Kolhapur,60,30,30,7.5,1189.013861,30,70.22503079
Kolhapur,50,25,35,6,486.2073431,25,64.23361747
Kolhapur,55,25,35,6,1610.143352,25,53.69124992
Kolhapur,60,25,35,6,1517.540437,25,77.07264377
Kolhapur,50,30,40,6.5,613.7352807,30,76.03583622
Kolhapur,55,30,40,6.5,1192.212704,30,62.16805625
Kolhapur,60,30,40,6.5,1622.590776,30,78.91201826
Kolhapur,40,20,20,5.5,213.8323214,25,34.0920741
Kolhapur,45,20,20,5.5,695.2786522,25,88.2437033
Kolhapur,50,20,20,5.5,1049.668162,25,61.87609849
Kolhapur,40,30,30,6,1721.05688,30,82.41398787
Kolhapur,45,30,30,6,1638.141086,30,55.08163137
Kolhapur,50,30,30,6,471.7865431,30,22.62538625
Kolhapur,40,20,30,6.5,1032.935409,25,54.69860274
Kolhapur,45,20,30,6.5,748.3460765,25,37.74005471
Kolhapur,50,20,30,6.5,922.5805872,25,70.05240457
Kolhapur,40,30,20,7,1173.124661,30,48.10358538
Kolhapur,45,30,20,7,1098.813015,30,83.77516769
Kolhapur,50,30,20,7,454.834351,30,68.12917872
Kolhapur,120,60,40,6,419.0386209,20,68.76989887
Kolhapur,125,60,40,6,434.4840323,20,22.49837802
Kolhapur,130,60,40,6,1714.318909,20,98.44072688
Kolhapur,135,60,40,6,235.8836388,20,84.32584572
Kolhapur,140,60,40,6,564.3283405,20,79.11148357
Kolhapur,145,60,40,6,1920.605201,20,33.69130729
Kolhapur,150,60,40,6,318.8383998,20,54.02753363
Kolhapur,120,65,45,6.5,265.3786061,25,14.57321562
Kolhapur,125,65,45,6.5,897.1927845,25,54.30912169
Kolhapur,130,65,45,6.5,472.1610131,25,15.4430354
Kolhapur,135,65,45,6.5,1218.37439,25,55.75074655
Kolhapur,140,65,45,6.5,809.4457567,25,65.22346614
Kolhapur,145,65,45,6.5,576.1449427,25,39.62940076
Kolhapur,150,65,45,6.5,1997.48309,25,50.35594295
Kolhapur,120,70,50,7,813.9874204,30,87.68968538
Kolhapur,125,70,50,7,1353.811608,30,11.74775133
Kolhapur,130,70,50,7,1773.403472,30,79.38155641
Kolhapur,135,70,50,7,1860.296876,30,17.90470055
Kolhapur,140,70,50,7,938.2291459,30,4.634090298
Kolhapur,145,70,50,7,1957.081264,30,19.37188567
Kolhapur,150,70,50,7,1504.217573,30,76.73927581
Kolhapur,120,75,55,7.5,1249.896352,20,41.10748126
Kolhapur,125,75,55,7.5,1447.902799,20,87.37953117
Kolhapur,130,75,55,7.5,848.2479917,20,52.94604658
Kolhapur,135,75,55,7.5,963.9296907,20,3.202784841
Kolhapur,140,75,55,7.5,1255.284297,20,71.95464735
Kolhapur,145,75,55,7.5,788.301433,20,11.91305796
Kolhapur,150,75,55,7.5,1583.861135,20,79.14858371
Kolhapur,120,80,60,6,651.9562411,25,17.64215243
Kolhapur,125,80,60,6,1634.249918,25,35.19919219
Kolhapur,130,80,60,6,473.883208,25,76.36587153
Kolhapur,135,80,60,6,591.303562,25,95.46890439
Kolhapur,140,80,60,6,1555.569057,25,37.77196111
Kolhapur,145,80,60,6,673.6548099,25,83.1106218
Kolhapur,150,80,60,6,1631.709653,25,19.88843428
Kolhapur,120,60,45,6.5,1610.965994,30,80.91079725
Kolhapur,125,60,45,6.5,663.1422306,30,66.09191187
Kolhapur,130,60,45,6.5,331.545829,30,20.08160721
Kolhapur,135,60,45,6.5,499.4490463,30,30.94789207
Kolhapur,140,60,45,6.5,1554.548111,30,14.04531797
Kolhapur,145,60,45,6.5,1724.58957,30,38.9137341
Kolhapur,150,60,45,6.5,889.4999217,30,21.16121547
Kolhapur,120,65,50,7,495.5938962,20,64.75579741
Kolhapur,125,65,50,7,335.8455489,20,99.45600532
Kolhapur,130,65,50,7,588.4688453,20,2.188907145
Kolhapur,135,65,50,7,1963.43275,20,54.55106152
Kolhapur,140,65,50,7,506.4914299,20,57.79299316
Kolhapur,145,65,50,7,355.1006096,20,91.50667018
Kolhapur,150,65,50,7,1613.852341,20,51.09452814
Kolhapur,120,70,55,7.5,1307.740692,25,54.82644054
Kolhapur,125,70,55,7.5,1162.678431,25,47.69362733
Kolhapur,130,70,55,7.5,1006.134594,25,27.62152615
Kolhapur,135,70,55,7.5,1463.314318,25,6.546884192
Kolhapur,140,70,55,7.5,1457.038989,25,41.45711054
Kolhapur,145,70,55,7.5,963.9666329,25,6.206555653
Kolhapur,150,70,55,7.5,621.6101211,25,55.49875448
Kolhapur,120,75,60,6,1714.274221,30,31.42207068
Kolhapur,125,75,60,6,496.3201447,30,53.82663775
Kolhapur,130,75,60,6,1161.211364,30,14.29539948
Kolhapur,135,75,60,6,1446.813408,30,93.33036661
Kolhapur,140,75,60,6,1349.978537,30,89.55760311
Kolhapur,145,75,60,6,1313.829795,30,19.80965441
Kolhapur,150,75,60,6,1392.511151,30,35.00098405
Kolhapur,120,80,40,6.5,1776.17885,20,61.73578441
Kolhapur,125,80,40,6.5,857.7066278,20,10.47293452
Kolhapur,130,80,40,6.5,1329.385712,20,36.10221429
Kolhapur,135,80,40,6.5,1454.540025,20,25.8601164
Kolhapur,140,80,40,6.5,1262.587796,20,91.63615614
Kolhapur,145,80,40,6.5,1825.404756,20,85.39855299
Kolhapur,150,80,40,6.5,1378.601771,20,58.40344139
Kolhapur,120,60,50,7,963.9723401,25,52.51428735
Kolhapur,125,60,50,7,1722.056782,25,93.14185366
Kolhapur,130,60,50,7,1081.222396,25,93.31035051
Kolhapur,135,60,50,7,1154.293893,25,96.96368241
Kolhapur,140,60,50,7,1248.103107,25,13.41250953
Kolhapur,145,60,50,7,781.0124368,25,16.89522327
Kolhapur,150,60,50,7,1500.571699,25,67.99693317
Kolhapur,120,65,55,7.5,376.6271368,30,54.60201318
Kolhapur,125,65,55,7.5,1763.928563,30,2.828124584
Kolhapur,130,65,55,7.5,1558.167954,30,7.135528563
Kolhapur,135,65,55,7.5,836.5372435,30,88.91995784
Kolhapur,140,65,55,7.5,607.507589,30,87.01820876
Kolhapur,145,65,55,7.5,898.216302,30,36.36982128
Kolhapur,150,65,55,7.5,1649.094639,30,89.21401108
Kolhapur,120,70,60,6,256.8274277,20,59.77383237
Kolhapur,125,70,60,6,1042.263662,20,80.78465905
Kolhapur,130,70,60,6,657.3983832,20,43.31567604
Kolhapur,135,70,60,6,1774.91252,20,12.22643441
Kolhapur,140,70,60,6,944.914833,20,43.9389792
Kolhapur,145,70,60,6,1456.21699,20,46.27268
Kolhapur,150,70,60,6,844.2064826,20,55.54347519
Kolhapur,120,75,40,6.5,793.4594027,25,11.45268858
Kolhapur,125,75,40,6.5,786.5711735,25,99.14878444
Kolhapur,130,75,40,6.5,1420.7143,25,25.16954526
Kolhapur,135,75,40,6.5,1935.633608,25,20.65668795
Kolhapur,140,75,40,6.5,574.660557,25,53.15348897
Kolhapur,145,75,40,6.5,1359.022222,25,54.18360976
Kolhapur,150,75,40,6.5,677.7819786,25,44.54225305
Kolhapur,120,80,45,7,1188.830094,30,77.41732249
Kolhapur,125,80,45,7,1174.877931,30,52.14878567
Kolhapur,130,80,45,7,1010.082835,30,61.35985006
Kolhapur,135,80,45,7,1097.559466,30,72.65089216
Kolhapur,140,80,45,7,1784.416067,30,3.477485055
Kolhapur,145,80,45,7,359.4881453,30,57.49377407
Kolhapur,150,80,45,7,1694.509654,30,88.53525265
Kolhapur,120,60,55,7.5,1032.163996,20,2.72148555
Kolhapur,125,60,55,7.5,800.4692643,20,41.11302828
Kolhapur,130,60,55,7.5,518.862754,20,92.69651757
Kolhapur,135,60,55,7.5,1666.651625,20,35.96228583
Kolhapur,140,60,55,7.5,1265.676017,20,46.4141536
Kolhapur,145,60,55,7.5,1511.076298,20,98.17259791
Kolhapur,150,60,55,7.5,766.9338618,20,20.73306204
Kolhapur,120,65,60,6,907.3266721,25,7.460263723
Kolhapur,125,65,60,6,1844.558712,25,86.0828365
Kolhapur,130,65,60,6,1930.128114,25,86.97806878
Kolhapur,135,65,60,6,1531.715922,25,47.73570563
Kolhapur,140,65,60,6,1548.966828,25,51.90651027
Kolhapur,145,65,60,6,1449.920499,25,83.74483059
Kolhapur,150,65,60,6,1256.977885,25,74.11739031
Kolhapur,120,70,40,6.5,1271.140994,30,27.24975122
Kolhapur,125,70,40,6.5,1934.845203,30,2.672442152
Kolhapur,130,70,40,6.5,1551.640748,30,48.49031609
Kolhapur,135,70,40,6.5,1379.614333,30,86.03232028
Kolhapur,140,70,40,6.5,540.3252852,30,89.68763299
Kolhapur,145,70,40,6.5,1958.733155,30,95.66639351
Kolhapur,150,70,40,6.5,1136.528066,30,88.07676052
Kolhapur,120,75,45,7,1898.683814,20,58.42431197
Kolhapur,125,75,45,7,1484.403568,20,45.01595432
Kolhapur,130,75,45,7,272.1455107,20,77.71013481
Kolhapur,135,75,45,7,1170.1919,20,74.2423418
Kolhapur,140,75,45,7,1806.827813,20,54.27619958
Kolhapur,145,75,45,7,293.2052339,20,9.645409883
Kolhapur,150,75,45,7,1760.109591,20,92.68205333
Kolhapur,120,80,50,7.5,1304.104326,25,46.10465121
Kolhapur,125,80,50,7.5,280.1490716,25,36.97004441
Kolhapur,130,80,50,7.5,872.4769952,25,63.32717212
Kolhapur,135,80,50,7.5,254.3070696,25,67.70995816
Kolhapur,140,80,50,7.5,203.089336,25,21.85810379
Kolhapur,145,80,50,7.5,1813.565233,25,83.85694564
Kolhapur,150,80,50,7.5,1547.440942,25,29.70377227
Kolhapur,120,60,60,6,721.0496129,30,19.48170867
Kolhapur,125,60,60,6,404.678955,30,41.23358543
Kolhapur,130,60,60,6,297.9786476,30,73.32544801
Kolhapur,135,60,60,6,1851.000195,30,96.58035967
Kolhapur,140,60,60,6,1326.002334,30,81.11884517
Kolhapur,145,60,60,6,489.0059978,30,94.09448939
Kolhapur,150,60,60,6,1426.631534,30,14.9199746
Kolhapur,120,65,40,6.5,1998.003289,20,8.046503088
Kolhapur,125,65,40,6.5,1618.449357,20,56.21277143
Kolhapur,130,65,40,6.5,1003.758153,20,29.73945082
Kolhapur,135,65,40,6.5,1665.518007,20,82.97744232
Kolhapur,140,65,40,6.5,1539.752027,20,67.52679927
Kolhapur,145,65,40,6.5,359.575756,20,97.10208823
Kolhapur,150,65,40,6.5,1866.253926,20,26.22444322
Kolhapur,120,70,45,7,1791.385846,25,49.09262732
Kolhapur,125,70,45,7,1263.007141,25,50.62280727
Kolhapur,130,70,45,7,1114.66857,25,24.67850269
Kolhapur,135,70,45,7,609.9344769,25,59.41924655
Kolhapur,140,70,45,7,1702.024201,25,44.88531262
Kolhapur,145,70,45,7,977.3955372,25,45.22543404
Kolhapur,150,70,45,7,1242.752044,25,36.91092815
Kolhapur,120,75,50,7.5,506.1574729,30,2.67600589
Kolhapur,125,75,50,7.5,584.8809647,30,52.68742845
Kolhapur,130,75,50,7.5,1973.362384,30,34.18953573
Kolhapur,135,75,50,7.5,1089.199946,30,1.130667029
Kolhapur,140,75,50,7.5,1668.337181,30,31.48642706
Kolhapur,145,75,50,7.5,1693.514005,30,28.58420498
Kolhapur,150,75,50,7.5,1966.718595,30,39.95136717
Kolhapur,120,80,55,6,1969.227228,20,14.05334697
Kolhapur,125,80,55,6,1022.519753,20,51.26069864
Kolhapur,130,80,55,6,1910.57668,20,69.5515949
Kolhapur,135,80,55,6,857.8179551,20,63.38837134
Kolhapur,140,80,55,6,1293.750428,20,80.57173981
Kolhapur,145,80,55,6,1679.082374,20,45.74882051
Kolhapur,150,80,55,6,1844.815767,20,52.3900813
Kolhapur,40,20,20,5.5,1142.910604,20,81.22979215
Kolhapur,45,20,20,5.5,952.1470246,20,43.34241591
Kolhapur,50,20,20,5.5,1511.332497,20,70.45833564
Kolhapur,40,25,25,6,1020.669623,25,44.0256345
Kolhapur,45,25,25,6,1409.242573,25,42.35588326
Kolhapur,50,25,25,6,1647.594034,25,76.26035683
Kolhapur,40,30,30,6.5,1714.029082,30,18.30885463
Kolhapur,45,30,30,6.5,657.765275,30,34.52001122
Kolhapur,50,30,30,6.5,1228.624618,30,23.1930554
Kolhapur,40,20,25,5.5,245.061674,20,36.55188435
Kolhapur,45,20,25,5.5,1635.961181,20,23.80710741
Kolhapur,50,20,25,5.5,425.1713114,20,58.36115748
Kolhapur,40,25,30,6,1769.032101,25,80.01890946
Kolhapur,45,25,30,6,932.2572888,25,78.87469306
Kolhapur,50,25,30,6,501.0829001,25,37.08559549
Kolhapur,40,30,20,6.5,1632.466846,30,98.88728018
Kolhapur,45,30,20,6.5,560.5154967,30,59.79158211
Kolhapur,50,30,20,6.5,909.9464126,30,40.54062988
Kolhapur,40,20,30,5.5,1220.377153,20,83.71838864
Kolhapur,45,20,30,5.5,848.0538894,20,73.25752725
Kolhapur,50,20,30,5.5,522.2517365,20,75.17825835
Kolhapur,40,25,20,6,930.9688329,25,20.41779562
Kolhapur,45,25,20,6,459.6398671,25,47.36410643
Kolhapur,50,25,20,6,1494.479833,25,86.32098495
Kolhapur,40,30,25,6.5,508.7089358,30,50.89976276
Kolhapur,45,30,25,6.5,1068.288565,30,68.6618216
Kolhapur,50,30,25,6.5,1208.680857,30,59.20543957
Kolhapur,20,30,20,6,1901.120491,20,84.39332198
Kolhapur,25,30,20,6,340.8650374,20,29.17152314
Kolhapur,30,30,20,6,1874.819495,20,57.97205251
Kolhapur,20,35,25,6.5,574.8074432,25,13.20023213
Kolhapur,25,35,25,6.5,1713.685276,25,69.33086689
Kolhapur,30,35,25,6.5,362.8914575,25,73.464816
Kolhapur,20,40,30,7,1979.664279,20,5.240894798
Kolhapur,25,40,30,7,1653.738955,20,67.9033054
Kolhapur,30,40,30,7,313.3119788,20,42.05432526
Kolhapur,20,30,25,6,585.3998782,25,13.28559073
Kolhapur,25,30,25,6,1187.380988,25,42.57084722
Kolhapur,30,30,25,6,1142.42962,25,20.22906004
Kolhapur,20,35,30,6.5,1332.684565,20,42.14039368
Kolhapur,25,35,30,6.5,1034.312019,20,39.04956377
Kolhapur,30,35,30,6.5,1521.49575,20,74.10077206
Kolhapur,20,40,20,7,827.2740867,25,77.64734026
Kolhapur,25,40,20,7,517.4963062,25,61.09583678
Kolhapur,30,40,20,7,260.803073,25,3.245997376
Kolhapur,20,30,30,6,784.578103,20,93.17120563
Kolhapur,25,30,30,6,968.3818987,20,68.93709473
Kolhapur,30,30,30,6,1386.323687,20,4.385349542
Kolhapur,20,35,20,6.5,1651.621423,25,82.06445702
Kolhapur,25,35,20,6.5,632.1130429,25,20.82634932
Kolhapur,30,35,20,6.5,1087.764634,25,58.34289777
Kolhapur,20,40,25,7,620.72097,20,47.19680263
Kolhapur,25,40,25,7,1912.097628,20,42.56403945
Kolhapur,30,40,25,7,1365.584162,20,89.08165829
Kolhapur,20,10,5,6,1420.224321,25,44.29876786
Kolhapur,25,10,5,6,1156.203469,25,8.45906764
Kolhapur,30,10,5,6,707.2935841,25,94.71723399
Kolhapur,20,15,10,6.5,560.7737857,30,92.13298789
Kolhapur,25,15,10,6.5,1381.961925,30,68.75883627
Kolhapur,30,15,10,6.5,1859.072933,30,47.32136029
Kolhapur,20,20,15,7,583.2086546,35,10.19308782
Kolhapur,25,20,15,7,1229.175802,35,79.28406374
Kolhapur,30,20,15,7,1152.784949,35,8.472313528
Kolhapur,20,10,10,6,1354.975574,25,7.791497505
Kolhapur,25,10,10,6,1258.021898,25,54.2010004
Kolhapur,30,10,10,6,691.0302921,25,16.85269578
Kolhapur,20,15,15,6.5,1444.595045,30,1.765296467
Kolhapur,25,15,15,6.5,690.7876639,30,42.88822967
Kolhapur,30,15,15,6.5,1375.388624,30,14.58450593
Kolhapur,20,20,5,7,739.8800356,35,16.89102611
Kolhapur,25,20,5,7,348.3609387,35,8.614153235
Kolhapur,30,20,5,7,429.0019493,35,21.30428162
Kolhapur,20,10,15,6,1701.373245,25,71.8329338
Kolhapur,25,10,15,6,418.43947,25,81.08380341
Kolhapur,30,10,15,6,794.9237973,25,45.80083076
Kolhapur,20,15,5,6.5,717.7551526,30,51.14882777
Kolhapur,25,15,5,6.5,304.1474764,30,4.232848425
Kolhapur,30,15,5,6.5,1279.13516,30,7.862309876
Kolhapur,20,20,10,7,1637.813848,35,26.49920484
Kolhapur,25,20,10,7,1986.193616,35,54.84594365
Kolhapur,30,20,10,7,1884.857753,35,74.21556372
Kolhapur,40,25,10,6,288.787001,20,60.89530307
Kolhapur,45,25,10,6,663.5156574,20,39.82065764
Kolhapur,50,25,10,6,941.8128708,20,12.71408323
Kolhapur,40,30,15,6.5,1775.025825,25,78.29655025
Kolhapur,45,30,15,6.5,848.152601,25,37.01481911
Kolhapur,50,30,15,6.5,1226.562219,25,73.86934743
Kolhapur,40,25,15,6,1387.267396,20,51.78490535
Kolhapur,45,25,15,6,736.3257258,20,74.1275433
Kolhapur,50,25,15,6,1247.49298,20,90.82166658
Kolhapur,40,30,10,6.5,291.5939097,25,92.18192209
Kolhapur,45,30,10,6.5,1064.329911,25,53.97557122
Kolhapur,50,30,10,6.5,881.3643294,25,51.63932811
Kolhapur,40,20,20,6,840.3582753,20,27.30216808
Kolhapur,45,20,20,6,622.8072188,20,93.64418332
Kolhapur,50,20,20,6,1671.921625,20,46.33399755
Kolhapur,40,25,25,6.5,1787.461408,25,13.63153269
Kolhapur,45,25,25,6.5,1798.631258,25,43.83778655
Kolhapur,50,25,25,6.5,912.9925709,25,13.57827177
Kolhapur,40,20,25,6,666.4903364,20,50.75063674
Kolhapur,45,20,25,6,377.1421266,20,56.56627597
Kolhapur,50,20,25,6,1410.333805,20,34.43782039
Kolhapur,40,25,20,6.5,794.3019772,25,8.093410809
Kolhapur,45,25,20,6.5,697.9992773,25,94.40685003
Kolhapur,50,25,20,6.5,868.588616,25,77.56195823
Solapur,100,60,60,7.5,1198.502621,10,84.04922697
Solapur,105,60,60,7.5,491.4654728,10,37.31997103
Solapur,110,60,60,7.5,1930.407588,10,76.32227197
Solapur,115,60,60,7.5,1518.70537,10,49.05191662
Solapur,120,60,60,7.5,284.2141944,10,20.90726535
Solapur,100,65,65,8,752.2180141,15,13.31791431
Solapur,105,65,65,8,290.4903869,15,35.16003606
Solapur,110,65,65,8,613.0805589,15,14.61765904
Solapur,115,65,65,8,715.8636018,15,99.82862864
Solapur,120,65,65,8,1492.36351,15,5.869710033
Solapur,100,70,70,8.5,1493.73174,20,44.67321634
Solapur,105,70,70,8.5,281.5855555,20,45.75725872
Solapur,110,70,70,8.5,1258.629764,20,30.76256093
Solapur,115,70,70,8.5,1929.639136,20,57.563805
Solapur,120,70,70,8.5,1331.057082,20,15.84772539
Solapur,100,75,75,7.5,1928.985186,25,78.60732568
Solapur,105,75,75,7.5,885.0064105,25,33.91232411
Solapur,110,75,75,7.5,1027.600924,25,59.54291639
Solapur,115,75,75,7.5,1091.875722,25,71.84828437
Solapur,120,75,75,7.5,1863.10477,25,89.01516965
Solapur,100,80,80,8,884.5058951,30,83.74295621
Solapur,105,80,80,8,1970.153135,30,61.22259378
Solapur,110,80,80,8,1177.626863,30,39.45092486
Solapur,115,80,80,8,592.6173006,30,50.81726234
Solapur,120,80,80,8,386.6384875,30,77.10474454
Solapur,100,60,65,8.5,511.1709504,10,87.87700871
Solapur,105,60,65,8.5,270.7089373,10,11.27441089
Solapur,110,60,65,8.5,1446.158456,10,39.10076999
Solapur,115,60,65,8.5,1130.427524,10,77.83554324
Solapur,120,60,65,8.5,1528.263007,10,43.7335245
Solapur,100,65,70,7.5,1608.071819,15,33.89054864
Solapur,105,65,70,7.5,1876.453678,15,41.72094699
Solapur,110,65,70,7.5,410.5969898,15,60.68162993
Solapur,115,65,70,7.5,534.9858394,15,99.98070927
Solapur,120,65,70,7.5,1186.893779,15,49.80625048
Solapur,100,70,75,8,433.1437632,20,21.64095302
Solapur,105,70,75,8,366.8991077,20,17.12181095
Solapur,110,70,75,8,1399.407678,20,5.192625
Solapur,115,70,75,8,1504.480728,20,56.32290626
Solapur,120,70,75,8,1718.120887,20,54.91263706
Solapur,100,75,80,8.5,1848.344021,25,21.31815875
Solapur,105,75,80,8.5,996.4990004,25,69.83761124
Solapur,110,75,80,8.5,1963.773809,25,74.36959712
Solapur,115,75,80,8.5,268.1965869,25,26.65072233
Solapur,120,75,80,8.5,1766.22972,25,35.06587664
Solapur,100,80,60,7.5,778.6565445,30,99.05669556
Solapur,105,80,60,7.5,1859.086104,30,38.05218232
Solapur,110,80,60,7.5,600.6878966,30,76.3193655
Solapur,115,80,60,7.5,1533.788578,30,45.81981724
Solapur,120,80,60,7.5,965.8221969,30,79.54113796
Solapur,100,60,70,8,886.636712,10,77.13330064
Solapur,105,60,70,8,306.9550123,10,67.10784649
Solapur,110,60,70,8,1470.641108,10,85.62305628
Solapur,115,60,70,8,515.6349685,10,93.98263099
Solapur,120,60,70,8,1033.387703,10,58.41834872
Solapur,100,65,75,8.5,454.3546055,15,24.50942182
Solapur,105,65,75,8.5,1288.060073,15,40.4642672
Solapur,110,65,75,8.5,615.9102225,15,76.07226564
Solapur,115,65,75,8.5,1269.913755,15,65.43746503
Solapur,120,65,75,8.5,1903.908405,15,18.60203552
Solapur,100,70,80,7.5,1857.653301,20,6.072714573
Solapur,105,70,80,7.5,560.8358464,20,68.61319776
Solapur,110,70,80,7.5,378.534097,20,25.85682338
Solapur,115,70,80,7.5,276.7899842,20,50.46735413
Solapur,120,70,80,7.5,1691.308315,20,74.92793048
Solapur,100,75,60,8,648.7536481,25,56.70401128
Solapur,105,75,60,8,711.0872558,25,9.246955728
Solapur,110,75,60,8,607.241501,25,19.37244344
Solapur,115,75,60,8,1712.151119,25,22.71349022
Solapur,120,75,60,8,1962.023592,25,26.52856111
Solapur,100,80,65,8.5,1559.335972,30,56.9749358
Solapur,105,80,65,8.5,1682.440149,30,50.8926122
Solapur,110,80,65,8.5,1316.900829,30,21.1128438
Solapur,115,80,65,8.5,1151.794835,30,7.687929502
Solapur,120,80,65,8.5,1498.840409,30,17.97178824
Solapur,100,60,75,7.5,264.3731819,10,98.45374995
Solapur,105,60,75,7.5,310.5209461,10,47.38614803
Solapur,110,60,75,7.5,1437.092279,10,86.86720497
Solapur,115,60,75,7.5,803.1259363,10,85.0264942
Solapur,120,60,75,7.5,1079.901842,10,51.64043619
Solapur,100,65,80,8,1607.586615,15,70.96208314
Solapur,105,65,80,8,1238.884235,15,20.08244903
Solapur,110,65,80,8,1649.471374,15,69.15127379
Solapur,115,65,80,8,954.4794359,15,27.96607335
Solapur,120,65,80,8,717.3620353,15,83.37414758
Solapur,100,70,60,8.5,622.706436,20,9.288689178
Solapur,105,70,60,8.5,437.0257119,20,77.54072862
Solapur,110,70,60,8.5,266.2337401,20,10.89375375
Solapur,115,70,60,8.5,295.6682282,20,88.23773445
Solapur,120,70,60,8.5,687.7978888,20,31.1162473
Solapur,100,75,65,7.5,701.1426698,25,65.78494312
Solapur,105,75,65,7.5,887.2121523,25,49.26272558
Solapur,110,75,65,7.5,1264.911268,25,37.26401138
Solapur,115,75,65,7.5,1566.739163,25,64.89874149
Solapur,120,75,65,7.5,555.8690145,25,94.80477507
Solapur,100,80,70,8,1566.646718,30,5.08570499
Solapur,105,80,70,8,450.18115,30,91.96643273
Solapur,110,80,70,8,1979.648517,30,61.29908385
Solapur,115,80,70,8,713.0608095,30,80.92411578
Solapur,120,80,70,8,1707.203026,30,39.00362039
Solapur,100,60,80,8.5,542.8384902,10,47.71245451
Solapur,105,60,80,8.5,1911.157005,10,87.01622443
Solapur,110,60,80,8.5,1687.928213,10,42.06994901
Solapur,115,60,80,8.5,846.900669,10,53.93129711
Solapur,120,60,80,8.5,958.649107,10,2.999297385
Solapur,100,65,60,7.5,206.9083883,15,16.70120258
Solapur,105,65,60,7.5,652.5780398,15,64.52696429
Solapur,110,65,60,7.5,720.7336207,15,71.98071321
Solapur,115,65,60,7.5,1014.929658,15,58.67749274
Solapur,120,65,60,7.5,450.2896652,15,15.18769359
Solapur,100,70,65,8,1061.780399,20,45.09513743
Solapur,105,70,65,8,1403.243274,20,36.15438187
Solapur,110,70,65,8,868.3081367,20,50.07047306
Solapur,115,70,65,8,617.951496,20,87.16257442
Solapur,120,70,65,8,1185.889677,20,77.81028243
Solapur,100,75,70,8.5,252.2070253,25,9.314960638
Solapur,105,75,70,8.5,813.5074114,25,89.14061058
Solapur,110,75,70,8.5,1149.662437,25,47.70494796
Solapur,115,75,70,8.5,804.5170692,25,74.64235234
Solapur,120,75,70,8.5,821.776567,25,14.8638839
Solapur,100,80,75,7.5,1726.933993,30,67.40123304
Solapur,105,80,75,7.5,1881.185217,30,24.39627574
Solapur,110,80,75,7.5,1689.306765,30,44.39970882
Solapur,115,80,75,7.5,377.9614101,30,2.669424138
Solapur,120,80,75,7.5,721.5363999,30,16.00945316
Solapur,50,30,20,6.5,1480.32986,20,10.11596882
Solapur,55,30,20,6.5,1953.907031,20,24.73467312
Solapur,60,30,20,6.5,636.1067872,20,10.90179091
Solapur,50,35,25,7,1816.778862,25,69.49909264
Solapur,55,35,25,7,1530.226977,25,3.874950319
Solapur,60,35,25,7,1970.210659,25,62.15630956
Solapur,50,40,30,7.5,368.4538671,30,14.93007525
Solapur,55,40,30,7.5,910.5423467,30,94.57098426
Solapur,60,40,30,7.5,1060.607004,30,93.37631324
Solapur,50,30,25,6.5,1409.748725,20,23.32480715
Solapur,55,30,25,6.5,1377.149665,20,61.82770852
Solapur,60,30,25,6.5,1831.42162,20,3.772526628
Solapur,50,35,30,7,1709.611621,25,93.24706576
Solapur,55,35,30,7,299.670804,25,52.77574351
Solapur,60,35,30,7,1075.772221,25,5.27909199
Solapur,50,40,20,7.5,932.7102144,30,34.90749931
Solapur,55,40,20,7.5,1994.860256,30,8.608096724
Solapur,60,40,20,7.5,969.0647496,30,39.9014995
Solapur,50,30,30,6.5,1428.714452,20,67.32270787
Solapur,55,30,30,6.5,711.9729796,20,47.5191009
Solapur,60,30,30,6.5,1306.332121,20,38.9884953
Solapur,50,35,20,7,571.9395595,25,12.79654751
Solapur,55,35,20,7,1286.49198,25,25.24896552
Solapur,60,35,20,7,1762.742429,25,10.91418549
Solapur,50,40,25,7.5,234.6280246,30,80.94237443
Solapur,55,40,25,7.5,1108.255537,30,14.38874297
Solapur,60,40,25,7.5,1968.267124,30,59.94196329
Solapur,60,40,40,6,486.6725404,15,34.93130095
Solapur,65,40,40,6,530.1421905,15,23.37186008
Solapur,70,40,40,6,1047.482698,15,64.30737551
Solapur,75,40,40,6,1767.787725,15,46.24322863
Solapur,80,40,40,6,1212.967297,15,40.61440126
Solapur,60,45,45,6.5,1115.67556,20,59.69234848
Solapur,65,45,45,6.5,356.1627064,20,49.63549522
Solapur,70,45,45,6.5,1931.574826,20,31.04493665
Solapur,75,45,45,6.5,824.8086767,20,56.34706749
Solapur,80,45,45,6.5,653.2528739,20,67.28035908
Solapur,60,50,50,7,941.1391005,25,3.6426227
Solapur,65,50,50,7,945.5278911,25,47.12130116
Solapur,70,50,50,7,1025.359596,25,6.710645174
Solapur,75,50,50,7,1439.368763,25,19.45413599
Solapur,80,50,50,7,1762.303824,25,56.49036467
Solapur,60,55,55,7.5,303.1631842,30,86.75270261
Solapur,65,55,55,7.5,1083.383416,30,88.39776224
Solapur,70,55,55,7.5,945.1606247,30,7.924457004
Solapur,75,55,55,7.5,219.5842031,30,42.49140354
Solapur,80,55,55,7.5,1669.681012,30,58.71764182
Solapur,60,60,60,6,387.763762,15,15.55992055
Solapur,65,60,60,6,406.5464171,15,76.77778946
Solapur,70,60,60,6,286.9371525,15,74.67929059
Solapur,75,60,60,6,560.7589409,15,90.43076036
Solapur,80,60,60,6,518.2693068,15,1.840115196
Solapur,60,40,45,6.5,826.158505,20,22.45174015
Solapur,65,40,45,6.5,1386.68671,20,82.89148471
Solapur,70,40,45,6.5,297.7296097,20,67.38742503
Solapur,75,40,45,6.5,1748.496368,20,89.54459552
Solapur,80,40,45,6.5,787.8415076,20,6.660785798
Solapur,60,45,50,7,1291.893196,25,60.09943261
Solapur,65,45,50,7,221.609202,25,57.33561091
Solapur,70,45,50,7,858.4542471,25,4.53176722
Solapur,75,45,50,7,203.6916414,25,51.83868561
Solapur,80,45,50,7,497.8248924,25,61.34251082
Solapur,60,50,55,7.5,1006.130775,30,19.93802425
Solapur,65,50,55,7.5,1163.15736,30,28.05962873
Solapur,70,50,55,7.5,475.2714795,30,64.39438728
Solapur,75,50,55,7.5,1541.3893,30,47.36179381
Solapur,80,50,55,7.5,540.2065979,30,85.9433521
Solapur,60,55,60,6,408.5211659,15,34.89579483
Solapur,65,55,60,6,800.164123,15,27.39930618
Solapur,70,55,60,6,1192.571595,15,98.50172809
Solapur,75,55,60,6,1980.02327,15,91.20244124
Solapur,80,55,60,6,953.6883133,15,3.870281755
Solapur,60,60,40,6.5,966.793551,20,77.30213292
Solapur,65,60,40,6.5,306.8002462,20,11.92314261
Solapur,70,60,40,6.5,1578.475412,20,3.721034288
Solapur,75,60,40,6.5,527.2094033,20,28.09585608
Solapur,80,60,40,6.5,1540.646416,20,27.66524203
Solapur,60,40,50,7,1839.11038,25,82.11255747
Solapur,65,40,50,7,1582.797372,25,71.35605735
Solapur,70,40,50,7,1356.416157,25,98.17933331
Solapur,75,40,50,7,1287.049332,25,71.43977713
Solapur,80,40,50,7,1016.539206,25,42.40729977
Solapur,60,45,55,7.5,460.1768512,30,70.19383843
Solapur,65,45,55,7.5,1601.909496,30,99.94644765
Solapur,70,45,55,7.5,1059.180087,30,71.30404637
Solapur,75,45,55,7.5,1326.162482,30,76.40645424
Solapur,80,45,55,7.5,873.227412,30,93.8981365
Solapur,60,50,60,6,561.3008954,15,12.25147487
Solapur,65,50,60,6,1651.715235,15,70.77364505
Solapur,70,50,60,6,816.31965,15,85.22978984
Solapur,75,50,60,6,1760.024052,15,95.48348142
Solapur,80,50,60,6,1938.304825,15,21.88595968
Solapur,60,55,40,6.5,1693.979349,20,50.88897176
Solapur,65,55,40,6.5,430.6484815,20,68.37492992
Solapur,70,55,40,6.5,1739.019669,20,25.49930522
Solapur,75,55,40,6.5,1134.844086,20,60.44681346
Solapur,80,55,40,6.5,634.5408816,20,26.50029947
Solapur,60,60,45,7,367.6808605,25,34.01224503
Solapur,65,60,45,7,701.3177104,25,44.71035095
Solapur,70,60,45,7,447.3687479,25,53.38981978
Solapur,75,60,45,7,246.160248,25,45.48722129
Solapur,80,60,45,7,1977.975828,25,49.82635646
Solapur,60,40,55,7.5,1696.776047,30,30.56028687
Solapur,65,40,55,7.5,1530.108674,30,16.73754431
Solapur,70,40,55,7.5,547.4247881,30,5.687647755
Solapur,75,40,55,7.5,249.9255901,30,20.40189353
Solapur,80,40,55,7.5,1073.366989,30,58.61242051
Solapur,60,45,60,6,1535.049974,15,78.82542933
Solapur,65,45,60,6,1933.107254,15,17.75551215
Solapur,70,45,60,6,1718.990639,15,11.74698042
Solapur,75,45,60,6,1808.304241,15,75.17974569
Solapur,80,45,60,6,629.5929459,15,31.21067472
Solapur,60,50,40,6.5,479.5868317,20,95.19844448
Solapur,65,50,40,6.5,646.0071862,20,71.71747909
Solapur,70,50,40,6.5,449.4430519,20,33.34884868
Solapur,75,50,40,6.5,1637.270883,20,29.66473203
Solapur,80,50,40,6.5,1825.47751,20,52.84614024
Solapur,60,55,45,7,753.2156473,25,8.83532216
Solapur,65,55,45,7,1778.467129,25,12.64997475
Solapur,70,55,45,7,299.0633243,25,18.40993025
Solapur,75,55,45,7,1419.241771,25,77.69763574
Solapur,80,55,45,7,1149.487778,25,51.87187857
Solapur,60,60,50,7.5,698.1379321,30,2.046145155
Solapur,65,60,50,7.5,1582.761972,30,67.67813622
Solapur,70,60,50,7.5,581.6851066,30,42.94532769
Solapur,75,60,50,7.5,949.0690774,30,51.57438413
Solapur,80,60,50,7.5,1477.746805,30,22.1975081
Solapur,60,40,60,6,808.8121661,15,55.62644061
Solapur,65,40,60,6,1739.648334,15,97.93617074
Solapur,70,40,60,6,1757.768619,15,8.27102441
Solapur,75,40,60,6,564.5547555,15,29.10782257
Solapur,80,40,60,6,992.7019796,15,25.05676169
Solapur,60,45,40,6.5,977.6227579,20,25.60638176
Solapur,65,45,40,6.5,938.0812435,20,38.4919294
Solapur,70,45,40,6.5,1103.549849,20,81.99286869
Solapur,75,45,40,6.5,333.8593654,20,91.37301031
Solapur,80,45,40,6.5,1766.089992,20,21.01929366
Solapur,60,50,45,7,721.846601,25,54.75204386
Solapur,65,50,45,7,203.2623082,25,64.05299824
Solapur,70,50,45,7,1433.187079,25,52.66091996
Solapur,75,50,45,7,1370.849751,25,43.97356303
Solapur,80,50,45,7,1969.691984,25,20.00557508
Solapur,60,55,50,7.5,1494.644986,30,49.33371656
Solapur,65,55,50,7.5,798.8709947,30,40.72026794
Solapur,70,55,50,7.5,1914.711593,30,79.76077289
Solapur,75,55,50,7.5,857.6224387,30,76.59683156
Solapur,80,55,50,7.5,1678.240435,30,14.26586944
Solapur,60,60,55,6,804.2133246,15,9.763386204
Solapur,65,60,55,6,287.6749643,15,90.90724038
Solapur,70,60,55,6,1520.81275,15,54.01533051
Solapur,75,60,55,6,830.3796754,15,85.92229279
Solapur,80,60,55,6,809.9978583,15,6.756960936
Solapur,120,60,60,6.5,1488.532928,20,53.12504604
Solapur,125,60,60,6.5,779.6681499,20,54.40322494
Solapur,130,60,60,6.5,412.4228676,20,86.20950122
Solapur,135,60,60,6.5,928.1184534,20,10.66338982
Solapur,140,60,60,6.5,1682.919271,20,24.8041108
Solapur,145,60,60,6.5,434.3680784,20,41.24729307
Solapur,150,60,60,6.5,1198.065396,20,86.71830607
Solapur,120,65,65,7,438.0667291,25,93.94944819
Solapur,125,65,65,7,288.5291272,25,99.27973734
Solapur,130,65,65,7,881.6775942,25,95.96015516
Solapur,135,65,65,7,1384.189969,25,1.588233829
Solapur,140,65,65,7,694.9771998,25,5.723125804
Solapur,145,65,65,7,1002.316066,25,15.6130751
Solapur,150,65,65,7,1084.395665,25,35.53734758
Solapur,120,70,70,7.5,1714.322506,30,83.16188507
Solapur,125,70,70,7.5,1674.162575,30,89.37296334
Solapur,130,70,70,7.5,204.2249777,30,19.49660622
Solapur,135,70,70,7.5,945.0541896,30,62.34675101
Solapur,140,70,70,7.5,1380.963858,30,91.81883652
Solapur,145,70,70,7.5,1734.313107,30,46.90944186
Solapur,150,70,70,7.5,288.01601,30,11.25081362
Solapur,120,75,75,8,1330.846973,35,46.32355136
Solapur,125,75,75,8,1715.635096,35,38.20369533
Solapur,130,75,75,8,659.1368371,35,58.18814161
Solapur,135,75,75,8,569.4613965,35,44.42720976
Solapur,140,75,75,8,1042.128898,35,2.717246759
Solapur,145,75,75,8,1932.643247,35,99.40577561
Solapur,150,75,75,8,1447.19551,35,54.81048354
Solapur,120,80,80,8.5,964.0730836,20,47.88944479
Solapur,125,80,80,8.5,237.5530399,20,95.50711978
Solapur,130,80,80,8.5,1202.106554,20,16.43017639
Solapur,135,80,80,8.5,827.8184032,20,19.73452265
Solapur,140,80,80,8.5,534.2845559,20,80.99346016
Solapur,145,80,80,8.5,1100.266584,20,26.82227692
Solapur,150,80,80,8.5,814.4887411,20,80.12348352
Solapur,120,60,65,6.5,269.704429,25,27.88181481
Solapur,125,60,65,6.5,1505.910836,25,4.285575392
Solapur,130,60,65,6.5,1518.649256,25,52.18445766
Solapur,135,60,65,6.5,1313.89661,25,20.47195698
Solapur,140,60,65,6.5,1713.477176,25,76.026783
Solapur,145,60,65,6.5,565.7267788,25,64.47876369
Solapur,150,60,65,6.5,715.1627929,25,92.43666413
Solapur,120,65,70,7,1025.580409,30,78.51584737
Solapur,125,65,70,7,308.3153312,30,18.89681953
Solapur,130,65,70,7,1790.382404,30,80.21566543
Solapur,135,65,70,7,1083.131494,30,64.53196744
Solapur,140,65,70,7,784.3938361,30,67.22621253
Solapur,145,65,70,7,1060.334205,30,83.39402571
Solapur,150,65,70,7,785.2336791,30,57.80858285
Solapur,120,70,75,7.5,715.2741568,35,47.13434792
Solapur,125,70,75,7.5,1006.433191,35,64.0274625
Solapur,130,70,75,7.5,1067.42841,35,30.49778547
Solapur,135,70,75,7.5,980.0217081,35,19.07711598
Solapur,140,70,75,7.5,1186.275716,35,62.04219597
Solapur,145,70,75,7.5,1610.082204,35,24.15098854
Solapur,150,70,75,7.5,303.082745,35,8.911595825
Solapur,120,75,80,8,1660.733636,20,1.054864274
Solapur,125,75,80,8,611.3619062,20,61.22362074
Solapur,130,75,80,8,653.7672498,20,36.85272956
Solapur,135,75,80,8,1279.03968,20,75.4787861
Solapur,140,75,80,8,1956.208345,20,38.14246343
Solapur,145,75,80,8,231.3188004,20,49.11434138
Solapur,150,75,80,8,1411.640461,20,41.30141231
Solapur,120,80,60,8.5,1454.414971,25,65.40690432
Solapur,125,80,60,8.5,1232.573233,25,36.25777704
Solapur,130,80,60,8.5,217.4422059,25,96.41299734
Solapur,135,80,60,8.5,1291.433234,25,93.67855167
Solapur,140,80,60,8.5,407.0383563,25,84.95476236
Solapur,145,80,60,8.5,340.5218407,25,92.10972679
Solapur,150,80,60,8.5,1452.910853,25,45.46482916
Solapur,120,60,70,6.5,1460.4222,30,54.10660928
Solapur,125,60,70,6.5,1801.841363,30,74.46716666
Solapur,130,60,70,6.5,206.084844,30,69.91844657
Solapur,135,60,70,6.5,881.7677374,30,89.17718096
Solapur,140,60,70,6.5,222.0895981,30,71.9167717
Solapur,145,60,70,6.5,856.3925831,30,99.79058611
Solapur,150,60,70,6.5,1084.984289,30,35.50207418
Solapur,120,65,75,7,1153.512491,35,83.46677648
Solapur,125,65,75,7,840.6788844,35,70.06584746
Solapur,130,65,75,7,1505.542463,35,69.44725808
Solapur,135,65,75,7,948.070861,35,33.25772389
Solapur,140,65,75,7,1130.827776,35,78.77457745
Solapur,145,65,75,7,1640.157682,35,90.13722621
Solapur,150,65,75,7,513.7449794,35,22.63629769
Solapur,120,70,80,7.5,777.6114186,20,62.92418687
Solapur,125,70,80,7.5,1138.573281,20,39.82134808
Solapur,130,70,80,7.5,1581.712805,20,98.96526381
Solapur,135,70,80,7.5,965.6397695,20,48.40444877
Solapur,140,70,80,7.5,330.9801901,20,23.60369721
Solapur,145,70,80,7.5,1979.894957,20,38.8039049
Solapur,150,70,80,7.5,1474.239301,20,65.73000059
Solapur,120,75,60,8,1500.923245,25,8.532847764
Solapur,125,75,60,8,1037.188841,25,60.7565901
Solapur,130,75,60,8,1184.672102,25,93.19125116
Solapur,135,75,60,8,1989.287199,25,85.18591598
Solapur,140,75,60,8,1271.208267,25,7.699680129
Solapur,145,75,60,8,594.073039,25,99.345598
Solapur,150,75,60,8,1935.883531,25,70.17396545
Solapur,120,80,65,8.5,1167.972828,30,17.06580161
Solapur,125,80,65,8.5,237.212028,30,2.229192828
Solapur,130,80,65,8.5,1232.03266,30,17.95698099
Solapur,135,80,65,8.5,326.8560854,30,83.97941615
Solapur,140,80,65,8.5,1149.658959,30,3.14229317
Solapur,145,80,65,8.5,1685.597031,30,24.08158306
Solapur,150,80,65,8.5,1169.959468,30,75.97325394
Solapur,120,60,75,6.5,872.216001,35,59.02494305
Solapur,125,60,75,6.5,1788.697552,35,78.49083533
Solapur,130,60,75,6.5,1869.66214,35,74.86889988
Solapur,135,60,75,6.5,825.4837683,35,6.009537325
Solapur,140,60,75,6.5,1098.111411,35,89.35863049
Solapur,145,60,75,6.5,1969.260133,35,23.47615159
Solapur,150,60,75,6.5,520.5815226,35,55.78585158
Solapur,120,65,80,7,736.6758248,20,64.7845275
Solapur,125,65,80,7,971.1604202,20,17.69419288
Solapur,130,65,80,7,381.5989353,20,97.64689441
Solapur,135,65,80,7,689.6766233,20,49.32743965
Solapur,140,65,80,7,1180.439636,20,6.706626864
Solapur,145,65,80,7,611.2965087,20,93.78894243
Solapur,150,65,80,7,1435.312974,20,59.04051648
Solapur,120,70,60,7.5,825.8086678,25,70.2201266
Solapur,125,70,60,7.5,361.6308854,25,52.9924032
Solapur,130,70,60,7.5,1576.159445,25,83.63905752
Solapur,135,70,60,7.5,1221.349348,25,4.280212757
Solapur,140,70,60,7.5,1684.764709,25,27.56945816
Solapur,145,70,60,7.5,848.2729108,25,47.49518728
Solapur,150,70,60,7.5,234.8829837,25,8.583758015
Solapur,120,75,65,8,284.0392891,30,70.88476026
Solapur,125,75,65,8,1631.809679,30,39.97267799
Solapur,130,75,65,8,939.1541818,30,27.99413104
Solapur,135,75,65,8,1957.494269,30,1.334505834
Solapur,140,75,65,8,1694.555069,30,72.26320086
Solapur,145,75,65,8,229.0193888,30,83.54712158
Solapur,150,75,65,8,1765.96436,30,40.10901303
Solapur,120,80,70,8.5,583.159113,35,56.85757973
Solapur,125,80,70,8.5,1075.276873,35,23.54097597
Solapur,130,80,70,8.5,1111.018426,35,62.59756698
Solapur,135,80,70,8.5,307.4981639,35,2.201608373
Solapur,140,80,70,8.5,426.1981636,35,49.37574581
Solapur,145,80,70,8.5,961.4853226,35,64.7763427
Solapur,150,80,70,8.5,1356.717578,35,91.90098555
Solapur,120,60,80,6.5,675.9505592,20,38.7522459
Solapur,125,60,80,6.5,1147.521739,20,76.7538301
Solapur,130,60,80,6.5,882.4436815,20,60.17101596
Solapur,135,60,80,6.5,1334.65431,20,92.77419918
Solapur,140,60,80,6.5,963.9871423,20,40.43938989
Solapur,145,60,80,6.5,1732.93958,20,32.59043865
Solapur,150,60,80,6.5,1970.739323,20,88.82705787
Solapur,120,65,60,7,1843.493299,25,5.875195739
Solapur,125,65,60,7,503.4876238,25,14.5021539
Solapur,130,65,60,7,1022.919822,25,9.158039024
Solapur,135,65,60,7,1025.871897,25,84.4678857
Solapur,140,65,60,7,1712.839505,25,2.050134914
Solapur,145,65,60,7,842.9407829,25,86.30405839
Solapur,150,65,60,7,1189.283365,25,45.67551174
Solapur,120,70,65,7.5,1296.702206,30,1.398502607
Solapur,125,70,65,7.5,400.7374141,30,40.76287254
Solapur,130,70,65,7.5,1204.330035,30,19.49328326
Solapur,135,70,65,7.5,644.314679,30,62.81564826
Solapur,140,70,65,7.5,571.9103846,30,68.2565202
Solapur,145,70,65,7.5,650.5680443,30,49.26522947
Solapur,150,70,65,7.5,378.8335976,30,5.011433019
Solapur,120,75,70,8,325.5144511,35,65.95675163
Solapur,125,75,70,8,1364.359465,35,84.36183958
Solapur,130,75,70,8,1893.761955,35,72.31210346
Solapur,135,75,70,8,1438.399318,35,83.16583398
Solapur,140,75,70,8,761.3400955,35,20.85044283
Solapur,145,75,70,8,803.0838709,35,88.99990603
Solapur,150,75,70,8,1174.500566,35,32.89715161
Solapur,120,80,75,8.5,1759.343377,20,2.327076611
Solapur,125,80,75,8.5,564.4361906,20,84.49577299
Solapur,130,80,75,8.5,1043.320451,20,94.24030563
Solapur,135,80,75,8.5,1098.1041,20,65.90026154
Solapur,140,80,75,8.5,1876.20252,20,23.91222642
Solapur,145,80,75,8.5,1165.075181,20,25.92270196
Solapur,150,80,75,8.5,1605.545612,20,47.19269447
Solapur,20,40,20,6,358.0421238,25,89.88527688
Solapur,25,40,20,6,788.462503,25,15.81016796
Solapur,30,40,20,6,1300.562216,25,82.77139329
Solapur,20,45,25,6.5,1419.748277,30,29.83897806
Solapur,25,45,25,6.5,1793.381871,30,81.05003077
Solapur,30,45,25,6.5,1262.762741,30,92.10684856
Solapur,20,50,30,7,721.2425791,25,43.32189333
Solapur,25,50,30,7,1170.37143,25,37.14001476
Solapur,30,50,30,7,1480.754017,25,80.41991058
Solapur,20,55,35,7.5,1611.82137,30,53.41880536
Solapur,25,55,35,7.5,1900.251687,30,68.7604558
Solapur,30,55,35,7.5,543.3547568,30,62.66009446
Solapur,20,60,40,6,1389.701289,25,16.13599572
Solapur,25,60,40,6,560.5557599,25,84.63424567
Solapur,30,60,40,6,772.1701922,25,20.38173603
Solapur,20,40,25,6.5,456.9760983,30,93.29593226
Solapur,25,40,25,6.5,1591.388739,30,25.80655785
Solapur,30,40,25,6.5,1845.199137,30,73.65421635
Solapur,20,45,30,7,253.8718441,25,29.18088396
Solapur,25,45,30,7,1664.314463,25,32.46075545
Solapur,30,45,30,7,635.1596896,25,31.69018343
Solapur,20,50,35,7.5,1076.544577,30,75.04133315
Solapur,25,50,35,7.5,1546.794523,30,56.12469668
Solapur,30,50,35,7.5,1112.33778,30,88.41229313
Solapur,20,55,40,6.5,616.249818,25,31.4298992
Solapur,25,55,40,6.5,1831.098262,25,69.50725968
Solapur,30,55,40,6.5,1268.448757,25,75.54191137
Solapur,20,60,20,7,1876.26005,30,15.99672919
Solapur,25,60,20,7,1723.954408,30,40.65834637
Solapur,30,60,20,7,1777.857757,30,48.79893194
Solapur,20,40,30,7.5,851.082923,25,36.2130516
Solapur,25,40,30,7.5,1977.167235,25,32.889147
Solapur,30,40,30,7.5,1734.310035,25,68.95556951
Solapur,20,45,35,6,807.6925847,30,22.37077337
Solapur,25,45,35,6,1813.547643,30,71.22968378
Solapur,30,45,35,6,1559.527095,30,93.56937544
Solapur,20,50,40,7,1505.246646,25,56.9545546
Solapur,25,50,40,7,211.2064948,25,61.53198944
Solapur,30,50,40,7,240.6222518,25,7.82433751
Solapur,20,55,20,7.5,1450.626561,30,86.58321346
Solapur,25,55,20,7.5,701.6303808,30,29.25933093
Solapur,30,55,20,7.5,305.3330249,30,61.89006539
Solapur,20,60,25,6,714.7119094,25,97.9321048
Solapur,25,60,25,6,1708.237054,25,59.95475746
Solapur,30,60,25,6,1047.101235,25,72.74623926
Solapur,20,40,35,6.5,1308.042666,30,45.0866422
Solapur,25,40,35,6.5,1640.909746,30,6.976218508
Solapur,30,40,35,6.5,782.0740494,30,79.9623356
Solapur,20,45,40,7.5,220.0626348,25,4.464885285
Solapur,25,45,40,7.5,781.9779545,25,70.36512506
Solapur,30,45,40,7.5,1922.021102,25,3.269235742
Solapur,20,50,20,6,1068.112974,30,86.36821842
Solapur,25,50,20,6,1225.653687,30,16.60596755
Solapur,30,50,20,6,1568.772848,30,51.91287805
Solapur,20,55,25,6.5,406.8800814,25,60.11791974
Solapur,25,55,25,6.5,1521.08474,25,46.29699533
Solapur,30,55,25,6.5,735.9580036,25,34.73558545
Solapur,20,60,30,7,898.6906921,30,47.31361532
Solapur,25,60,30,7,685.0817555,30,31.83015963
Solapur,30,60,30,7,476.381983,30,44.37411236
Solapur,20,40,40,6,850.6304729,25,36.53238611
Solapur,25,40,40,6,370.3501077,25,57.05427753
Solapur,30,40,40,6,1720.600508,25,24.55449206
Solapur,20,45,20,6.5,750.7034332,30,98.87699894
Solapur,25,45,20,6.5,1376.511173,30,50.58612538
Solapur,30,45,20,6.5,734.0520001,30,20.22204566
Solapur,20,50,25,7.5,579.2672752,25,48.22960821
Solapur,25,50,25,7.5,1484.582777,25,86.77509782
Solapur,30,50,25,7.5,1323.206877,25,3.158872519
Solapur,20,55,30,6,592.5888762,30,68.27585779
Solapur,25,55,30,6,1301.773067,30,55.24881188
Solapur,30,55,30,6,209.0030199,30,17.78624144
Solapur,20,60,35,6.5,518.4462919,20,81.93016749
Solapur,25,60,35,6.5,1509.957161,20,37.51957762
Solapur,30,60,35,6.5,938.2711997,20,30.08640085
Solapur,40,30,20,6,566.5319965,20,82.98439399
Solapur,45,30,20,6,1110.649479,20,64.21397957
Solapur,50,30,20,6,1037.390602,20,89.92764928
Solapur,55,30,20,6,1341.085327,20,63.35848666
Solapur,60,30,20,6,330.5689759,20,74.34094814
Solapur,40,35,25,6.5,1674.829335,25,83.80814373
Solapur,45,35,25,6.5,304.8982021,25,6.419223955
Solapur,50,35,25,6.5,1016.939494,25,77.82884693
Solapur,55,35,25,6.5,1478.851443,25,61.7569417
Solapur,60,35,25,6.5,820.6598624,25,7.881271855
Solapur,40,40,30,7,1838.213354,30,51.34921427
Solapur,45,40,30,7,1559.417341,30,9.16334972
Solapur,50,40,30,7,966.8865167,30,73.85877297
Solapur,55,40,30,7,530.8875088,30,55.10366968
Solapur,60,40,30,7,278.1900354,30,95.4037802
Solapur,40,30,25,6,1642.995789,20,19.13040179
Solapur,45,30,25,6,549.6936425,20,60.9973118
Solapur,50,30,25,6,685.4135139,20,21.94663132
Solapur,55,30,25,6,218.6810535,20,61.79243349
Solapur,60,30,25,6,232.8083929,20,72.54232053
Solapur,40,35,30,6.5,614.7531815,25,72.5081286
Solapur,45,35,30,6.5,1771.163275,25,81.69232508
Solapur,50,35,30,6.5,1605.481487,25,85.50147257
Solapur,55,35,30,6.5,1585.771607,25,8.6499009
Solapur,60,35,30,6.5,1688.662594,25,34.98344855
Solapur,40,40,20,7,535.9044241,30,69.02512952
Solapur,45,40,20,7,1962.317521,30,50.36004245
Solapur,50,40,20,7,617.9467382,30,19.87691873
Solapur,55,40,20,7,469.8737317,30,55.71824745
Solapur,60,40,20,7,730.3604487,30,41.33612962
Solapur,40,30,30,6,1154.816016,20,39.61378949
Solapur,45,30,30,6,423.9751167,20,81.16561803
Solapur,50,30,30,6,1529.517842,20,41.35223505
Solapur,55,30,30,6,868.7480403,20,3.618996043
Solapur,60,30,30,6,1223.149764,20,6.74827055
Solapur,40,35,20,6.5,1521.624843,25,85.76816013
Solapur,45,35,20,6.5,1823.408746,25,96.09948019
Solapur,50,35,20,6.5,1674.82454,25,69.15252431
Solapur,55,35,20,6.5,1167.443614,25,37.07246112
Solapur,60,35,20,6.5,1984.111212,25,93.92143126
Solapur,40,40,25,7,1153.530538,30,66.61750555
Solapur,45,40,25,7,1164.749885,30,84.58902137
Solapur,50,40,25,7,485.278751,30,76.8193781
Solapur,55,40,25,7,467.696965,30,38.53479226
Solapur,60,40,25,7,503.6620274,30,48.39151788
Solapur,20,40,20,6,1265.27845,25,19.42708328
Solapur,25,40,20,6,947.3094443,25,29.90939594
Solapur,30,40,20,6,894.592103,25,78.03444047
Solapur,20,45,25,6.5,429.6049266,30,89.5038608
Solapur,25,45,25,6.5,885.9623812,30,72.7215819
Solapur,30,45,25,6.5,880.3817704,30,47.05219597
Solapur,20,50,30,7,1317.465878,35,9.564417625
Solapur,25,50,30,7,899.1374585,35,6.637846921
Solapur,30,50,30,7,953.7716255,35,38.0582309
Solapur,20,40,25,6,690.5773267,25,46.91835016
Solapur,25,40,25,6,436.7070415,25,61.3029416
Solapur,30,40,25,6,740.019594,25,1.642462617
Solapur,20,45,30,6.5,276.9776126,30,98.98256616
Solapur,25,45,30,6.5,566.6779436,30,37.02994946
Solapur,30,45,30,6.5,784.9144154,30,84.96137172
Solapur,20,50,20,7,462.1633255,35,53.96170386
Solapur,25,50,20,7,1396.94538,35,13.913506
Solapur,30,50,20,7,705.3770508,35,79.9589897
Solapur,20,40,30,6,1307.949633,25,71.27288042
Solapur,25,40,30,6,1358.994102,25,53.21617241
Solapur,30,40,30,6,1005.118901,25,51.94075604
Solapur,20,45,20,6.5,1008.391598,30,9.660480969
Solapur,25,45,20,6.5,1246.633872,30,65.92904591
Solapur,30,45,20,6.5,672.4214339,30,91.21327042
Solapur,20,50,25,7,238.2409409,35,10.231247
Solapur,25,50,25,7,1361.044276,35,27.08763361
Solapur,30,50,25,7,1295.345691,35,90.32848937
Solapur,30,20,20,6,1057.485916,25,29.15004707
Solapur,35,20,20,6,1776.378099,25,65.74042355
Solapur,40,20,20,6,1115.524699,25,53.94699833
Solapur,30,25,25,6.5,746.2903947,30,60.0364329
Solapur,35,25,25,6.5,1484.358417,30,42.16310126
Solapur,40,25,25,6.5,1932.326337,30,30.69915558
Solapur,30,30,20,7,1526.381998,35,5.804811622
Solapur,35,30,20,7,1835.926191,35,74.68381299
Solapur,40,30,20,7,402.8857009,35,74.86325276
Solapur,30,20,25,6,417.7753977,25,67.40184827
Solapur,35,20,25,6,478.2902713,25,64.71974502
Solapur,40,20,25,6,1465.137986,25,25.12799608
Solapur,30,25,20,6.5,901.4727133,30,3.212148443
Solapur,35,25,20,6.5,1059.880032,30,81.06282429
Solapur,40,25,20,6.5,671.4562074,30,49.62271503
Solapur,30,30,25,7,1524.990452,35,31.37697494
Solapur,35,30,25,7,1721.626369,35,11.09125877
Solapur,40,30,25,7,488.3854434,35,7.209437499
Solapur,60,30,20,6.5,546.9214276,25,35.53780546
Solapur,65,30,20,6.5,810.9213796,25,80.66896941
Solapur,70,30,20,6.5,704.2998708,25,91.95365118
Solapur,75,30,20,6.5,1156.765865,25,89.7783851
Solapur,80,30,20,6.5,1554.64258,25,92.08008264
Solapur,60,35,25,7,1627.89265,30,90.86480897
Solapur,65,35,25,7,575.2094379,30,53.19525041
Solapur,70,35,25,7,516.0473375,30,22.72214822
Solapur,75,35,25,7,854.6496958,30,80.0066117
Solapur,80,35,25,7,465.903133,30,22.15758451
Solapur,60,40,30,7.5,365.2347183,25,27.4535204
Solapur,65,40,30,7.5,636.6467992,25,24.09217786
Solapur,70,40,30,7.5,909.0987984,25,51.98325797
Solapur,75,40,30,7.5,1258.114998,25,32.86092331
Solapur,80,40,30,7.5,1501.901839,25,16.26144891
Solapur,60,30,25,6.5,601.0607116,30,45.86416778
Solapur,65,30,25,6.5,1673.594845,30,87.51681664
Solapur,70,30,25,6.5,260.6073708,30,57.48473264
Solapur,75,30,25,6.5,999.2827941,30,87.95522498
Solapur,80,30,25,6.5,1339.537783,30,20.39134632
Solapur,60,35,30,7,724.2752497,25,17.53041349
Solapur,65,35,30,7,1430.645504,25,57.98213544
Solapur,70,35,30,7,1760.696256,25,46.86956125
Solapur,75,35,30,7,360.8593769,25,66.35709152
Solapur,80,35,30,7,1122.60876,25,79.66805231
Solapur,60,40,20,7.5,233.7869056,30,75.37942227
Solapur,65,40,20,7.5,703.2337152,30,94.28385619
Solapur,70,40,20,7.5,446.4925006,30,40.42738451
Solapur,75,40,20,7.5,1323.695009,30,21.43228748
Solapur,80,40,20,7.5,647.6306007,30,55.54035135
Solapur,60,30,30,6.5,708.3167056,25,11.9635689
Solapur,65,30,30,6.5,570.1345256,25,29.59626121
Solapur,70,30,30,6.5,638.8445089,25,21.58091747
Solapur,75,30,30,6.5,605.1983877,25,40.25980796
Solapur,80,30,30,6.5,1456.168378,25,12.01044093
Solapur,60,35,20,7,1920.45872,30,4.15233271
Solapur,65,35,20,7,1082.416565,30,66.02260646
Solapur,70,35,20,7,1280.698032,30,61.41464885
Solapur,75,35,20,7,1672.591058,30,71.12753467
Solapur,80,35,20,7,1056.991066,30,66.37825759
Solapur,60,40,25,7.5,743.6438619,25,12.31517343
Solapur,65,40,25,7.5,1911.754679,25,29.81680926
Solapur,70,40,25,7.5,1831.081794,25,13.82313438
Solapur,75,40,25,7.5,596.6475731,25,84.4542678
Solapur,80,40,25,7.5,1465.537605,25,74.94346188
Solapur,60,30,20,6,1364.851166,25,20.95117329
Solapur,65,30,20,6,1369.339129,25,34.78961481
Solapur,70,30,20,6,1695.085434,25,96.69488423
Solapur,75,30,20,6,1413.390118,25,59.82177643
Solapur,80,30,20,6,1132.406917,25,80.31440413
Solapur,60,35,25,6.5,1722.918679,30,27.19451244
Solapur,65,35,25,6.5,676.7137965,30,21.7952391
Solapur,70,35,25,6.5,1422.605939,30,78.60777596
Solapur,75,35,25,6.5,1462.736502,30,68.90137307
Solapur,80,35,25,6.5,1766.576379,30,68.41681499
Solapur,60,40,30,7,1996.953746,35,55.7108236
Solapur,65,40,30,7,1203.592328,35,56.79425593
Solapur,70,40,30,7,1071.945072,35,73.83405303
Solapur,75,40,30,7,1281.229816,35,27.73024563
Solapur,80,40,30,7,1385.619706,35,35.92407812
Solapur,60,30,25,6,1483.371604,25,87.29204028
Solapur,65,30,25,6,706.1970112,25,31.5776549
Solapur,70,30,25,6,1076.6583,25,55.08464757
Solapur,75,30,25,6,867.6570433,25,70.56130694
Solapur,80,30,25,6,269.791909,25,99.99255786
Solapur,60,35,30,6.5,1297.142186,30,44.09384182
Solapur,65,35,30,6.5,1774.666141,30,43.38119479
Solapur,70,35,30,6.5,1858.650864,30,84.41624956
Solapur,75,35,30,6.5,1131.362575,30,80.74480801
Solapur,80,35,30,6.5,1578.592238,30,73.37651229
Solapur,60,40,20,7,1482.342933,35,46.8597341
Solapur,65,40,20,7,612.0163578,35,33.0699729
Solapur,70,40,20,7,313.2389785,35,61.26431778
Solapur,75,40,20,7,1546.141529,35,87.74610602
Solapur,80,40,20,7,708.8499031,35,88.49396836
Solapur,60,30,30,6,1188.888411,25,11.74133616
Solapur,65,30,30,6,1143.315877,25,43.4066781
Solapur,70,30,30,6,1672.17303,25,47.00747366
Solapur,75,30,30,6,1360.36219,25,97.78392138
Solapur,80,30,30,6,1724.865164,25,68.12180351
Solapur,60,35,20,6.5,1554.024767,30,41.31739531
Solapur,65,35,20,6.5,1999.696374,30,3.579730713
Solapur,70,35,20,6.5,1754.974944,30,56.97313085
Solapur,75,35,20,6.5,579.9378811,30,10.51152159
Solapur,80,35,20,6.5,1930.500054,30,83.61054578
Solapur,60,40,25,7,812.2417555,35,75.4993474
Solapur,65,40,25,7,1294.112043,35,46.59040683
Solapur,70,40,25,7,1894.431302,35,43.49186717
Solapur,75,40,25,7,585.4975123,35,89.83655759
Solapur,80,40,25,7,1743.138132,35,29.55737669
Satara,50,30,20,6,1915.674689,25,25.65297625
Satara,55,30,20,6,1736.750266,25,93.98054585
Satara,60,30,20,6,1674.508392,25,81.11533784
Satara,50,35,25,6.5,676.3058593,30,82.24193371
Satara,55,35,25,6.5,932.7793878,30,20.32418761
Satara,60,35,25,6.5,1568.601261,30,15.18630315
Satara,50,40,20,6,412.6977559,35,3.576925432
Satara,55,40,20,6,1799.070556,35,24.46710938
Satara,60,40,20,6,578.4625409,35,77.64485868
Satara,50,30,25,6.5,1216.652025,25,24.76380346
Satara,55,30,25,6.5,389.1071113,25,73.18122508
Satara,60,30,25,6.5,533.341904,25,25.93891827
Satara,50,35,20,6,1253.900111,30,40.1339573
Satara,55,35,20,6,1342.355891,30,98.3330667
Satara,60,35,20,6,685.5527341,30,25.2363614
Satara,50,40,25,6.5,414.3751669,35,38.2606921
Satara,55,40,25,6.5,1189.200672,35,30.80763087
Satara,60,40,25,6.5,1713.148111,35,11.85287365
Satara,40,25,10,6,562.6020648,20,49.49952007
Satara,45,25,10,6,1444.817557,20,38.49037567
Satara,50,25,10,6,894.5859258,20,69.79382149
Satara,40,30,15,6.5,1897.558514,25,81.94186015
Satara,45,30,15,6.5,348.6316671,25,54.88072174
Satara,50,30,15,6.5,271.9430379,25,4.187445787
Satara,40,25,15,6,423.7548714,20,62.27331327
Satara,45,25,15,6,1608.400712,20,6.483682272
Satara,50,25,15,6,1860.985519,20,62.01927604
Satara,40,30,10,6.5,1680.457961,25,68.81796498
Satara,45,30,10,6.5,1492.09762,25,20.57899513
Satara,50,30,10,6.5,303.6523845,25,82.11526872
Satara,80,40,40,6,584.860863,25,91.19742803
Satara,85,40,40,6,1883.682313,25,81.49560945
Satara,90,40,40,6,1321.027509,25,31.20580983
Satara,95,40,40,6,1042.983573,25,59.07765823
Satara,100,40,40,6,1374.161793,25,91.56669977
Satara,105,40,40,6,521.4687681,25,32.7458079
Satara,110,40,40,6,1807.164132,25,82.1827544
Satara,115,40,40,6,1381.346531,25,1.938037995
Satara,120,40,40,6,1048.240055,25,1.361023576
Satara,80,45,45,6.5,1023.276062,30,76.21145437
Satara,85,45,45,6.5,1680.279566,30,76.38331063
Satara,90,45,45,6.5,754.1633715,30,79.1087416
Satara,95,45,45,6.5,446.8372422,30,93.07265695
Satara,100,45,45,6.5,534.2051799,30,12.67272487
Satara,105,45,45,6.5,346.0447873,30,23.96651351
Satara,110,45,45,6.5,1114.153269,30,90.46876712
Satara,115,45,45,6.5,1419.064747,30,18.54638358
Satara,120,45,45,6.5,1881.173362,30,68.54069749
Satara,80,50,50,7,1551.466953,35,53.515837
Satara,85,50,50,7,1249.599286,35,9.236174008
Satara,90,50,50,7,1755.117084,35,29.24110253
Satara,95,50,50,7,1805.983508,35,52.51684943
Satara,100,50,50,7,1482.294155,35,85.38266155
Satara,105,50,50,7,301.3122696,35,71.04631047
Satara,110,50,50,7,725.172165,35,62.56643298
Satara,115,50,50,7,805.1347251,35,50.1072561
Satara,120,50,50,7,1995.286545,35,30.5697144
Satara,80,55,55,7.5,1035.492637,25,12.80524622
Satara,85,55,55,7.5,1571.393443,25,41.49852742
Satara,90,55,55,7.5,1664.835093,25,3.823330897
Satara,95,55,55,7.5,1375.868214,25,21.89453304
Satara,100,55,55,7.5,232.8976355,25,43.81585421
Satara,105,55,55,7.5,234.829071,25,42.44191338
Satara,110,55,55,7.5,1673.80025,25,5.385247669
Satara,115,55,55,7.5,1530.631952,25,59.3169552
Satara,120,55,55,7.5,1165.009752,25,55.41874133
Satara,80,60,60,6,647.9582897,30,8.732326098
Satara,85,60,60,6,356.0846592,30,94.37314219
Satara,90,60,60,6,495.68306,30,10.83889512
Satara,95,60,60,6,1244.582794,30,85.62858097
Satara,100,60,60,6,1182.487945,30,1.03066346
Satara,105,60,60,6,1894.280471,30,88.34582841
Satara,110,60,60,6,1923.098093,30,2.952253488
Satara,115,60,60,6,1236.812324,30,76.02339116
Satara,120,60,60,6,1714.57868,30,36.80739032
Satara,80,40,45,6.5,1662.049129,35,74.08346321
Satara,85,40,45,6.5,1554.27782,35,40.77277534
Satara,90,40,45,6.5,987.2084278,35,8.019884311
Satara,95,40,45,6.5,900.931364,35,76.98316284
Satara,100,40,45,6.5,675.4411531,35,8.054015847
Satara,105,40,45,6.5,1886.771015,35,92.28992316
Satara,110,40,45,6.5,1701.96563,35,6.046429543
Satara,115,40,45,6.5,518.8083958,35,48.4532025
Satara,120,40,45,6.5,654.4335637,35,72.58040865
Satara,80,45,50,7,1246.389682,25,39.93140001
Satara,85,45,50,7,944.4795924,25,22.50611398
Satara,90,45,50,7,585.0157625,25,76.15000518
Satara,95,45,50,7,1624.081793,25,78.64517577
Satara,100,45,50,7,202.7956317,25,92.34680341
Satara,105,45,50,7,817.8977602,25,38.24034593
Satara,110,45,50,7,1872.829843,25,51.11892172
Satara,115,45,50,7,1569.382397,25,36.94971584
Satara,120,45,50,7,922.3129605,25,26.45110036
Satara,80,50,55,7.5,1871.711153,30,75.35226319
Satara,85,50,55,7.5,1821.44577,30,34.62553266
Satara,90,50,55,7.5,294.650703,30,43.38679476
Satara,95,50,55,7.5,430.2939751,30,40.9636921
Satara,100,50,55,7.5,897.0145362,30,71.55346134
Satara,105,50,55,7.5,1872.915773,30,91.86176698
Satara,110,50,55,7.5,1719.569306,30,67.00885007
Satara,115,50,55,7.5,285.9710856,30,47.68667701
Satara,120,50,55,7.5,1122.195688,30,78.14130636
Satara,80,55,60,6,1496.455932,35,64.45616109
Satara,85,55,60,6,696.6608351,35,7.000425355
Satara,90,55,60,6,1500.5441,35,10.47069506
Satara,95,55,60,6,865.5058791,35,4.753777463
Satara,100,55,60,6,693.3017012,35,46.22481629
Satara,105,55,60,6,906.6166887,35,82.75949
Satara,110,55,60,6,1911.441801,35,31.99523377
Satara,115,55,60,6,1829.529877,35,39.03185813
Satara,120,55,60,6,1845.112316,35,91.03823373
Satara,80,60,40,6.5,1851.282395,25,83.85344109
Satara,85,60,40,6.5,520.893364,25,66.83976313
Satara,90,60,40,6.5,1812.910518,25,27.41357443
Satara,95,60,40,6.5,582.0975844,25,12.58710679
Satara,100,60,40,6.5,1708.644112,25,2.589823445
Satara,105,60,40,6.5,1175.417995,25,11.59405659
Satara,110,60,40,6.5,631.9320996,25,29.96704792
Satara,115,60,40,6.5,917.3367434,25,55.62721629
Satara,120,60,40,6.5,980.0807302,25,7.336008192
Satara,80,40,50,7,1519.708252,30,14.48655005
Satara,85,40,50,7,1290.838649,30,18.92698953
Satara,90,40,50,7,1670.207886,30,63.56622721
Satara,95,40,50,7,914.2489773,30,61.9631901
Satara,100,40,50,7,1538.462964,30,55.52580691
Satara,105,40,50,7,1627.048102,30,25.79964104
Satara,110,40,50,7,313.65971,30,37.74084943
Satara,115,40,50,7,876.148699,30,10.57228192
Satara,120,40,50,7,1794.781087,30,23.41959977
Satara,80,45,55,7.5,1468.956653,35,89.87281742
Satara,85,45,55,7.5,953.2034254,35,97.9894829
Satara,90,45,55,7.5,529.3536545,35,65.11829898
Satara,95,45,55,7.5,373.8995065,35,91.76550591
Satara,100,45,55,7.5,612.8314562,35,64.63144814
Satara,105,45,55,7.5,640.4463959,35,4.286452124
Satara,110,45,55,7.5,867.1915025,35,99.67949591
Satara,115,45,55,7.5,518.4589566,35,10.79627787
Satara,120,45,55,7.5,462.8855613,35,68.58153834
Satara,80,50,60,6,1719.212161,25,26.0307841
Satara,85,50,60,6,649.1688359,25,39.80613018
Satara,90,50,60,6,1210.889665,25,64.9474843
Satara,95,50,60,6,558.7391865,25,44.21224758
Satara,100,50,60,6,1085.156311,25,25.80405983
Satara,105,50,60,6,698.0816244,25,34.1101725
Satara,110,50,60,6,356.2394206,25,34.81326358
Satara,115,50,60,6,1967.916493,25,95.97306655
Satara,120,50,60,6,1024.05101,25,80.06268858
Satara,80,55,40,6.5,907.4853169,30,46.39632838
Satara,85,55,40,6.5,558.4198348,30,20.78227111
Satara,90,55,40,6.5,1091.658585,30,81.29059492
Satara,95,55,40,6.5,1343.394174,30,16.56106469
Satara,100,55,40,6.5,748.3701406,30,21.8357595
Satara,105,55,40,6.5,1064.753121,30,37.23532579
Satara,110,55,40,6.5,626.745881,30,88.15447139
Satara,115,55,40,6.5,1149.883547,30,14.04688019
Satara,120,55,40,6.5,1616.986064,30,13.10118509
Satara,80,60,45,7,308.3842031,35,49.90352384
Satara,85,60,45,7,1132.110142,35,28.36464357
Satara,90,60,45,7,918.8535482,35,57.30406622
Satara,95,60,45,7,333.2744148,35,45.71203178
Satara,100,60,45,7,1892.916317,35,44.06095153
Satara,105,60,45,7,667.717372,35,12.08532408
Satara,110,60,45,7,1216.300763,35,14.96391933
Satara,115,60,45,7,870.7164519,35,82.28677917
Satara,120,60,45,7,688.0388726,35,88.70239102
Satara,80,40,55,7.5,1148.925171,25,24.23366976
Satara,85,40,55,7.5,1440.251474,25,12.23258965
Satara,90,40,55,7.5,1613.963362,25,6.288250522
Satara,95,40,55,7.5,1341.064055,25,61.22146376
Satara,100,40,55,7.5,1147.332782,25,71.81996804
Satara,105,40,55,7.5,1599.070969,25,37.90818893
Satara,110,40,55,7.5,1131.42062,25,68.28791088
Satara,115,40,55,7.5,1953.608306,25,71.58292274
Satara,120,40,55,7.5,1148.133268,25,93.59888586
Satara,80,45,60,6,771.0448602,30,7.422490146
Satara,85,45,60,6,1003.451582,30,20.0368806
Satara,90,45,60,6,1081.982141,30,7.784072772
Satara,95,45,60,6,710.2749579,30,86.9313994
Satara,100,45,60,6,485.7370855,30,79.46612884
Satara,105,45,60,6,976.4901456,30,57.88956499
Satara,110,45,60,6,1814.659075,30,9.282677595
Satara,115,45,60,6,659.9561104,30,28.05792351
Satara,120,45,60,6,851.2735968,30,30.47426496
Satara,80,50,40,6.5,1563.901427,35,56.51357641
Satara,85,50,40,6.5,348.0919259,35,26.54634551
Satara,90,50,40,6.5,1685.126992,35,8.223026527
Satara,95,50,40,6.5,1496.501873,35,73.34546788
Satara,100,50,40,6.5,1189.575453,35,30.60894095
Satara,105,50,40,6.5,577.0618298,35,45.78504353
Satara,110,50,40,6.5,366.8214101,35,13.63899686
Satara,115,50,40,6.5,617.0943956,35,80.45228204
Satara,120,50,40,6.5,1570.691431,35,56.98765582
Satara,80,55,45,7,1880.290314,25,90.25697699
Satara,85,55,45,7,1528.198745,25,50.05168474
Satara,90,55,45,7,1149.710639,25,94.20114151
Satara,95,55,45,7,1911.228927,25,89.29495223
Satara,100,55,45,7,1691.421211,25,58.06952579
Satara,105,55,45,7,1380.507178,25,93.45545038
Satara,110,55,45,7,268.228455,25,32.98578598
Satara,115,55,45,7,717.9203146,25,37.19857411
Satara,120,55,45,7,754.7781645,25,5.502317179
Satara,80,60,50,7.5,825.041473,30,59.33088977
Satara,85,60,50,7.5,900.8941828,30,72.47047302
Satara,90,60,50,7.5,1890.86469,30,77.57839983
Satara,95,60,50,7.5,1535.370335,30,15.83181232
Satara,100,60,50,7.5,1445.482977,30,44.97174816
Satara,105,60,50,7.5,967.7269259,30,18.509458
Satara,110,60,50,7.5,807.5892949,30,66.55060754
Satara,115,60,50,7.5,415.2407434,30,16.63669087
Satara,120,60,50,7.5,1016.291852,30,90.51220471
Satara,80,40,60,6,569.6162759,35,23.83282992
Satara,85,40,60,6,903.8187267,35,29.84882436
Satara,90,40,60,6,481.5042689,35,85.23972589
Satara,95,40,60,6,819.1926384,35,46.3882934
Satara,100,40,60,6,277.3628659,35,3.375598634
Satara,105,40,60,6,210.8417617,35,49.96403887
Satara,110,40,60,6,1765.836601,35,9.369790203
Satara,115,40,60,6,1354.275392,35,98.54912715
Satara,120,40,60,6,1257.799977,35,59.22304548
Satara,80,45,40,6.5,1124.829229,25,26.39672914
Satara,85,45,40,6.5,1508.112519,25,56.80805028
Satara,90,45,40,6.5,1525.098089,25,8.609843235
Satara,95,45,40,6.5,1883.452462,25,80.18923912
Satara,100,45,40,6.5,639.9389,25,92.60747733
Satara,105,45,40,6.5,1613.357858,25,87.56999443
Satara,110,45,40,6.5,1984.083932,25,34.83400263
Satara,115,45,40,6.5,252.2393472,25,33.25104384
Satara,120,45,40,6.5,873.1737663,25,4.47367351
Satara,80,50,45,7,984.8645617,30,65.48863551
Satara,85,50,45,7,1679.298197,30,53.95557363
Satara,90,50,45,7,224.7381477,30,46.47529076
Satara,95,50,45,7,1277.515158,30,90.85546438
Satara,100,50,45,7,1806.641858,30,17.62001121
Satara,105,50,45,7,465.7287052,30,1.956960402
Satara,110,50,45,7,408.0325104,30,8.25832876
Satara,115,50,45,7,1999.61559,30,23.11377234
Satara,120,50,45,7,1686.726082,30,4.295269377
Satara,80,55,50,7.5,1455.353328,35,50.78152735
Satara,85,55,50,7.5,918.1662187,35,32.09495507
Satara,90,55,50,7.5,1737.133354,35,18.8678178
Satara,95,55,50,7.5,1860.99141,35,75.25832342
Satara,100,55,50,7.5,1518.335387,35,21.2406813
Satara,105,55,50,7.5,916.5706035,35,69.072905
Satara,110,55,50,7.5,1250.366794,35,35.57722568
Satara,115,55,50,7.5,377.3310734,35,51.67094831
Satara,120,55,50,7.5,484.4368552,35,93.45283695
Satara,80,60,55,6,1609.467217,20,4.697811847
Satara,85,60,55,6,252.7678499,20,50.52618624
Satara,90,60,55,6,288.5527951,20,85.58787307
Satara,95,60,55,6,1114.442285,20,59.20945059
Satara,100,60,55,6,506.9526973,20,28.41018118
Satara,105,60,55,6,728.6673398,20,40.37043238
Satara,110,60,55,6,917.8965646,20,68.34629724
Satara,115,60,55,6,1140.059721,20,89.19037754
Satara,120,60,55,6,710.3624983,20,5.065571001
Satara,40,20,20,6,1070.383644,25,8.082343367
Satara,45,20,20,6,867.2322425,25,33.18010084
Satara,50,20,20,6,345.8559972,25,24.04518876
Satara,55,20,20,6,1760.829289,25,27.22815774
Satara,60,20,20,6,706.4586258,25,22.90572986
Satara,40,25,25,6.5,1296.871879,30,20.38667984
Satara,45,25,25,6.5,1225.640387,30,13.93177272
Satara,50,25,25,6.5,558.5002082,30,93.46145905
Satara,55,25,25,6.5,253.9247068,30,15.27475693
Satara,60,25,25,6.5,1742.476547,30,21.2359737
Satara,40,30,30,7,1095.84174,35,25.38030667
Satara,45,30,30,7,946.0415266,35,93.36847244
Satara,50,30,30,7,1573.238927,35,75.81569923
Satara,55,30,30,7,259.6860591,35,79.1802436
Satara,60,30,30,7,1577.387511,35,11.37106769
Satara,40,35,35,7.5,936.0460341,25,83.79467763
Satara,45,35,35,7.5,1192.92267,25,41.4111151
Satara,50,35,35,7.5,1554.390633,25,27.0194796
Satara,55,35,35,7.5,1184.259066,25,57.99925827
Satara,60,35,35,7.5,311.1900022,25,82.39610768
Satara,40,40,40,6,1511.481604,30,78.08656296
Satara,45,40,40,6,1615.414941,30,89.10975078
Satara,50,40,40,6,1031.407684,30,92.88508642
Satara,55,40,40,6,990.3069314,30,24.57408507
Satara,60,40,40,6,653.4660073,30,42.96193152
Satara,40,20,25,6.5,1359.492963,35,2.448225381
Satara,45,20,25,6.5,1787.579325,35,88.05284427
Satara,50,20,25,6.5,1380.743734,35,16.302643
Satara,55,20,25,6.5,1588.3848,35,86.28600642
Satara,60,20,25,6.5,1707.42016,35,33.60934488
Satara,40,25,30,7,607.0595479,25,37.44522541
Satara,45,25,30,7,923.7878014,25,4.874093194
Satara,50,25,30,7,984.7273073,25,33.36100019
Satara,55,25,30,7,1206.020657,25,88.9480046
Satara,60,25,30,7,288.5278184,25,3.529192711
Satara,40,30,35,7.5,1259.132908,30,41.22641983
Satara,45,30,35,7.5,359.3386701,30,4.108563351
Satara,50,30,35,7.5,1651.825804,30,37.72141909
Satara,55,30,35,7.5,1933.439578,30,18.09142344
Satara,60,30,35,7.5,721.5662106,30,25.96962093
Satara,40,35,40,6,1111.907225,35,87.88223894
Satara,45,35,40,6,1681.737581,35,44.16887284
Satara,50,35,40,6,766.3772109,35,28.10600115
Satara,55,35,40,6,483.999848,35,59.34449942
Satara,60,35,40,6,1530.312543,35,15.06858902
Satara,40,40,20,6.5,1457.050918,25,26.67976913
Satara,45,40,20,6.5,1225.901829,25,55.07854879
Satara,50,40,20,6.5,1899.986232,25,24.51478114
Satara,55,40,20,6.5,1919.220146,25,68.233646
Satara,60,40,20,6.5,1750.788975,25,49.65763892
Satara,40,20,30,7,727.4361538,30,77.42691796
Satara,45,20,30,7,605.6586754,30,94.87620904
Satara,50,20,30,7,1704.33325,30,12.46468405
Satara,55,20,30,7,1372.449604,30,34.13183599
Satara,60,20,30,7,913.0268547,30,32.63535722
Satara,40,25,35,7.5,937.5616578,35,15.96710901
Satara,45,25,35,7.5,1735.997929,35,81.2200106
Satara,50,25,35,7.5,493.8450738,35,76.2279917
Satara,55,25,35,7.5,1899.152138,35,48.95812161
Satara,60,25,35,7.5,1339.787528,35,54.239307
Satara,40,30,40,6,1624.44392,25,6.894869662
Satara,45,30,40,6,867.559798,25,55.99522788
Satara,50,30,40,6,1256.413448,25,79.34281088
Satara,55,30,40,6,1549.982889,25,57.80892978
Satara,60,30,40,6,983.23395,25,27.26533064
Satara,40,35,20,6.5,1078.285415,30,67.08727896
Satara,45,35,20,6.5,1247.743692,30,36.78735457
Satara,50,35,20,6.5,314.1325837,30,54.94245514
Satara,55,35,20,6.5,1753.735738,30,49.26897096
Satara,60,35,20,6.5,1760.020284,30,38.7363251
Satara,40,40,25,7,706.5518111,35,72.16892006
Satara,45,40,25,7,1783.680566,35,88.50373509
Satara,50,40,25,7,1541.350654,35,1.516039329
Satara,55,40,25,7,1069.744534,35,93.4280354
Satara,60,40,25,7,825.9752445,35,51.63999847
Satara,40,20,35,7.5,918.8820565,25,70.37245616
Satara,45,20,35,7.5,1161.954048,25,85.70683205
Satara,50,20,35,7.5,942.5372634,25,47.24326554
Satara,55,20,35,7.5,956.4289834,25,83.66243326
Satara,60,20,35,7.5,565.6220725,25,18.58436213
Satara,40,25,40,6,1474.061609,30,16.75758591
Satara,45,25,40,6,1297.264831,30,66.08966552
Satara,50,25,40,6,1985.422677,30,87.14415755
Satara,55,25,40,6,454.2395676,30,89.35019158
Satara,60,25,40,6,404.7290277,30,64.73030538
Satara,40,30,20,6.5,1128.678138,35,53.02343379
Satara,45,30,20,6.5,473.5833743,35,33.80791568
Satara,50,30,20,6.5,1299.118072,35,98.02004114
Satara,55,30,20,6.5,553.0071956,35,32.64987298
Satara,60,30,20,6.5,1069.397296,35,74.67442462
Satara,40,35,25,7,1300.36061,25,53.66619819
Satara,45,35,25,7,1024.47342,25,61.24272191
Satara,50,35,25,7,775.9735483,25,39.95457451
Satara,55,35,25,7,1608.168949,25,96.51748942
Satara,60,35,25,7,1738.384444,25,57.59655028
Satara,40,40,30,7.5,700.4897016,30,93.84097542
Satara,45,40,30,7.5,1664.108722,30,1.751550201
Satara,50,40,30,7.5,904.9412357,30,57.69438774
Satara,55,40,30,7.5,1077.722549,30,72.00150208
Satara,60,40,30,7.5,617.1494381,30,74.76293695
Satara,40,20,40,6,1326.302796,35,90.5927113
Satara,45,20,40,6,381.6680902,35,1.435759291
Satara,50,20,40,6,1264.947547,35,1.032685767
Satara,55,20,40,6,1981.492547,35,47.75408262
Satara,60,20,40,6,1556.239353,35,3.900076796
Satara,40,25,20,6.5,1811.070756,25,97.47872281
Satara,45,25,20,6.5,1035.551972,25,22.98445228
Satara,50,25,20,6.5,455.7896125,25,47.79380821
Satara,55,25,20,6.5,719.2314089,25,7.052625371
Satara,60,25,20,6.5,288.2534136,25,52.6827932
Satara,40,30,25,7,1103.25975,30,38.61565639
Satara,45,30,25,7,1369.400369,30,5.421342859
Satara,50,30,25,7,964.0699508,30,34.1773024
Satara,55,30,25,7,1213.768818,30,39.752166
Satara,60,30,25,7,777.264047,30,99.00222764
Satara,40,35,30,7.5,354.5445691,35,21.58070132
Satara,45,35,30,7.5,977.5981864,35,54.93318192
Satara,50,35,30,7.5,1186.036032,35,98.74423937
Satara,55,35,30,7.5,1968.742628,35,79.40990159
Satara,60,35,30,7.5,825.0921283,35,99.34338259
Satara,40,40,35,6,1419.985383,25,96.86153315
Satara,45,40,35,6,1680.723994,25,49.46441467
Satara,50,40,35,6,803.7033099,25,69.94120914
Satara,55,40,35,6,1873.87623,25,11.93386957
Satara,60,40,35,6,809.8963169,25,44.67373368
Satara,120,60,120,6,1945.647758,20,81.09283568
Satara,125,60,120,6,203.8824522,20,51.02819678
Satara,130,60,120,6,1341.511982,20,70.56720425
Satara,135,60,120,6,1621.867246,20,74.82938167
Satara,140,60,120,6,704.1087541,20,26.09344498
Satara,145,60,120,6,410.6904927,20,87.69423792
Satara,150,60,120,6,243.8631936,20,46.52242066
Satara,120,65,125,6.5,333.9324855,25,21.80832526
Satara,125,65,125,6.5,1177.461277,25,86.6761723
Satara,130,65,125,6.5,1710.501326,25,42.3640618
Satara,135,65,125,6.5,313.6355575,25,75.2809314
Satara,140,65,125,6.5,403.7246803,25,55.25527415
Satara,145,65,125,6.5,209.1854038,25,38.80530347
Satara,150,65,125,6.5,708.0993178,25,81.17776509
Satara,120,70,130,7,1858.243495,30,58.86252323
Satara,125,70,130,7,697.3183962,30,39.66564814
Satara,130,70,130,7,993.4660046,30,11.85018916
Satara,135,70,130,7,522.1233124,30,89.64908606
Satara,140,70,130,7,409.3121656,30,4.511488949
Satara,145,70,130,7,528.3100039,30,86.45554749
Satara,150,70,130,7,578.7791013,30,36.63619096
Satara,120,75,135,6,434.5198864,35,64.29453759
Satara,125,75,135,6,1624.795421,35,92.29777266
Satara,130,75,135,6,1059.042149,35,16.01895493
Satara,135,75,135,6,1171.58497,35,57.12809709
Satara,140,75,135,6,874.3710355,35,76.67885337
Satara,145,75,135,6,579.3371135,35,76.00079944
Satara,150,75,135,6,369.0229962,35,53.03755955
Satara,120,80,140,6.5,336.6662655,20,62.84920653
Satara,125,80,140,6.5,533.2556463,20,75.99517242
Satara,130,80,140,6.5,1730.317148,20,84.26173614
Satara,135,80,140,6.5,589.7813412,20,76.41949659
Satara,140,80,140,6.5,838.6752651,20,36.04648937
Satara,145,80,140,6.5,1230.952959,20,99.6759137
Satara,150,80,140,6.5,1120.543589,20,44.01576668
Satara,120,85,145,7,1398.477134,25,3.422005573
Satara,125,85,145,7,549.7666932,25,36.89907821
Satara,130,85,145,7,1143.288072,25,13.6505125
Satara,135,85,145,7,1581.948487,25,13.02281896
Satara,140,85,145,7,897.5125186,25,28.87196897
Satara,145,85,145,7,1949.409917,25,6.284173924
Satara,150,85,145,7,1240.308979,25,69.16270665
Satara,120,90,150,6,1414.687804,30,8.324899536
Satara,125,90,150,6,1026.357931,30,21.12566599
Satara,130,90,150,6,1744.131519,30,10.19707173
Satara,135,90,150,6,1012.676463,30,7.253605359
Satara,140,90,150,6,1896.104564,30,27.50741489
Satara,145,90,150,6,753.4829774,30,57.6179978
Satara,150,90,150,6,1758.47493,30,96.50387009
Satara,120,60,125,6.5,1350.835713,35,87.68010878
Satara,125,60,125,6.5,1638.298405,35,87.71745862
Satara,130,60,125,6.5,267.8623123,35,18.43063657
Satara,135,60,125,6.5,699.1033732,35,27.22581216
Satara,140,60,125,6.5,1724.741937,35,8.562938363
Satara,145,60,125,6.5,773.0006482,35,78.06836565
Satara,150,60,125,6.5,1482.779636,35,7.911813847
Satara,120,65,130,7,1985.939866,20,56.11287141
Satara,125,65,130,7,518.9037494,20,25.53968166
Satara,130,65,130,7,951.5826929,20,25.10111777
Satara,135,65,130,7,497.2280794,20,99.08178047
Satara,140,65,130,7,477.7156181,20,75.92120089
Satara,145,65,130,7,1339.477088,20,83.85699647
Satara,150,65,130,7,544.4768662,20,57.62628585
Satara,120,70,135,6,1068.777108,25,87.23041445
Satara,125,70,135,6,1960.294653,25,64.90356338
Satara,130,70,135,6,799.6330677,25,94.67119677
Satara,135,70,135,6,1772.533724,25,28.85252002
Satara,140,70,135,6,913.4571106,25,59.93663503
Satara,145,70,135,6,673.1568391,25,69.32300345
Satara,150,70,135,6,805.2530656,25,39.9007932
Satara,120,75,140,6.5,429.8356592,30,88.09109026
Satara,125,75,140,6.5,1422.173281,30,98.00051315
Satara,130,75,140,6.5,1116.2359,30,49.88317965
Satara,135,75,140,6.5,1304.894834,30,39.67342483
Satara,140,75,140,6.5,745.5669999,30,47.72185493
Satara,145,75,140,6.5,1376.236938,30,85.42093783
Satara,150,75,140,6.5,496.2779989,30,64.90137413
Satara,120,80,145,7,1374.450889,35,5.432464879
Satara,125,80,145,7,346.0486847,35,54.67482113
Satara,130,80,145,7,920.49168,35,2.712712151
Satara,135,80,145,7,1297.555488,35,78.07500173
Satara,140,80,145,7,1739.57158,35,33.50291508
Satara,145,80,145,7,1662.347047,35,47.72874073
Satara,150,80,145,7,1148.510139,35,80.06913248
Satara,120,85,150,6,1790.067255,20,5.598432911
Satara,125,85,150,6,1110.625337,20,16.69561202
Satara,130,85,150,6,1130.900088,20,40.39807727
Satara,135,85,150,6,1496.996564,20,23.76259119
Satara,140,85,150,6,1780.008181,20,34.45224115
Satara,145,85,150,6,1284.889693,20,99.81929905
Satara,150,85,150,6,1899.545161,20,82.71602932
Satara,120,90,120,6.5,618.6549189,25,88.50627968
Satara,125,90,120,6.5,1863.756972,25,93.76840872
Satara,130,90,120,6.5,598.9753194,25,34.75265215
Satara,135,90,120,6.5,1147.547895,25,30.41061882
Satara,140,90,120,6.5,1632.857233,25,24.17218676
Satara,145,90,120,6.5,1642.851501,25,83.18157422
Satara,150,90,120,6.5,700.6866719,25,68.27563437
Satara,120,60,130,7,1974.611397,30,24.38102627
Satara,125,60,130,7,345.0861598,30,38.32238909
Satara,130,60,130,7,262.6089447,30,51.16446463
Satara,135,60,130,7,1714.753026,30,53.28586567
Satara,140,60,130,7,1674.234039,30,88.98404513
Satara,145,60,130,7,1483.071404,30,38.67604716
Satara,150,60,130,7,1731.393243,30,90.94387902
Satara,120,65,135,6,447.6066612,35,44.69538847
Satara,125,65,135,6,372.2375809,35,74.8908948
Satara,130,65,135,6,1944.92474,35,93.09517768
Satara,135,65,135,6,1323.628387,35,90.84999469
Satara,140,65,135,6,1855.724145,35,6.638333862
Satara,145,65,135,6,1831.597804,35,21.3647252
Satara,150,65,135,6,1375.651711,35,48.21363713
Satara,120,70,140,6.5,1331.254123,20,43.72387471
Satara,125,70,140,6.5,847.9024472,20,64.44827482
Satara,130,70,140,6.5,468.3981007,20,94.52619603
Satara,135,70,140,6.5,1435.888915,20,12.12806642
Satara,140,70,140,6.5,1672.149026,20,45.73400785
Satara,145,70,140,6.5,1180.32275,20,20.04869275
Satara,150,70,140,6.5,291.5644522,20,89.51665224
Satara,120,75,145,7,460.8518702,25,96.49343839
Satara,125,75,145,7,383.5286091,25,48.39146651
Satara,130,75,145,7,1384.096968,25,11.29701948
Satara,135,75,145,7,1216.620357,25,78.74417201
Satara,140,75,145,7,1039.700529,25,70.0169937
Satara,145,75,145,7,1178.135401,25,36.11241183
Satara,150,75,145,7,696.7187162,25,88.85333992
Satara,120,80,150,6,1648.508909,30,97.60735709
Satara,125,80,150,6,791.3814525,30,56.22753106
Satara,130,80,150,6,1359.742149,30,57.00706322
Satara,135,80,150,6,903.5736439,30,30.45383701
Satara,140,80,150,6,329.899745,30,58.86609756
Satara,145,80,150,6,662.512564,30,44.52458973
Satara,150,80,150,6,1937.176989,30,30.91691167
Satara,120,85,120,6.5,542.9668168,35,7.651334456
Satara,125,85,120,6.5,388.8716484,35,26.01807811
Satara,130,85,120,6.5,724.073946,35,20.58761032
Satara,135,85,120,6.5,1780.266634,35,54.66215647
Satara,140,85,120,6.5,750.8475638,35,60.56533215
Satara,145,85,120,6.5,951.2842513,35,61.24860071
Satara,150,85,120,6.5,758.1384583,35,39.4299191
Satara,120,90,125,7,1980.152413,20,42.70174363
Satara,125,90,125,7,1999.775178,20,83.58960453
Satara,130,90,125,7,1068.990956,20,48.14704854
Satara,135,90,125,7,1612.686277,20,98.78955988
Satara,140,90,125,7,596.1077076,20,44.52210577
Satara,145,90,125,7,873.731264,20,65.30851352
Satara,150,90,125,7,1422.811409,20,5.9859369
Satara,120,60,135,6,715.391121,25,65.68065252
Satara,125,60,135,6,604.4577371,25,85.29121305
Satara,130,60,135,6,1860.028188,25,94.30332601
Satara,135,60,135,6,639.7365366,25,99.73474055
Satara,140,60,135,6,306.7000741,25,28.93568592
Satara,145,60,135,6,1551.958425,25,57.96163642
Satara,150,60,135,6,637.8829183,25,45.62108057
Satara,120,65,140,6.5,1010.331465,30,56.81793058
Satara,125,65,140,6.5,400.8026611,30,16.58784276
Satara,130,65,140,6.5,323.3280411,30,85.75880769
Satara,135,65,140,6.5,1028.802209,30,91.04732539
Satara,140,65,140,6.5,806.759016,30,45.51650465
Satara,145,65,140,6.5,1110.665408,30,28.7625563
Satara,150,65,140,6.5,1938.409859,30,14.94250934
Satara,120,70,145,7,933.2989152,35,68.69271765
Satara,125,70,145,7,1284.782787,35,31.91095212
Satara,130,70,145,7,375.6716881,35,91.04431842
Satara,135,70,145,7,1794.651689,35,67.43023501
Satara,140,70,145,7,1650.549986,35,64.92284719
Satara,145,70,145,7,1140.33261,35,56.38080947
Satara,150,70,145,7,530.0783737,35,5.531857603
Satara,120,75,150,6,966.7098549,20,93.26032113
Satara,125,75,150,6,735.2911926,20,63.16581184
Satara,130,75,150,6,1990.13016,20,99.41213635
Satara,135,75,150,6,1083.508919,20,54.19828407
Satara,140,75,150,6,960.019589,20,71.3009783
Satara,145,75,150,6,504.304969,20,6.564746229
Satara,150,75,150,6,630.3961089,20,63.54188151
Satara,120,80,120,6.5,1480.857886,25,76.70031155
Satara,125,80,120,6.5,1162.836799,25,78.07291519
Satara,130,80,120,6.5,844.4563629,25,77.24105357
Satara,135,80,120,6.5,734.6246346,25,23.4019801
Satara,140,80,120,6.5,561.3324432,25,97.56444928
Satara,145,80,120,6.5,261.0162071,25,99.52302994
Satara,150,80,120,6.5,1958.869943,25,8.483991641
Satara,120,85,125,7,1555.598632,30,93.70819586
Satara,125,85,125,7,1870.167467,30,29.65547024
Satara,130,85,125,7,942.5915595,30,69.23912409
Satara,135,85,125,7,1764.888951,30,34.47298115
Satara,140,85,125,7,661.2498594,30,96.80767801
Satara,145,85,125,7,1117.702665,30,11.04888197
Satara,150,85,125,7,564.4629917,30,50.27693488
Satara,120,90,130,6,1586.606898,35,43.3767314
Satara,125,90,130,6,1095.683612,35,33.27632178
Satara,130,90,130,6,1165.291289,35,64.9078651
Satara,135,90,130,6,1747.018333,35,13.9745186
Satara,140,90,130,6,1530.591351,35,71.9495794
Satara,145,90,130,6,1939.278722,35,98.07862026
Satara,150,90,130,6,929.6047985,35,80.65131273
Satara,120,60,140,6.5,1030.6185,20,86.14165854
Satara,125,60,140,6.5,1307.609634,20,36.60403757
Satara,130,60,140,6.5,1015.962413,20,33.16377404
Satara,135,60,140,6.5,955.3076834,20,52.18778711
Satara,140,60,140,6.5,813.0291355,20,5.526934861
Satara,145,60,140,6.5,1697.391595,20,94.59045531
Satara,150,60,140,6.5,1160.280855,20,15.23473213
Satara,120,65,145,7,1293.325633,25,90.39829088
Satara,125,65,145,7,567.3359611,25,9.274639978
Satara,130,65,145,7,653.1976647,25,82.43986784
Satara,135,65,145,7,811.6277752,25,16.04429006
Satara,140,65,145,7,1037.664157,25,4.775029795
Satara,145,65,145,7,279.0691465,25,72.22945558
Satara,150,65,145,7,1799.104451,25,28.74626472
Satara,120,70,150,6,1826.682058,30,71.73511913
Satara,125,70,150,6,1391.023856,30,55.9534398
Satara,130,70,150,6,768.8951015,30,11.77193163
Satara,135,70,150,6,893.5729484,30,93.28087726
Satara,140,70,150,6,1521.291798,30,45.7791033
Satara,145,70,150,6,715.3238099,30,73.7102805
Satara,150,70,150,6,1296.052441,30,50.60103663
Satara,120,75,120,6.5,1831.287941,35,60.83178602
Satara,125,75,120,6.5,938.8060977,35,30.97458564
Satara,130,75,120,6.5,1256.687775,35,20.8356701
Satara,135,75,120,6.5,1871.461617,35,54.71445014
Satara,140,75,120,6.5,813.0468186,35,44.58167832
Satara,145,75,120,6.5,1567.351542,35,39.62120813
Satara,150,75,120,6.5,1559.219341,35,67.58415231
Satara,120,80,125,7,1871.291349,20,69.36015657
Satara,125,80,125,7,1745.460775,20,5.546085553
Satara,130,80,125,7,1547.89073,20,34.53570493
Satara,135,80,125,7,1345.727771,20,41.76469047
Satara,140,80,125,7,634.1389238,20,10.59232396
Satara,145,80,125,7,1407.167611,20,24.3541858
Satara,150,80,125,7,697.5982391,20,6.112537925
Satara,120,85,130,6,992.0352896,25,99.62796776
Satara,125,85,130,6,1477.457546,25,73.91916309
Satara,130,85,130,6,1414.809646,25,9.657565494
Satara,135,85,130,6,922.1583672,25,3.004688599
Satara,140,85,130,6,528.8162348,25,72.20949222
Satara,145,85,130,6,1071.456417,25,44.4800244
Satara,150,85,130,6,685.9512569,25,78.8928742
Satara,120,90,135,6.5,659.7820616,30,92.42412774
Satara,125,90,135,6.5,788.2284538,30,60.33073851
Satara,130,90,135,6.5,1471.227965,30,19.52373387
Satara,135,90,135,6.5,1095.114498,30,78.43720957
Satara,140,90,135,6.5,871.7077583,30,95.62536257
Satara,145,90,135,6.5,1821.070666,30,58.44289742
Satara,150,90,135,6.5,1472.205214,30,68.51774728
Satara,120,60,145,7,1090.375089,35,34.40999481
Satara,125,60,145,7,958.3190531,35,38.77124177
Satara,130,60,145,7,1674.014296,35,73.73079529
Satara,135,60,145,7,511.2640891,35,92.84933874
Satara,140,60,145,7,1395.477066,35,63.26985034
Satara,145,60,145,7,237.827538,35,79.19494294
Satara,150,60,145,7,212.5292835,35,17.99186672
Satara,120,65,150,6,1877.210648,20,21.98394994
Satara,125,65,150,6,1125.179441,20,53.671434
Satara,130,65,150,6,767.211366,20,18.47886503
Satara,135,65,150,6,1630.453168,20,63.86451195
Satara,140,65,150,6,1972.690411,20,29.87366535
Satara,145,65,150,6,261.9448246,20,79.36172925
Satara,150,65,150,6,268.3292496,20,81.00292431
Satara,120,70,120,6.5,1738.607694,25,46.91495812
Satara,125,70,120,6.5,1202.08664,25,18.90025287
Satara,130,70,120,6.5,1788.935135,25,65.03072115
Satara,135,70,120,6.5,1450.357539,25,99.28591481
Satara,140,70,120,6.5,1047.054173,25,62.6364989
Satara,145,70,120,6.5,490.4226647,25,4.541694381
Satara,150,70,120,6.5,901.7500645,25,2.712103601
Satara,120,75,125,7,1616.861167,30,32.71583508
Satara,125,75,125,7,621.0515893,30,20.38259688
Satara,130,75,125,7,1482.259689,30,81.49206951
Satara,135,75,125,7,645.2202424,30,84.63576104
Satara,140,75,125,7,1034.361881,30,26.60325836
Satara,145,75,125,7,353.7776078,30,33.23883292
Satara,150,75,125,7,1018.997226,30,24.3884498
Satara,120,80,130,6,1302.86458,35,90.92987219
Satara,125,80,130,6,1213.972475,35,50.76228413
Satara,130,80,130,6,931.6397259,35,65.95756736
Satara,135,80,130,6,865.4514963,35,42.13272658
Satara,140,80,130,6,695.7177635,35,63.47040516
Satara,145,80,130,6,1580.787318,35,39.1996823
Satara,150,80,130,6,1608.748576,35,34.62816534
Satara,120,85,135,6.5,1069.44959,20,63.81352724
Satara,125,85,135,6.5,888.6111768,20,59.51514573
Satara,130,85,135,6.5,1347.36135,20,30.05926746
Satara,135,85,135,6.5,1203.91818,20,15.78549658
Satara,140,85,135,6.5,1401.05984,20,37.48909269
Satara,145,85,135,6.5,750.827958,20,42.10456628
Satara,150,85,135,6.5,1619.029207,20,63.23974901
Satara,120,90,140,7,770.1370595,25,91.5383476
Satara,125,90,140,7,953.7018894,25,4.582294956
Satara,130,90,140,7,438.3609108,25,25.12244024
Satara,135,90,140,7,1739.66478,25,20.17787829
Satara,140,90,140,7,1359.692743,25,50.72714646
Satara,145,90,140,7,623.5167058,25,43.5403799
Satara,150,90,140,7,1733.092497,25,73.17472476
Satara,120,60,150,6,1468.627414,30,24.99917534
Satara,125,60,150,6,995.9244599,30,59.85533821
Satara,130,60,150,6,1981.717096,30,88.5018691
Satara,135,60,150,6,806.9775501,30,91.15709625
Satara,140,60,150,6,379.1892201,30,95.91967587
Satara,145,60,150,6,1520.226287,30,77.55285406
Satara,150,60,150,6,1562.688272,30,90.69280272
Satara,120,65,120,6.5,306.1371909,35,24.21855633
Satara,125,65,120,6.5,1674.95442,35,20.56051349
Satara,130,65,120,6.5,1596.694725,35,1.642320294
Satara,135,65,120,6.5,1873.273469,35,70.97759139
Satara,140,65,120,6.5,413.3884206,35,93.80925159
Satara,145,65,120,6.5,1281.457205,35,19.50659916
Satara,150,65,120,6.5,594.9605749,35,64.05741397
Satara,120,70,125,7,918.9955155,20,74.89951616
Satara,125,70,125,7,677.1634924,20,92.83380928
Satara,130,70,125,7,1008.735864,20,65.03916218
Satara,135,70,125,7,403.1773912,20,97.05907954
Satara,140,70,125,7,746.3279141,20,35.12264096
Satara,145,70,125,7,327.6537116,20,35.64292484
Satara,150,70,125,7,1085.297578,20,54.75823849
Satara,120,75,130,6,734.0297774,25,38.96668623
Satara,125,75,130,6,1262.555393,25,1.1411471
Satara,130,75,130,6,1021.603127,25,73.44543048
Satara,135,75,130,6,638.9355612,25,75.41998711
Satara,140,75,130,6,385.2923935,25,74.95048586
Satara,145,75,130,6,1555.970039,25,35.15704599
Satara,150,75,130,6,1339.638597,25,52.70665786
Satara,120,80,135,6.5,259.2739934,30,36.6373783
Satara,125,80,135,6.5,1980.858008,30,2.587603603
Satara,130,80,135,6.5,1356.482494,30,56.68244519
Satara,135,80,135,6.5,572.9254161,30,13.25230594
Satara,140,80,135,6.5,1712.894372,30,8.924091085
Satara,145,80,135,6.5,1787.781299,30,75.7944078
Satara,150,80,135,6.5,1232.633714,30,1.941114039
Satara,120,85,140,7,1794.029956,35,95.94183592
Satara,125,85,140,7,252.5091742,35,52.01028105
Satara,130,85,140,7,1901.30008,35,98.31862664
Satara,135,85,140,7,302.9665054,35,6.741759675
Satara,140,85,140,7,1356.302115,35,58.76942534
Satara,145,85,140,7,822.6103465,35,35.58337656
Satara,150,85,140,7,270.7622326,35,84.50476679
Satara,120,90,145,6,1872.718952,20,36.76105079
Satara,125,90,145,6,443.6437867,20,26.78827033
Satara,130,90,145,6,1736.739537,20,85.89775958
Satara,135,90,145,6,794.6210162,20,38.09065607
Satara,140,90,145,6,1534.095205,20,2.666498666
Satara,145,90,145,6,657.5974217,20,39.63862098
Satara,150,90,145,6,1250.181088,20,65.79770463
Satara,40,40,60,5.5,1639.196853,20,26.18159434
Satara,45,40,60,5.5,1219.123695,20,43.76677165
Satara,50,40,60,5.5,751.7946146,20,6.61479869
Satara,55,40,60,5.5,620.184321,20,59.22118636
Satara,60,40,60,5.5,514.6500742,20,75.87319746
Satara,40,45,65,6,1709.86254,25,41.91794358
Satara,45,45,65,6,1299.696725,25,42.60303065
Satara,50,45,65,6,1115.620265,25,9.73996736
Satara,55,45,65,6,649.2452309,25,20.99214559
Satara,60,45,65,6,980.7558474,25,16.31285501
Satara,40,50,70,6.5,1316.113055,30,48.6870891
Satara,45,50,70,6.5,329.3869763,30,53.39629855
Satara,50,50,70,6.5,849.2868858,30,94.945073
Satara,55,50,70,6.5,631.1065731,30,8.249918923
Satara,60,50,70,6.5,1363.726831,30,60.38692934
Satara,40,55,75,5.5,1291.284214,35,53.12335421
Satara,45,55,75,5.5,738.9478904,35,52.1070767
Satara,50,55,75,5.5,274.9352998,35,87.44276945
Satara,55,55,75,5.5,529.0629515,35,21.3483086
Satara,60,55,75,5.5,488.1117361,35,5.03655416
Satara,40,60,80,6,1223.109803,20,67.55487926
Satara,45,60,80,6,504.7246214,20,35.17058895
Satara,50,60,80,6,1068.201838,20,2.741401705
Satara,55,60,80,6,1306.151907,20,25.88602672
Satara,60,60,80,6,1783.218049,20,31.62335065
Satara,40,40,65,6.5,641.0496134,25,62.0669993
Satara,45,40,65,6.5,534.6432852,25,18.08599361
Satara,50,40,65,6.5,511.8568996,25,41.89238045
Satara,55,40,65,6.5,848.7727571,25,48.765069
Satara,60,40,65,6.5,1368.526195,25,46.46450175
Satara,40,45,70,5.5,1409.352357,30,97.4201359
Satara,45,45,70,5.5,579.7314212,30,5.504919541
Satara,50,45,70,5.5,436.2202133,30,95.14585046
Satara,55,45,70,5.5,1007.620281,30,58.61178419
Satara,60,45,70,5.5,454.1443075,30,79.77704378
Satara,40,50,75,6,1663.257341,35,43.60886918
Satara,45,50,75,6,350.9866055,35,45.92995024
Satara,50,50,75,6,1553.76798,35,88.0533234
Satara,55,50,75,6,276.7662479,35,89.69751513
Satara,60,50,75,6,1652.571409,35,24.63019926
Satara,40,55,80,6.5,1328.873016,20,20.72494598
Satara,45,55,80,6.5,780.2715905,20,50.12728221
Satara,50,55,80,6.5,929.9332906,20,90.12742569
Satara,55,55,80,6.5,1412.511033,20,32.91315425
Satara,60,55,80,6.5,534.1306592,20,65.54944692
Satara,40,60,60,5.5,1802.577204,25,71.10701709
Satara,45,60,60,5.5,1069.196842,25,78.08879182
Satara,50,60,60,5.5,1568.25109,25,56.82852133
Satara,55,60,60,5.5,1112.052846,25,40.84306265
Satara,60,60,60,5.5,1014.102611,25,96.73458289
Satara,40,40,70,6,1045.308012,30,61.52174458
Satara,45,40,70,6,853.6244794,30,73.12795595
Satara,50,40,70,6,1518.957552,30,35.15330172
Satara,55,40,70,6,1723.074399,30,67.32496892
Satara,60,40,70,6,1737.913996,30,26.52196855
Satara,40,45,75,6.5,418.0622851,35,25.26459484
Satara,45,45,75,6.5,1570.46223,35,71.75749798
Satara,50,45,75,6.5,559.9183155,35,52.61807889
Satara,55,45,75,6.5,221.921021,35,68.64438443
Satara,60,45,75,6.5,695.8262635,35,27.67441058
Satara,40,50,80,5.5,727.1634768,20,60.27361076
Satara,45,50,80,5.5,1657.620297,20,44.94943132
Satara,50,50,80,5.5,1536.313367,20,60.0990684
Satara,55,50,80,5.5,352.4322265,20,29.79709349
Satara,60,50,80,5.5,786.730354,20,71.8296454
Satara,40,55,60,6,652.339724,25,80.78700725
Satara,45,55,60,6,1271.819338,25,26.73173091
Satara,50,55,60,6,1174.721552,25,30.76143543
Satara,55,55,60,6,1422.04305,25,66.4542727
Satara,60,55,60,6,1839.313698,25,69.86293226
Satara,40,60,65,6.5,957.9324037,30,70.70586876
Satara,45,60,65,6.5,1380.66322,30,68.58715197
Satara,50,60,65,6.5,1853.034485,30,39.88796398
Satara,55,60,65,6.5,1175.025052,30,40.09051377
Satara,60,60,65,6.5,754.9057641,30,26.22694474
Satara,40,40,75,5.5,925.2202779,35,16.52653629
Satara,45,40,75,5.5,1558.304582,35,69.56516056
Satara,50,40,75,5.5,1496.020085,35,10.22568981
Satara,55,40,75,5.5,1547.147723,35,93.84143639
Satara,60,40,75,5.5,1537.934402,35,82.84194406
Satara,40,45,80,6,1856.826018,20,85.89306826
Satara,45,45,80,6,1575.209263,20,90.76021265
Satara,50,45,80,6,1739.786755,20,41.4518921
Satara,55,45,80,6,1232.680971,20,84.82337161
Satara,60,45,80,6,1359.508496,20,16.64806873
Satara,40,50,60,6.5,1941.895053,25,3.142537666
Satara,45,50,60,6.5,1766.541577,25,78.70424807
Satara,50,50,60,6.5,1599.248433,25,8.404868152
Satara,55,50,60,6.5,1433.926356,25,98.86394207
Satara,60,50,60,6.5,845.332828,25,67.80484653
Satara,40,55,65,5.5,1186.626015,30,75.59152131
Satara,45,55,65,5.5,299.2307393,30,25.33458177
Satara,50,55,65,5.5,949.1001493,30,67.712674
Satara,55,55,65,5.5,401.4135519,30,5.278773788
Satara,60,55,65,5.5,1511.551165,30,83.94474627
Satara,40,60,70,6,1806.171747,35,17.79278521
Satara,45,60,70,6,513.3493922,35,70.03844862
Satara,50,60,70,6,642.2300908,35,23.22356962
Satara,55,60,70,6,1742.565697,35,7.776863773
Satara,60,60,70,6,1254.497916,35,48.66787418
Satara,40,40,80,6.5,1258.955989,20,17.75933482
Satara,45,40,80,6.5,1213.177456,20,73.21495484
Satara,50,40,80,6.5,592.8693693,20,24.51901849
Satara,55,40,80,6.5,637.9454274,20,34.90478307
Satara,60,40,80,6.5,1909.357608,20,57.17648588
Satara,40,45,60,5.5,1502.246274,25,29.21185948
Satara,45,45,60,5.5,362.7820767,25,38.4208235
Satara,50,45,60,5.5,601.288889,25,81.74655533
Satara,55,45,60,5.5,1328.807938,25,18.74177511
Satara,60,45,60,5.5,710.2376965,25,9.137957359
Satara,40,50,65,6,653.1205808,30,33.50742073
Satara,45,50,65,6,564.2263874,30,43.01329993
Satara,50,50,65,6,534.3083544,30,54.72326893
Satara,55,50,65,6,1303.995047,30,37.86994592
Satara,60,50,65,6,1830.527883,30,79.20125832
Satara,40,55,70,6.5,850.0373407,35,4.892629279
Satara,45,55,70,6.5,418.7154825,35,43.74498628
Satara,50,55,70,6.5,423.7388168,35,38.84333555
Satara,55,55,70,6.5,1880.641469,35,65.11027059
Satara,60,55,70,6.5,1151.723861,35,96.66134894
Satara,40,60,75,5.5,1039.313919,20,51.52716526
Satara,45,60,75,5.5,1803.334239,20,98.70080785
Satara,50,60,75,5.5,1112.803287,20,30.9226901
Satara,55,60,75,5.5,1065.078007,20,4.055945122
Satara,60,60,75,5.5,1867.97456,20,17.40065358
Satara,50,50,40,5.5,1054.026421,20,40.11736359
Satara,55,50,40,5.5,903.7299364,20,32.31705701
Satara,60,50,40,5.5,1246.991838,20,10.60835897
Satara,50,55,45,6,1959.016757,25,43.83335066
Satara,55,55,45,6,1934.892277,25,34.47346139
Satara,60,55,45,6,1596.082527,25,13.13930283
Satara,50,60,50,6.5,1098.705547,30,30.31559593
Satara,55,60,50,6.5,1786.631075,30,88.75716948
Satara,60,60,50,6.5,954.8893611,30,30.90283768
Satara,50,50,45,7,1352.257481,20,71.6815869
Satara,55,50,45,7,522.9683185,20,61.59266089
Satara,60,50,45,7,1390.317764,20,43.29093508
Satara,50,55,50,7.5,696.9906489,25,24.66353804
Satara,55,55,50,7.5,1589.155367,25,37.53245524
Satara,60,55,50,7.5,945.2722904,25,59.61861413
Satara,50,60,40,5.5,917.1376122,30,35.72456826
Satara,55,60,40,5.5,1543.839765,30,22.27474692
Satara,60,60,40,5.5,965.5735505,30,12.52981214
Satara,50,50,50,6,1485.238443,20,88.09692685
Satara,55,50,50,6,1739.118009,20,44.5909846
Satara,60,50,50,6,446.3815424,20,62.89562385
Satara,50,55,40,6.5,1062.241393,25,49.55062575
Satara,55,55,40,6.5,1900.840754,25,87.38408532
Satara,60,55,40,6.5,1661.926613,25,55.14655039
Satara,50,60,45,7,1952.502079,30,48.59736038
Satara,55,60,45,7,1748.555222,30,92.53549805
Satara,60,60,45,7,758.3956723,30,72.24927001
Satara,60,40,40,6,522.4746981,15,12.04344083
Satara,65,40,40,6,578.975248,15,18.59274166
Satara,70,40,40,6,590.406929,15,78.92516343
Satara,75,40,40,6,336.3255107,15,83.7492808
Satara,80,40,40,6,1832.231167,15,54.97389208
Satara,60,45,45,6.5,1104.587461,20,55.89106756
Satara,65,45,45,6.5,382.288156,20,63.56136332
Satara,70,45,45,6.5,1572.754892,20,44.47246165
Satara,75,45,45,6.5,786.1533178,20,68.33971322
Satara,80,45,45,6.5,327.8675141,20,11.7396445
Satara,60,50,50,7,541.5618038,25,96.16664499
Satara,65,50,50,7,1383.589685,25,75.26532756
Satara,70,50,50,7,1629.211332,25,63.4862462
Satara,75,50,50,7,656.618079,25,32.31588364
Satara,80,50,50,7,1238.704887,25,16.93459326
Satara,60,55,55,7.5,201.5706041,15,41.52495342
Satara,65,55,55,7.5,701.0974471,15,66.49609732
Satara,70,55,55,7.5,526.9408793,15,63.7372646
Satara,75,55,55,7.5,337.7832044,15,38.88147435
Satara,80,55,55,7.5,1071.011537,15,61.71535299
Satara,60,60,60,6,1335.827927,20,81.56108126
Satara,65,60,60,6,283.4774366,20,3.602192461
Satara,70,60,60,6,448.2041226,20,45.61148375
Satara,75,60,60,6,1878.124122,20,76.09696762
Satara,80,60,60,6,601.6031177,20,55.06830258
Satara,60,40,45,6.5,1567.977944,25,65.4961327
Satara,65,40,45,6.5,1545.922991,25,52.15096287
Satara,70,40,45,6.5,778.8485043,25,99.19557992
Satara,75,40,45,6.5,567.4104186,25,6.407532112
Satara,80,40,45,6.5,639.1109965,25,49.61343736
Satara,60,45,50,7,1218.618141,15,10.05023836
Satara,65,45,50,7,886.0862368,15,16.81877065
Satara,70,45,50,7,1092.017645,15,38.92079669
Satara,75,45,50,7,1660.90247,15,16.39846906
Satara,80,45,50,7,1104.133493,15,96.40502943
Satara,60,50,55,7.5,1991.412066,20,94.7321879
Satara,65,50,55,7.5,1398.500847,20,34.27485498
Satara,70,50,55,7.5,573.0457846,20,64.33502349
Satara,75,50,55,7.5,1099.133808,20,53.84157874
Satara,80,50,55,7.5,1664.1519,20,81.74311107
Satara,60,55,60,6,592.9427628,25,63.11711537
Satara,65,55,60,6,1512.95985,25,1.024992995
Satara,70,55,60,6,260.2082615,25,76.55426418
Satara,75,55,60,6,1896.740897,25,74.93796401
Satara,80,55,60,6,1394.051149,25,51.46254785
Satara,60,60,40,6.5,492.6265476,15,90.38897835
Satara,65,60,40,6.5,1773.730459,15,90.93617436
Satara,70,60,40,6.5,347.2772256,15,52.86725599
Satara,75,60,40,6.5,930.6721346,15,61.19083489
Satara,80,60,40,6.5,1526.508811,15,99.65568512
Satara,60,40,50,7,1887.331929,20,30.58320325
Satara,65,40,50,7,827.8584803,20,33.13710699
Satara,70,40,50,7,1694.920216,20,19.09461636
Satara,75,40,50,7,554.1540638,20,89.69082698
Satara,80,40,50,7,263.1986645,20,74.7043506
Satara,60,45,55,7.5,251.7697699,25,11.45864204
Satara,65,45,55,7.5,1384.706884,25,98.19496777
Satara,70,45,55,7.5,477.5731507,25,73.36520911
Satara,75,45,55,7.5,290.5837587,25,85.20168885
Satara,80,45,55,7.5,1958.145546,25,5.766928128
Satara,60,50,60,6,635.622083,15,50.99113098
Satara,65,50,60,6,1032.598069,15,70.16123039
Satara,70,50,60,6,1303.54605,15,54.75171187
Satara,75,50,60,6,460.0208659,15,66.9980991
Satara,80,50,60,6,842.9039492,15,81.9695323
Satara,60,55,40,6.5,1365.872321,20,38.05936923
Satara,65,55,40,6.5,1351.571091,20,85.01819889
Satara,70,55,40,6.5,1715.703156,20,17.12869437
Satara,75,55,40,6.5,987.360379,20,27.81771945
Satara,80,55,40,6.5,1801.689726,20,5.291216373
Satara,60,60,45,7,1427.946924,25,37.07825432
Satara,65,60,45,7,1211.789351,25,38.61104494
Satara,70,60,45,7,410.8462869,25,80.72178912
Satara,75,60,45,7,1234.467042,25,65.65993636
Satara,80,60,45,7,1270.409632,25,44.23553326
Satara,60,40,55,7.5,1565.847889,15,65.55928388
Satara,65,40,55,7.5,1494.450321,15,6.225551701
Satara,70,40,55,7.5,1153.964323,15,18.84688207
Satara,75,40,55,7.5,1267.092509,15,63.06783767
Satara,80,40,55,7.5,1590.216882,15,64.4953151
Satara,60,45,60,6,832.5924718,20,77.63933121
Satara,65,45,60,6,442.9480081,20,40.89697615
Satara,70,45,60,6,1773.738885,20,72.53285556
Satara,75,45,60,6,1937.033795,20,68.71405292
Satara,80,45,60,6,972.7487097,20,96.37594446
Satara,60,50,40,6.5,1982.557621,25,22.29789242
Satara,65,50,40,6.5,780.8508467,25,55.61627681
Satara,70,50,40,6.5,319.8333694,25,60.57467977
Satara,75,50,40,6.5,1230.427246,25,99.86614061
Satara,80,50,40,6.5,1762.761232,25,20.91723007
Satara,60,55,45,7,1311.467273,15,52.79858398
Satara,65,55,45,7,216.9688668,15,35.27234546
Satara,70,55,45,7,221.2988265,15,53.06340389
Satara,75,55,45,7,1503.831931,15,23.98073161
Satara,80,55,45,7,1721.617392,15,5.713625464
Satara,60,60,50,7.5,655.4660764,20,57.68397994
Satara,65,60,50,7.5,1046.235902,20,34.24957727
Satara,70,60,50,7.5,1929.963621,20,19.01219877
Satara,75,60,50,7.5,1029.03335,20,33.06962104
Satara,80,60,50,7.5,444.4653789,20,5.878739943
Satara,60,40,60,6,1840.975412,25,95.09378117
Satara,65,40,60,6,1091.301805,25,58.53364358
Satara,70,40,60,6,819.7524957,25,81.66209945
Satara,75,40,60,6,375.3789003,25,42.88870156
Satara,80,40,60,6,1024.882935,25,90.42815209
Satara,60,45,40,6.5,1585.410984,15,48.84850393
Satara,65,45,40,6.5,1490.931818,15,57.8205869
Satara,70,45,40,6.5,1093.857771,15,49.68760403
Satara,75,45,40,6.5,1495.163623,15,73.59455129
Satara,80,45,40,6.5,831.3690231,15,57.09895168
Satara,60,50,45,7,1523.482765,20,27.88829343
Satara,65,50,45,7,354.3214849,20,15.4084136
Satara,70,50,45,7,558.6212601,20,61.0063145
Satara,75,50,45,7,1779.90198,20,49.42881619
Satara,80,50,45,7,728.5797325,20,10.50159397
Satara,60,55,50,7.5,570.69451,25,40.16612911
Satara,65,55,50,7.5,360.2046586,25,51.96286578
Satara,70,55,50,7.5,907.3189899,25,82.86243015
Satara,75,55,50,7.5,320.567735,25,8.534004528
Satara,80,55,50,7.5,1094.564828,25,35.50103948
Satara,60,60,55,6,1854.568527,15,82.44295615
Satara,65,60,55,6,1616.841821,15,65.19396925
Satara,70,60,55,6,273.2127854,15,29.70587386
Satara,75,60,55,6,739.5646954,15,84.68817708
Satara,80,60,55,6,537.7597093,15,49.83606448
Sangli,120,60,80,6.5,320.4917393,20,50.33683724
Sangli,125,60,80,6.5,395.5529864,20,97.68214658
Sangli,130,60,80,6.5,1834.659871,20,94.76453382
Sangli,135,60,80,6.5,758.1497871,20,36.49473565
Sangli,140,60,80,6.5,906.0029772,20,14.91733374
Sangli,145,60,80,6.5,1074.261563,20,33.2410065
Sangli,150,60,80,6.5,1540.872377,20,4.017842771
Sangli,120,65,85,7,1637.066853,25,3.056020784
Sangli,125,65,85,7,1934.713177,25,40.15669149
Sangli,130,65,85,7,579.2205271,25,94.16096245
Sangli,135,65,85,7,741.9191213,25,87.26437678
Sangli,140,65,85,7,763.3292874,25,51.63284056
Sangli,145,65,85,7,1001.465828,25,56.95741174
Sangli,150,65,85,7,1653.327833,25,1.587416178
Sangli,120,70,90,6.5,631.020954,30,22.33461443
Sangli,125,70,90,6.5,1609.25918,30,3.452638567
Sangli,130,70,90,6.5,567.2720331,30,75.69941374
Sangli,135,70,90,6.5,1478.265711,30,15.41893381
Sangli,140,70,90,6.5,1638.202376,30,87.03566315
Sangli,145,70,90,6.5,1736.810733,30,64.68910705
Sangli,150,70,90,6.5,1118.513975,30,23.71244898
Sangli,120,75,95,7,791.6869759,20,16.61431139
Sangli,125,75,95,7,1590.29162,20,63.13484539
Sangli,130,75,95,7,777.6496229,20,90.18286105
Sangli,135,75,95,7,466.5597971,20,72.11766167
Sangli,140,75,95,7,1702.435608,20,35.50611851
Sangli,145,75,95,7,940.2336736,20,59.15097593
Sangli,150,75,95,7,1227.500779,20,31.76540784
Sangli,120,80,100,6.5,1853.199284,25,99.91580711
Sangli,125,80,100,6.5,444.4339182,25,75.13507966
Sangli,130,80,100,6.5,1202.931014,25,61.82378234
Sangli,135,80,100,6.5,1205.776265,25,42.90265513
Sangli,140,80,100,6.5,1751.40435,25,62.19707674
Sangli,145,80,100,6.5,814.2661502,25,34.81999018
Sangli,150,80,100,6.5,922.1853614,25,3.857619106
Sangli,120,60,85,7,1134.727691,30,40.11376371
Sangli,125,60,85,7,500.959968,30,93.11760114
Sangli,130,60,85,7,1047.19051,30,63.00380838
Sangli,135,60,85,7,984.9472296,30,9.311614604
Sangli,140,60,85,7,555.310055,30,88.61436773
Sangli,145,60,85,7,1699.440534,30,27.61861008
Sangli,150,60,85,7,975.8607711,30,25.13317982
Sangli,120,65,90,6.5,750.9186389,20,30.41200591
Sangli,125,65,90,6.5,434.6736259,20,58.14302138
Sangli,130,65,90,6.5,361.5460299,20,54.92412125
Sangli,135,65,90,6.5,1928.408408,20,49.64996171
Sangli,140,65,90,6.5,1991.276189,20,72.03614949
Sangli,145,65,90,6.5,1816.265691,20,32.3372354
Sangli,150,65,90,6.5,1025.536578,20,78.42438764
Sangli,120,70,95,7,1654.248368,25,18.35684616
Sangli,125,70,95,7,1701.707957,25,78.47945812
Sangli,130,70,95,7,739.6565792,25,66.71720042
Sangli,135,70,95,7,1254.85229,25,68.63762265
Sangli,140,70,95,7,1922.27963,25,48.67378632
Sangli,145,70,95,7,704.1220404,25,67.03315174
Sangli,150,70,95,7,1393.195474,25,8.899907609
Sangli,120,75,100,6.5,1392.574025,30,85.30356059
Sangli,125,75,100,6.5,1014.807173,30,6.499176115
Sangli,130,75,100,6.5,1082.591939,30,15.72540948
Sangli,135,75,100,6.5,1021.488522,30,58.10218114
Sangli,140,75,100,6.5,1137.938461,30,74.20173409
Sangli,145,75,100,6.5,467.8000328,30,8.54890487
Sangli,150,75,100,6.5,1630.544802,30,92.1557166
Sangli,120,80,80,7,1389.935203,20,97.38715723
Sangli,125,80,80,7,1952.880092,20,60.98906713
Sangli,130,80,80,7,642.1577403,20,48.64310208
Sangli,135,80,80,7,462.7428375,20,74.39810226
Sangli,140,80,80,7,816.5973186,20,33.50737788
Sangli,145,80,80,7,1117.534526,20,49.83317898
Sangli,150,80,80,7,569.017198,20,91.69895165
Sangli,120,60,90,6.5,1029.081856,25,95.6098871
Sangli,125,60,90,6.5,1356.703846,25,92.77984249
Sangli,130,60,90,6.5,301.1083312,25,26.98235863
Sangli,135,60,90,6.5,1564.453754,25,24.01443498
Sangli,140,60,90,6.5,1891.480305,25,30.46878609
Sangli,145,60,90,6.5,682.8467869,25,44.68980013
Sangli,150,60,90,6.5,1597.200269,25,32.10257387
Sangli,120,65,95,7,952.2816702,30,38.04706678
Sangli,125,65,95,7,1395.978791,30,62.44305826
Sangli,130,65,95,7,1537.428926,30,76.49004203
Sangli,135,65,95,7,730.9525687,30,73.82026163
Sangli,140,65,95,7,1617.315672,30,81.62793314
Sangli,145,65,95,7,389.2004034,30,4.186255918
Sangli,150,65,95,7,1976.104726,30,5.725645178
Sangli,120,70,100,6.5,806.6449729,20,79.14891311
Sangli,125,70,100,6.5,602.8449775,20,53.77480341
Sangli,130,70,100,6.5,449.5772822,20,58.2359267
Sangli,135,70,100,6.5,1661.927826,20,6.206099161
Sangli,140,70,100,6.5,1254.602672,20,26.27606632
Sangli,145,70,100,6.5,1913.006535,20,64.19707618
Sangli,150,70,100,6.5,1365.821103,20,86.05900712
Sangli,120,75,80,7,813.0673725,25,91.78135632
Sangli,125,75,80,7,1705.542561,25,50.54153009
Sangli,130,75,80,7,706.2230742,25,55.00194904
Sangli,135,75,80,7,723.5132337,25,83.47191348
Sangli,140,75,80,7,250.9041608,25,54.22483547
Sangli,145,75,80,7,653.6408404,25,52.16899403
Sangli,150,75,80,7,670.5815929,25,90.60331974
Sangli,120,80,85,6.5,735.5387137,30,79.20333938
Sangli,125,80,85,6.5,863.5314788,30,90.99818011
Sangli,130,80,85,6.5,1238.013169,30,22.60645842
Sangli,135,80,85,6.5,589.5038362,30,52.91317318
Sangli,140,80,85,6.5,1346.169831,30,84.40474073
Sangli,145,80,85,6.5,439.9671068,30,12.00363492
Sangli,150,80,85,6.5,1875.639616,30,79.67155328
Sangli,120,60,95,7,246.9984239,20,19.11436496
Sangli,125,60,95,7,1834.7562,20,81.00375674
Sangli,130,60,95,7,1184.960467,20,61.58809282
Sangli,135,60,95,7,1478.081621,20,20.13036316
Sangli,140,60,95,7,737.0169156,20,47.86206375
Sangli,145,60,95,7,512.8378128,20,68.50861148
Sangli,150,60,95,7,1905.130476,20,63.75143719
Sangli,120,65,100,6.5,993.8068719,25,43.29747243
Sangli,125,65,100,6.5,1064.923222,25,90.03728636
Sangli,130,65,100,6.5,1974.221128,25,52.40707803
Sangli,135,65,100,6.5,804.9238382,25,51.08086255
Sangli,140,65,100,6.5,380.3448836,25,7.162808404
Sangli,145,65,100,6.5,1256.445601,25,92.28991859
Sangli,150,65,100,6.5,1198.653646,25,18.5345403
Sangli,120,70,80,7,1591.587862,30,53.30612465
Sangli,125,70,80,7,1919.140572,30,80.55319254
Sangli,130,70,80,7,753.8138781,30,22.32987442
Sangli,135,70,80,7,1499.233606,30,53.20995571
Sangli,140,70,80,7,982.1055312,30,24.82780601
Sangli,145,70,80,7,1610.791021,30,76.20980478
Sangli,150,70,80,7,495.6985327,30,56.86977562
Sangli,120,75,85,6.5,1101.541551,20,85.74161018
Sangli,125,75,85,6.5,338.9364702,20,89.56124228
Sangli,130,75,85,6.5,1210.114153,20,65.22461476
Sangli,135,75,85,6.5,504.1524966,20,72.81373337
Sangli,140,75,85,6.5,1928.081125,20,55.37278989
Sangli,145,75,85,6.5,1197.794597,20,39.05844457
Sangli,150,75,85,6.5,1152.874259,20,65.16367438
Sangli,120,80,90,7,1950.195303,25,90.92057373
Sangli,125,80,90,7,1097.147516,25,42.25135766
Sangli,130,80,90,7,1418.107635,25,32.12659261
Sangli,135,80,90,7,284.0267522,25,39.45525692
Sangli,140,80,90,7,1475.009868,25,44.10436539
Sangli,145,80,90,7,387.7586728,25,8.282541869
Sangli,150,80,90,7,1604.422333,25,50.3457422
Sangli,120,60,100,6.5,1778.322499,30,49.93711056
Sangli,125,60,100,6.5,767.8421634,30,59.25593894
Sangli,130,60,100,6.5,1780.634025,30,36.91918302
Sangli,135,60,100,6.5,1068.746135,30,61.697652
Sangli,140,60,100,6.5,1228.836946,30,87.94341472
Sangli,145,60,100,6.5,939.769168,30,95.59162806
Sangli,150,60,100,6.5,1057.775829,30,58.7776094
Sangli,120,65,80,7,1834.887615,20,5.216504443
Sangli,125,65,80,7,1905.129926,20,96.95436373
Sangli,130,65,80,7,1002.564096,20,70.88034403
Sangli,135,65,80,7,1125.850651,20,34.26040121
Sangli,140,65,80,7,409.1149704,20,15.5686124
Sangli,145,65,80,7,786.118059,20,15.19844261
Sangli,150,65,80,7,1123.826922,20,17.60669621
Sangli,120,70,85,6.5,564.6489502,25,5.51167964
Sangli,125,70,85,6.5,1237.759875,25,90.31326468
Sangli,130,70,85,6.5,1433.509821,25,54.53605505
Sangli,135,70,85,6.5,1369.928082,25,70.29598186
Sangli,140,70,85,6.5,996.5224874,25,82.98274242
Sangli,145,70,85,6.5,1584.774417,25,79.36255963
Sangli,150,70,85,6.5,775.1403394,25,88.37795675
Sangli,120,75,90,7,1044.698482,30,96.75820763
Sangli,125,75,90,7,686.2787989,30,44.46799086
Sangli,130,75,90,7,1286.531462,30,95.0832112
Sangli,135,75,90,7,993.2726598,30,72.60570489
Sangli,140,75,90,7,590.8029438,30,7.99615084
Sangli,145,75,90,7,754.7329187,30,68.496529
Sangli,150,75,90,7,703.0425383,30,68.9849493
Sangli,120,80,95,6.5,1839.642895,20,90.68019582
Sangli,125,80,95,6.5,1139.517696,20,37.92028111
Sangli,130,80,95,6.5,1374.780509,20,58.90623853
Sangli,135,80,95,6.5,1882.520793,20,2.20656755
Sangli,140,80,95,6.5,527.9920315,20,33.87544898
Sangli,145,80,95,6.5,1886.408763,20,7.16212889
Sangli,150,80,95,6.5,1171.346978,20,52.6654243
Sangli,80,40,120,6,1741.185577,20,81.9273174
Sangli,85,40,120,6,502.3919988,20,21.43782652
Sangli,90,40,120,6,691.2845826,20,53.21666351
Sangli,95,40,120,6,549.5078532,20,21.19685501
Sangli,100,40,120,6,1376.159211,20,12.94815832
Sangli,80,45,125,6.5,453.3705246,25,51.5886824
Sangli,85,45,125,6.5,1626.540593,25,8.835713474
Sangli,90,45,125,6.5,650.7853241,25,59.14810848
Sangli,95,45,125,6.5,659.8558316,25,4.102408607
Sangli,100,45,125,6.5,706.0183335,25,11.56478221
Sangli,80,50,130,7,1543.498572,30,55.44975106
Sangli,85,50,130,7,1863.588713,30,59.54933388
Sangli,90,50,130,7,1833.518025,30,3.869706079
Sangli,95,50,130,7,382.2575978,30,57.76430201
Sangli,100,50,130,7,672.386426,30,84.01175001
Sangli,80,55,135,7.5,1409.927539,20,72.50930155
Sangli,85,55,135,7.5,1313.391153,20,13.98732529
Sangli,90,55,135,7.5,830.0523168,20,59.65499011
Sangli,95,55,135,7.5,1753.117982,20,67.55299751
Sangli,100,55,135,7.5,434.8392952,20,4.685888973
Sangli,80,60,140,6,1350.257381,25,85.6794192
Sangli,85,60,140,6,691.5520562,25,90.72047233
Sangli,90,60,140,6,1148.91432,25,85.19477506
Sangli,95,60,140,6,897.4758268,25,82.63851533
Sangli,100,60,140,6,1963.523179,25,74.75155465
Sangli,80,40,125,6.5,1076.046093,30,63.7097711
Sangli,85,40,125,6.5,1956.968107,30,68.18407349
Sangli,90,40,125,6.5,659.0376501,30,80.83313404
Sangli,95,40,125,6.5,1582.293678,30,66.58734738
Sangli,100,40,125,6.5,1490.704625,30,33.44496871
Sangli,80,45,130,7,1725.761517,20,38.22014911
Sangli,85,45,130,7,1448.493435,20,89.80868937
Sangli,90,45,130,7,1428.246377,20,2.695086494
Sangli,95,45,130,7,1389.273963,20,70.18323754
Sangli,100,45,130,7,1973.09283,20,95.52297769
Sangli,80,50,135,7.5,610.5759969,25,70.91658883
Sangli,85,50,135,7.5,254.2046327,25,99.39728683
Sangli,90,50,135,7.5,1420.347556,25,69.06694565
Sangli,95,50,135,7.5,510.207986,25,4.401939892
Sangli,100,50,135,7.5,1422.891074,25,82.87397828
Sangli,80,55,140,6,775.4337395,30,29.17836128
Sangli,85,55,140,6,278.0330913,30,45.15966534
Sangli,90,55,140,6,1585.582386,30,31.89709967
Sangli,95,55,140,6,292.9667147,30,27.58685651
Sangli,100,55,140,6,603.4489681,30,43.70916466
Sangli,80,60,120,6.5,805.5355408,20,38.4963934
Sangli,85,60,120,6.5,438.949011,20,63.7005196
Sangli,90,60,120,6.5,1844.42449,20,81.5019689
Sangli,95,60,120,6.5,1319.305684,20,30.41177667
Sangli,100,60,120,6.5,1775.712704,20,22.15839413
Sangli,80,40,130,7,1427.693713,25,67.02263182
Sangli,85,40,130,7,1985.501731,25,67.36168652
Sangli,90,40,130,7,1145.275038,25,90.21199269
Sangli,95,40,130,7,296.7738343,25,2.578622959
Sangli,100,40,130,7,489.5455598,25,85.45102555
Sangli,80,45,135,7.5,1259.178792,30,52.57921512
Sangli,85,45,135,7.5,825.9113703,30,62.50890683
Sangli,90,45,135,7.5,403.2070417,30,10.04577262
Sangli,95,45,135,7.5,628.6515355,30,43.82887835
Sangli,100,45,135,7.5,1054.227315,30,23.50293832
Sangli,80,50,140,6,1132.727366,20,26.16827798
Sangli,85,50,140,6,1882.246266,20,50.90541635
Sangli,90,50,140,6,363.222647,20,81.43313909
Sangli,95,50,140,6,844.0534103,20,74.63431208
Sangli,100,50,140,6,1110.888581,20,59.50899595
Sangli,80,55,120,6.5,403.8816457,25,54.40240108
Sangli,85,55,120,6.5,1438.043642,25,43.30329828
Sangli,90,55,120,6.5,1127.050564,25,97.29828738
Sangli,95,55,120,6.5,1027.121452,25,56.45906287
Sangli,100,55,120,6.5,1380.945033,25,26.14267343
Sangli,80,60,125,7,718.0664439,30,23.77898841
Sangli,85,60,125,7,810.788783,30,61.52395005
Sangli,90,60,125,7,492.857297,30,52.7599252
Sangli,95,60,125,7,1142.706743,30,1.762082493
Sangli,100,60,125,7,870.3357567,30,83.17647185
Sangli,80,40,135,7.5,668.5955551,20,70.70811307
Sangli,85,40,135,7.5,424.535974,20,66.52109968
Sangli,90,40,135,7.5,241.8053677,20,7.809285112
Sangli,95,40,135,7.5,548.0340886,20,36.84352917
Sangli,100,40,135,7.5,645.3671543,20,93.60284381
Sangli,80,45,140,6,1073.785352,25,86.39633489
Sangli,85,45,140,6,633.7939222,25,29.26875085
Sangli,90,45,140,6,1671.776289,25,16.54882953
Sangli,95,45,140,6,1053.432002,25,45.45970776
Sangli,100,45,140,6,1322.859376,25,36.22720749
Sangli,80,50,120,6.5,574.2890201,30,68.54041129
Sangli,85,50,120,6.5,949.0306322,30,96.6770462
Sangli,90,50,120,6.5,1284.999243,30,36.93714355
Sangli,95,50,120,6.5,759.8825983,30,7.160193093
Sangli,100,50,120,6.5,805.155336,30,89.86378683
Sangli,80,55,125,7,1653.36533,20,4.757023294
Sangli,85,55,125,7,1706.926467,20,95.32382382
Sangli,90,55,125,7,1159.293678,20,66.79336337
Sangli,95,55,125,7,1813.53936,20,94.22723164
Sangli,100,55,125,7,1526.027605,20,20.76630898
Sangli,80,60,130,7.5,299.5428546,25,5.02927973
Sangli,85,60,130,7.5,1207.052205,25,49.33278785
Sangli,90,60,130,7.5,1456.027935,25,45.61171804
Sangli,95,60,130,7.5,1173.592697,25,33.81773505
Sangli,100,60,130,7.5,1697.556531,25,95.80799096
Sangli,80,40,140,6,741.5068338,30,82.43578948
Sangli,85,40,140,6,317.8624397,30,66.49662012
Sangli,90,40,140,6,1340.516952,30,17.12297087
Sangli,95,40,140,6,1515.441103,30,73.69801741
Sangli,100,40,140,6,1577.456963,30,72.97423302
Sangli,80,45,120,6.5,219.9089422,20,43.08174919
Sangli,85,45,120,6.5,1412.080847,20,92.55380506
Sangli,90,45,120,6.5,237.3100117,20,17.53081034
Sangli,95,45,120,6.5,1594.61483,20,27.46641868
Sangli,100,45,120,6.5,1465.589253,20,7.259209586
Sangli,80,50,125,7,1221.345027,25,79.74964486
Sangli,85,50,125,7,1111.383931,25,62.55417922
Sangli,90,50,125,7,1487.194153,25,32.17909026
Sangli,95,50,125,7,302.951555,25,17.2175527
Sangli,100,50,125,7,1697.940861,25,4.974629233
Sangli,80,55,130,7.5,562.2071382,30,17.50781129
Sangli,85,55,130,7.5,1060.019954,30,45.87517999
Sangli,90,55,130,7.5,1076.238965,30,25.47051993
Sangli,95,55,130,7.5,1598.822359,30,26.63923557
Sangli,100,55,130,7.5,547.3839267,30,87.6820603
Sangli,80,60,135,6,739.5495301,20,51.99862967
Sangli,85,60,135,6,1393.594329,20,73.19594534
Sangli,90,60,135,6,942.9891344,20,4.535383954
Sangli,95,60,135,6,737.9545215,20,37.15117221
Sangli,100,60,135,6,1318.5618,20,48.43776539
Sangli,120,60,40,5.5,355.8299425,20,19.45526867
Sangli,125,60,40,5.5,1621.601429,20,12.8989626
Sangli,130,60,40,5.5,1144.548591,20,87.16007407
Sangli,135,60,40,5.5,570.8369168,20,94.00373108
Sangli,140,60,40,5.5,935.3286511,20,8.801863106
Sangli,145,60,40,5.5,435.9382423,20,35.55285254
Sangli,150,60,40,5.5,1309.846003,20,95.87027719
Sangli,120,65,45,6,1404.741136,25,9.23301158
Sangli,125,65,45,6,929.5146706,25,64.72049591
Sangli,130,65,45,6,811.4428788,25,97.24991573
Sangli,135,65,45,6,1729.612548,25,97.84414319
Sangli,140,65,45,6,1236.924639,25,47.65110976
Sangli,145,65,45,6,1400.63829,25,17.11216167
Sangli,150,65,45,6,429.5344041,25,21.00634718
Sangli,120,70,50,6.5,1483.98553,30,89.07053812
Sangli,125,70,50,6.5,1000.299394,30,91.25661743
Sangli,130,70,50,6.5,860.003161,30,61.18008474
Sangli,135,70,50,6.5,1872.927559,30,76.85146355
Sangli,140,70,50,6.5,297.081177,30,74.2531939
Sangli,145,70,50,6.5,552.0915288,30,66.5203382
Sangli,150,70,50,6.5,875.072155,30,82.90041853
Sangli,120,75,55,7,783.2721748,20,68.85525568
Sangli,125,75,55,7,1119.23093,20,53.86622827
Sangli,130,75,55,7,921.6236946,20,24.4586799
Sangli,135,75,55,7,1618.920306,20,74.64492627
Sangli,140,75,55,7,1582.400996,20,47.87034892
Sangli,145,75,55,7,1590.274597,20,30.18437672
Sangli,150,75,55,7,864.8381946,20,80.3926813
Sangli,120,80,60,7.5,933.26326,25,69.97464643
Sangli,125,80,60,7.5,1496.831471,25,93.79661675
Sangli,130,80,60,7.5,423.5570595,25,17.37872236
Sangli,135,80,60,7.5,1733.455311,25,65.26973918
Sangli,140,80,60,7.5,1174.264828,25,25.17970734
Sangli,145,80,60,7.5,1727.381397,25,90.45471554
Sangli,150,80,60,7.5,1628.485366,25,10.85044201
Sangli,120,60,45,5.5,873.8895537,30,65.96001884
Sangli,125,60,45,5.5,382.807478,30,79.31748643
Sangli,130,60,45,5.5,1857.494433,30,36.1368662
Sangli,135,60,45,5.5,820.2896295,30,95.45966986
Sangli,140,60,45,5.5,872.735043,30,85.22233777
Sangli,145,60,45,5.5,1836.287302,30,30.16721167
Sangli,150,60,45,5.5,1851.224965,30,1.746568179
Sangli,120,65,50,6,673.2311364,20,30.36906044
Sangli,125,65,50,6,360.1213052,20,28.84973658
Sangli,130,65,50,6,201.9944472,20,89.10649614
Sangli,135,65,50,6,988.9300723,20,96.74499665
Sangli,140,65,50,6,1223.432123,20,7.973558611
Sangli,145,65,50,6,686.6084056,20,47.65818802
Sangli,150,65,50,6,667.549372,20,55.28486785
Sangli,120,70,55,6.5,842.2130817,25,10.19825447
Sangli,125,70,55,6.5,673.5531853,25,38.3722732
Sangli,130,70,55,6.5,1745.189128,25,32.39115932
Sangli,135,70,55,6.5,1357.116304,25,54.06957908
Sangli,140,70,55,6.5,1692.104299,25,66.45789907
Sangli,145,70,55,6.5,1748.860849,25,70.64502594
Sangli,150,70,55,6.5,983.0179028,25,14.53874734
Sangli,120,75,60,7,1059.639408,30,81.48182249
Sangli,125,75,60,7,1960.075278,30,68.17566095
Sangli,130,75,60,7,1670.311842,30,89.01841676
Sangli,135,75,60,7,1636.209777,30,45.48426988
Sangli,140,75,60,7,1250.683773,30,89.49508651
Sangli,145,75,60,7,1030.070467,30,86.71163811
Sangli,150,75,60,7,1810.299254,30,44.4025239
Sangli,120,80,40,7.5,1648.202531,20,38.73318821
Sangli,125,80,40,7.5,1130.220033,20,93.34838948
Sangli,130,80,40,7.5,686.8834436,20,71.80130872
Sangli,135,80,40,7.5,465.1029271,20,92.8962893
Sangli,140,80,40,7.5,1194.870275,20,79.90050311
Sangli,145,80,40,7.5,732.8540357,20,61.32044649
Sangli,150,80,40,7.5,675.5884151,20,12.46942492
Sangli,120,60,50,5.5,390.4152218,25,29.85658659
Sangli,125,60,50,5.5,262.0508958,25,96.9153983
Sangli,130,60,50,5.5,1610.036881,25,32.62278777
Sangli,135,60,50,5.5,394.3731201,25,10.23223211
Sangli,140,60,50,5.5,1799.49704,25,71.04778224
Sangli,145,60,50,5.5,584.8090537,25,73.6664212
Sangli,150,60,50,5.5,1567.416246,25,29.26031431
Sangli,120,65,55,6,1681.399064,30,30.46952596
Sangli,125,65,55,6,1626.60066,30,47.42040557
Sangli,130,65,55,6,1771.140476,30,3.157106026
Sangli,135,65,55,6,811.4975427,30,79.14297803
Sangli,140,65,55,6,1974.599257,30,32.39178994
Sangli,145,65,55,6,703.2704611,30,85.5225471
Sangli,150,65,55,6,1881.736562,30,80.46041174
Sangli,120,70,60,6.5,987.3921707,20,66.47880128
Sangli,125,70,60,6.5,302.4775878,20,33.16261184
Sangli,130,70,60,6.5,1612.849645,20,52.1153396
Sangli,135,70,60,6.5,1617.339499,20,45.0380965
Sangli,140,70,60,6.5,555.1362101,20,34.54930674
Sangli,145,70,60,6.5,1682.322407,20,84.96549264
Sangli,150,70,60,6.5,483.6429253,20,48.86720038
Sangli,120,75,40,7,472.5769861,25,83.43958668
Sangli,125,75,40,7,1656.054718,25,11.41662894
Sangli,130,75,40,7,722.3944238,25,14.96145407
Sangli,135,75,40,7,338.3801033,25,97.75471021
Sangli,140,75,40,7,1921.419175,25,59.1890778
Sangli,145,75,40,7,1202.672281,25,51.46719768
Sangli,150,75,40,7,1006.539481,25,52.79245025
Sangli,120,80,45,7.5,1107.398079,30,22.31160863
Sangli,125,80,45,7.5,1406.810499,30,72.151691
Sangli,130,80,45,7.5,1750.998773,30,9.393281749
Sangli,135,80,45,7.5,1410.641999,30,57.7590476
Sangli,140,80,45,7.5,1531.147507,30,57.50611086
Sangli,145,80,45,7.5,524.2755441,30,91.50465399
Sangli,150,80,45,7.5,891.3675256,30,53.0920982
Sangli,120,60,55,5.5,1252.657627,20,14.5692069
Sangli,125,60,55,5.5,1314.931689,20,57.70257267
Sangli,130,60,55,5.5,687.2476011,20,10.04143679
Sangli,135,60,55,5.5,1954.968053,20,21.17558969
Sangli,140,60,55,5.5,412.7347499,20,4.079749835
Sangli,145,60,55,5.5,402.1010267,20,51.81606466
Sangli,150,60,55,5.5,612.4703579,20,9.368728914
Sangli,120,65,60,6,1557.043877,25,47.47004347
Sangli,125,65,60,6,265.7923192,25,93.3615585
Sangli,130,65,60,6,1978.158401,25,72.25637989
Sangli,135,65,60,6,1977.913004,25,8.663755748
Sangli,140,65,60,6,487.4315539,25,23.19677141
Sangli,145,65,60,6,922.1658937,25,67.69257957
Sangli,150,65,60,6,567.0512111,25,89.57548424
Sangli,120,70,40,6.5,934.4273822,30,4.25894009
Sangli,125,70,40,6.5,1159.153066,30,81.43266204
Sangli,130,70,40,6.5,1680.917512,30,56.61957415
Sangli,135,70,40,6.5,264.4531361,30,55.0630412
Sangli,140,70,40,6.5,1976.415808,30,95.82350509
Sangli,145,70,40,6.5,1893.013328,30,75.01681665
Sangli,150,70,40,6.5,1226.751138,30,85.16176794
Sangli,120,75,45,7,1065.613482,20,36.04556138
Sangli,125,75,45,7,1191.160556,20,55.88204004
Sangli,130,75,45,7,233.1936676,20,61.92516207
Sangli,135,75,45,7,1527.828846,20,32.8368101
Sangli,140,75,45,7,1093.584772,20,57.45456437
Sangli,145,75,45,7,714.871855,20,24.42888257
Sangli,150,75,45,7,1030.778406,20,15.19419144
Sangli,120,80,50,7.5,726.622044,25,38.02305567
Sangli,125,80,50,7.5,1459.91139,25,74.18967325
Sangli,130,80,50,7.5,1305.981567,25,91.70252766
Sangli,135,80,50,7.5,898.5666784,25,46.3136911
Sangli,140,80,50,7.5,765.6354956,25,64.63954514
Sangli,145,80,50,7.5,1780.46596,25,11.20067597
Sangli,150,80,50,7.5,1428.029559,25,90.5419121
Sangli,120,60,60,5.5,1488.407271,30,57.29181714
Sangli,125,60,60,5.5,1313.490065,30,78.25348651
Sangli,130,60,60,5.5,335.4149904,30,79.64967889
Sangli,135,60,60,5.5,306.6724761,30,26.39157211
Sangli,140,60,60,5.5,972.5087331,30,53.38827087
Sangli,145,60,60,5.5,1874.899923,30,96.0874954
Sangli,150,60,60,5.5,1144.474542,30,9.873819937
Sangli,120,65,40,6,1776.592124,20,68.6219399
Sangli,125,65,40,6,373.7897157,20,96.26414373
Sangli,130,65,40,6,1503.669935,20,30.7571337
Sangli,135,65,40,6,641.6081389,20,86.28334422
Sangli,140,65,40,6,1144.093088,20,93.432097
Sangli,145,65,40,6,727.2579266,20,74.96153473
Sangli,150,65,40,6,1482.200048,20,23.90150292
Sangli,120,70,45,6.5,921.600295,25,34.06607116
Sangli,125,70,45,6.5,1031.903286,25,4.545120147
Sangli,130,70,45,6.5,641.6216717,25,83.31387019
Sangli,135,70,45,6.5,706.6244276,25,85.11150746
Sangli,140,70,45,6.5,523.0562433,25,63.63832069
Sangli,145,70,45,6.5,1196.837385,25,35.90025728
Sangli,150,70,45,6.5,460.9945209,25,8.604291736
Sangli,120,75,50,7,682.764701,30,75.55270338
Sangli,125,75,50,7,1154.830438,30,72.92609317
Sangli,130,75,50,7,694.6963383,30,91.34764965
Sangli,135,75,50,7,1259.299388,30,73.32267008
Sangli,140,75,50,7,225.495208,30,83.04079928
Sangli,145,75,50,7,1951.801018,30,74.84950717
Sangli,150,75,50,7,1513.979941,30,63.43803164
Sangli,120,80,55,7.5,1106.874431,20,43.26967302
Sangli,125,80,30,7.5,1857.508256,20,90.30961356
Sangli,130,80,30,7.5,1765.578946,20,65.44588862
Sangli,135,80,30,7.5,859.7977759,20,40.43717687
Sangli,140,80,40,7.5,409.032521,20,9.263460223
Sangli,145,80,40,7.5,654.0183057,20,29.77978073
Sangli,150,80,40,7.5,575.640685,20,54.82894675
Sangli,100,40,40,6,1550.103384,15,28.28790163
Sangli,105,40,40,6,1186.597807,15,22.90229944
Sangli,110,40,40,6,1730.17673,15,53.21195789
Sangli,115,40,40,6,1081.461351,15,17.81221424
Sangli,120,40,40,6,1585.577099,15,80.24059627
Sangli,100,45,45,6.5,782.1611077,20,48.95244698
Sangli,105,45,45,6.5,1283.871445,20,57.81241462
Sangli,110,45,45,6.5,1350.920329,20,15.59094349
Sangli,115,45,45,6.5,1566.716764,20,33.13305723
Sangli,120,45,45,6.5,1639.079121,20,41.59887864
Sangli,100,50,50,7,697.7054761,25,81.01307022
Sangli,105,50,50,7,893.1044027,25,77.24579279
Sangli,110,50,50,7,572.8431635,25,23.07477
Sangli,115,50,50,7,1546.101867,25,62.00172908
Sangli,120,50,50,7,687.3108746,25,25.10217942
Sangli,100,55,55,7.5,903.8345632,15,98.83646841
Sangli,105,55,55,7.5,1645.447656,15,95.26026393
Sangli,110,55,55,7.5,811.6447527,15,56.76320733
Sangli,115,55,55,7.5,724.7005565,15,70.19135462
Sangli,120,55,55,7.5,1372.126579,15,80.34160784
Sangli,100,60,60,6,1955.672454,20,72.37884358
Sangli,105,60,60,6,312.7231444,20,70.28304042
Sangli,110,60,60,6,1702.619128,20,95.89684679
Sangli,115,60,60,6,418.8887017,20,60.04915452
Sangli,120,60,60,6,820.8166111,20,63.99396451
Sangli,100,40,45,6.5,950.0922787,25,85.07760629
Sangli,105,40,45,6.5,1493.730848,25,67.31919592
Sangli,110,40,45,6.5,1867.818676,25,73.56032958
Sangli,115,40,45,6.5,383.6197285,25,24.18269993
Sangli,120,40,45,6.5,1540.655214,25,37.75542549
Sangli,100,45,50,7,780.1263118,15,15.58283323
Sangli,105,45,50,7,1823.439792,15,51.07077879
Sangli,110,45,50,7,700.7902765,15,46.11701267
Sangli,115,45,50,7,1448.951509,15,99.71911861
Sangli,120,45,50,7,496.5604407,15,61.50965663
Sangli,100,50,55,7.5,1924.304742,20,78.8580375
Sangli,105,50,55,7.5,207.7838095,20,34.06745241
Sangli,110,50,55,7.5,619.1335592,20,83.3229878
Sangli,115,50,55,7.5,1416.699409,20,61.89341168
Sangli,120,50,55,7.5,1736.343614,20,70.00224083
Sangli,100,55,60,6,1988.403157,25,30.14864702
Sangli,105,55,60,6,511.8691465,25,55.31520078
Sangli,110,55,60,6,752.8589114,25,63.76966037
Sangli,115,55,60,6,1805.333638,25,59.32037291
Sangli,120,55,60,6,258.4998485,25,91.60417743
Sangli,100,60,40,6.5,1519.97928,15,89.92899378
Sangli,105,60,40,6.5,961.4934614,15,97.12742173
Sangli,110,60,40,6.5,1439.872436,15,67.07537259
Sangli,115,60,40,6.5,1144.820219,15,97.21949888
Sangli,120,60,40,6.5,1328.801396,15,83.415322
Sangli,100,40,50,7,1399.994678,15,27.81238189
Sangli,105,40,50,7,1336.242701,15,43.31613129
Sangli,110,40,50,7,1396.21336,15,24.60085178
Sangli,115,40,50,7,1223.026279,15,1.415518922
Sangli,120,40,50,7,1485.011645,15,19.61682656
Sangli,100,45,55,7.5,1596.842252,20,1.401998042
Sangli,105,45,55,7.5,1618.283754,20,72.26400767
Sangli,110,45,55,7.5,1736.323578,20,43.12789547
Sangli,115,45,55,7.5,769.5243569,20,31.94489798
Sangli,120,45,55,7.5,1542.392176,20,76.41036822
Sangli,100,50,60,6,1903.990324,25,83.41619069
Sangli,105,50,60,6,861.4425421,25,97.55465433
Sangli,110,50,60,6,1599.754008,25,64.55934488
Sangli,115,50,60,6,724.6330002,25,46.6913669
Sangli,120,50,60,6,516.0246778,25,31.22116586
Sangli,100,55,40,6.5,1003.568406,15,23.00950271
Sangli,105,55,40,6.5,1651.757886,15,22.0796691
Sangli,110,55,40,6.5,752.8205354,15,41.5097481
Sangli,115,55,40,6.5,730.8908628,15,99.18684917
Sangli,120,55,40,6.5,699.8150633,15,1.084516046
Sangli,100,60,45,7,592.6177725,20,20.52338383
Sangli,105,60,45,7,1299.999787,20,19.65090526
Sangli,110,60,45,7,638.0063934,20,71.99482907
Sangli,115,60,45,7,1882.82508,20,35.89598803
Sangli,120,60,45,7,822.6758841,20,46.26881965
Sangli,100,40,55,7.5,1176.317763,25,15.71378892
Sangli,105,40,55,7.5,936.5068319,25,41.09470685
Sangli,110,40,55,7.5,1932.888321,25,11.21678138
Sangli,115,40,55,7.5,963.2207061,25,53.7712855
Sangli,120,40,55,7.5,1214.650007,25,10.69589817
Sangli,100,45,60,6,1574.161868,15,79.26032974
Sangli,105,45,60,6,508.333767,15,57.09357004
Sangli,110,45,60,6,258.7552446,15,72.6728195
Sangli,115,45,60,6,1018.855848,15,42.43312228
Sangli,120,45,60,6,1191.153922,15,38.76763803
Sangli,100,50,40,6.5,716.7098697,20,10.72268002
Sangli,105,50,40,6.5,1032.508399,20,52.8617051
Sangli,110,50,40,6.5,1307.288821,20,51.93571432
Sangli,115,50,40,6.5,1951.891323,20,47.3421024
Sangli,120,50,40,6.5,1283.19888,20,74.3113181
Sangli,100,55,45,7,1007.943133,25,83.4179356
Sangli,105,55,45,7,240.5512891,25,75.32817782
Sangli,110,55,45,7,759.0498175,25,15.24270854
Sangli,115,55,45,7,845.2747346,25,62.58389142
Sangli,120,55,45,7,1058.500225,25,8.951987463
Sangli,100,60,50,7.5,1607.907913,15,69.76760646
Sangli,105,60,50,7.5,1596.597277,15,38.80207056
Sangli,110,60,50,7.5,1721.51477,15,14.11739667
Sangli,115,60,50,7.5,721.986606,15,86.34303484
Sangli,120,60,50,7.5,823.6268147,15,61.78682556
Sangli,100,40,60,6,470.430003,15,36.11777183
Sangli,105,40,60,6,1743.348397,15,4.041990785
Sangli,110,40,60,6,1374.023297,15,54.19371564
Sangli,115,40,60,6,339.5898305,15,92.39936197
Sangli,120,40,60,6,746.5825961,15,60.04160344
Sangli,100,45,40,6.5,474.9050924,20,97.19340986
Sangli,105,45,40,6.5,1944.610682,20,14.50866071
Sangli,110,45,40,6.5,784.2850554,20,57.26220535
Sangli,115,45,40,6.5,1093.641173,20,80.01437975
Sangli,120,45,40,6.5,772.2236281,20,53.02853238
Sangli,100,50,45,7,1053.733758,25,10.01556924
Sangli,105,50,45,7,1997.519862,25,58.70571415
Sangli,110,50,45,7,717.299797,25,61.56205268
Sangli,115,50,45,7,708.7196962,25,73.1422156
Sangli,120,50,45,7,868.4832282,25,76.35994
Sangli,100,55,50,7.5,504.7701921,15,77.30649613
Sangli,105,55,50,7.5,1530.185133,15,66.68099497
Sangli,110,55,50,7.5,882.8125422,15,22.36530746
Sangli,115,55,50,7.5,1245.545799,15,41.01933983
Sangli,120,55,50,7.5,1390.345559,15,77.83686729
Sangli,100,60,55,6,263.7985384,20,95.38927136
Sangli,105,60,55,6,1359.205026,20,8.815749519
Sangli,110,60,55,6,1158.984846,20,54.0181311
Sangli,115,60,55,6,349.1307387,20,31.93970486
Sangli,120,60,55,6,424.0757374,20,23.31399554
Sangli,60,40,40,6,993.437164,25,51.07525767
Sangli,65,40,40,6,823.3538864,25,61.00284472
Sangli,70,40,40,6,987.492449,25,1.967450911
Sangli,75,40,40,6,1343.927152,25,78.24045065
Sangli,80,40,40,6,477.9646603,25,82.16833099
Sangli,60,45,45,6.5,1392.400306,30,96.58557163
Sangli,65,45,45,6.5,1672.627494,30,18.88372959
Sangli,70,45,45,6.5,205.2708178,30,59.86070367
Sangli,75,45,45,6.5,863.2344807,30,43.23591197
Sangli,80,45,45,6.5,695.3016628,30,34.1479573
Sangli,60,50,50,7,977.5995995,25,56.99771169
Sangli,65,50,50,7,1307.50169,25,78.45592623
Sangli,70,50,50,7,537.6247424,25,3.282225561
Sangli,75,50,50,7,441.3721133,25,96.97061114
Sangli,80,50,50,7,1511.909139,25,81.17827698
Sangli,60,55,55,7.5,1434.355653,30,75.36421666
Sangli,65,55,55,7.5,1029.520089,30,76.27835084
Sangli,70,55,55,7.5,1102.38091,30,39.51701025
Sangli,75,55,55,7.5,685.7502356,30,75.41043453
Sangli,80,55,55,7.5,792.5224297,30,39.29025065
Sangli,60,60,60,6,776.1486382,25,89.97197613
Sangli,65,60,60,6,1507.403196,25,18.54501595
Sangli,70,60,60,6,1200.157583,25,29.942395
Sangli,75,60,60,6,1513.079605,25,55.58241673
Sangli,80,60,60,6,1263.289986,25,32.60189255
Sangli,60,40,45,6.5,1182.145356,30,42.99948728
Sangli,65,40,45,6.5,777.0475163,30,49.74984625
Sangli,70,40,45,6.5,911.8384576,30,85.77898153
Sangli,75,40,45,6.5,1797.316177,30,52.79603311
Sangli,80,40,45,6.5,1236.674001,30,36.88352501
Sangli,60,45,50,7,1144.019535,25,25.52588024
Sangli,65,45,50,7,295.6366576,25,41.4589219
Sangli,70,45,50,7,1407.600506,25,52.05787434
Sangli,75,45,50,7,1434.831406,25,74.86537086
Sangli,80,45,50,7,1443.181826,25,12.98382884
Sangli,60,50,55,7.5,364.1998057,30,22.93930964
Sangli,65,50,55,7.5,740.819468,30,38.58574757
Sangli,70,50,55,7.5,868.2068832,30,36.67944211
Sangli,75,50,55,7.5,1687.694413,30,39.78306067
Sangli,80,50,55,7.5,1965.210921,30,79.5586052
Sangli,60,55,60,6,946.5456683,25,33.09128589
Sangli,65,55,60,6,1197.705273,25,50.68791986
Sangli,70,55,60,6,213.2070656,25,62.76679625
Sangli,75,55,60,6,215.8027066,25,23.98567647
Sangli,80,55,60,6,334.1004123,25,72.15084333
Sangli,60,60,40,6.5,1495.039596,30,55.16402065
Sangli,65,60,40,6.5,520.6458761,30,45.23133514
Sangli,70,60,40,6.5,1564.128219,30,81.16861865
Sangli,75,60,40,6.5,977.3770727,30,25.10603066
Sangli,80,60,40,6.5,1729.944216,30,88.43442109
Sangli,60,40,50,7,1766.569472,25,56.5438248
Sangli,65,40,50,7,1783.699235,25,61.30831306
Sangli,70,40,50,7,1178.304749,25,87.63083745
Sangli,75,40,50,7,1619.313374,25,81.9406861
Sangli,80,40,50,7,1391.442021,25,60.55464481
Sangli,60,45,55,7.5,536.0837479,30,75.56558268
Sangli,65,45,55,7.5,886.7301059,30,43.89862953
Sangli,70,45,55,7.5,1932.252234,30,55.1903976
Sangli,75,45,55,7.5,1590.616463,30,7.144943534
Sangli,80,45,55,7.5,673.3889785,30,9.895933882
Sangli,60,50,60,6,705.7538075,25,83.11311501
Sangli,65,50,60,6,657.5260211,25,6.907493913
Sangli,70,50,60,6,791.8670459,25,17.77051344
Sangli,75,50,60,6,1870.953277,25,79.78743324
Sangli,80,50,60,6,980.376123,25,1.113449112
Sangli,60,55,40,6.5,855.6543411,30,28.95802856
Sangli,65,55,40,6.5,630.5282037,30,58.81982712
Sangli,70,55,40,6.5,1806.334517,30,59.94954322
Sangli,75,55,40,6.5,1923.277809,30,77.93813791
Sangli,80,55,40,6.5,782.3746111,30,51.08669919
Sangli,60,60,45,7,1309.976162,25,51.43078508
Sangli,65,60,45,7,1925.180025,25,72.80574698
Sangli,70,60,45,7,1099.064002,25,50.36382186
Sangli,75,60,45,7,1043.592257,25,61.24061757
Sangli,80,60,45,7,1149.849649,25,89.87963276
Sangli,60,40,55,7.5,259.7060574,30,40.74364975
Sangli,65,40,55,7.5,740.2142192,30,39.12738202
Sangli,70,40,55,7.5,1458.185993,30,1.351350195
Sangli,75,40,55,7.5,1940.113201,30,61.72919989
Sangli,80,40,55,7.5,1223.740496,30,3.947418833
Sangli,60,45,60,6,542.8565032,25,50.91070048
Sangli,65,45,60,6,968.2638884,25,80.61914511
Sangli,70,45,60,6,1082.035433,25,55.44218598
Sangli,75,45,60,6,474.0044779,25,27.69398036
Sangli,80,45,60,6,792.7090419,25,78.83067372
Sangli,60,50,40,6.5,1001.116176,30,27.7019834
Sangli,65,50,40,6.5,671.4239307,30,73.57014631
Sangli,70,50,40,6.5,836.9955181,30,61.41558706
Sangli,75,50,40,6.5,697.2398489,30,17.82963338
Sangli,80,50,40,6.5,1303.078741,30,90.60825361
Sangli,60,55,45,7,1241.484717,25,20.86372461
Sangli,65,55,45,7,1193.05147,25,98.96912034
Sangli,70,55,45,7,374.1235746,25,1.723738377
Sangli,75,55,45,7,530.4037644,25,27.08485434
Sangli,80,55,45,7,399.4889041,25,20.78616943
Sangli,60,60,50,7.5,313.9057402,30,2.385347607
Sangli,65,60,50,7.5,644.2937844,30,73.50442211
Sangli,70,60,50,7.5,550.138648,30,69.64915441
Sangli,75,60,50,7.5,1504.993518,30,79.44274547
Sangli,80,60,50,7.5,1452.596275,30,26.4131561
Sangli,60,40,60,6,562.4105219,25,44.98918154
Sangli,65,40,60,6,498.0147019,25,66.25223864
Sangli,70,40,60,6,460.8123563,25,44.53708188
Sangli,75,40,60,6,776.0899471,25,70.03525126
Sangli,80,40,60,6,729.5363631,25,63.76336744
Sangli,60,45,40,6.5,251.3676972,30,12.3501325
Sangli,65,45,40,6.5,1222.166843,30,78.32326899
Sangli,70,45,40,6.5,1816.456645,30,72.34695955
Sangli,75,45,40,6.5,1169.941996,30,65.92760437
Sangli,80,45,40,6.5,314.8546384,30,16.35426702
Sangli,60,50,45,7,1279.191718,25,27.53164843
Sangli,65,50,45,7,1072.920865,25,39.92452613
Sangli,70,50,45,7,1832.471921,25,28.71303254
Sangli,75,50,45,7,853.7950039,25,23.55321878
Sangli,80,50,45,7,1553.567655,25,80.73040935
Sangli,60,55,50,7.5,269.1924525,30,64.18499239
Sangli,65,55,50,7.5,1498.687554,30,56.98174102
Sangli,70,55,50,7.5,274.7478764,30,23.36931837
Sangli,75,55,50,7.5,820.4874999,30,91.88957966
Sangli,80,55,50,7.5,1906.554483,30,19.92712087
Sangli,60,60,45,6,1465.768646,25,79.70014235
Sangli,65,60,45,6,1865.041591,25,96.700594
Sangli,70,60,45,6,1092.535345,25,72.98218019
Sangli,75,60,45,6,1291.189926,25,99.29301874
Sangli,80,60,45,6,1131.94695,25,65.45406058
Sangli,20,40,20,6,1061.956256,25,22.52857402
Sangli,25,40,20,6,1240.815135,25,21.17812988
Sangli,30,40,20,6,270.0188392,25,33.13186414
Sangli,20,45,25,6.5,534.2310881,30,1.705872002
Sangli,25,45,25,6.5,586.3187921,30,68.48814854
Sangli,30,45,25,6.5,889.1280769,30,27.59811068
Sangli,20,50,30,7,982.1992577,25,81.70314
Sangli,25,50,30,7,1531.492648,25,36.55809241
Sangli,30,50,30,7,497.9721408,25,48.51569285
Sangli,20,40,25,6,1225.806484,30,96.60320274
Sangli,25,40,25,6,690.1204572,30,24.97504018
Sangli,30,40,25,6,1128.17674,30,72.40415565
Sangli,20,45,30,6.5,1327.907588,25,75.75666114
Sangli,25,45,30,6.5,1248.41096,25,22.87881759
Sangli,30,45,30,6.5,587.6854364,25,50.59868682
Sangli,20,50,20,7,1477.015633,30,35.66999061
Sangli,25,50,20,7,1376.818143,30,77.4187181
Sangli,30,50,20,7,1877.60591,30,62.62584858
Sangli,20,40,30,6,1341.473464,25,48.12232243
Sangli,25,40,30,6,1496.583934,25,78.15696324
Sangli,30,40,30,6,1659.849775,25,24.28040143
Sangli,20,45,20,6.5,390.8077089,30,75.60856618
Sangli,25,45,20,6.5,1453.401689,30,86.6720569
Sangli,30,45,20,6.5,773.444415,30,87.98353808
Sangli,20,50,25,7,1681.667796,25,78.58368571
Sangli,25,50,25,7,1064.324919,25,41.39340253
Sangli,30,50,25,7,1245.108539,25,98.19899425
Sangli,25,20,40,5.5,668.6076335,20,38.57977074
Sangli,30,20,40,5.5,1371.017213,20,64.22391451
Sangli,20,20,40,5.5,264.1687941,20,16.94634363
Sangli,30,25,45,6,1547.433712,25,98.06444097
Sangli,20,25,45,6,493.9325156,25,70.69460626
Sangli,25,25,45,6,609.6341922,25,75.58437698
Sangli,20,30,50,6.5,201.6384731,30,7.511893638
Sangli,25,30,50,6.5,763.7143428,30,76.57836361
Sangli,30,30,50,6.5,898.8485925,30,77.69761949
Sangli,25,20,45,5.5,621.1994548,20,67.50549991
Sangli,30,20,45,5.5,614.3787418,20,29.89905177
Sangli,20,20,45,5.5,1807.365779,20,49.47931417
Sangli,30,25,50,6,787.6145073,25,11.93300276
Sangli,20,25,50,6,1500.107794,25,47.68711958
Sangli,25,25,50,6,627.2866878,25,25.13856141
Sangli,20,30,40,6.5,1656.274211,30,35.56060166
Sangli,25,30,40,6.5,1419.935584,30,17.09744043
Sangli,30,30,40,6.5,1561.167186,30,23.77538241
Sangli,25,20,50,5.5,991.1661835,20,8.58029554
Sangli,30,20,50,5.5,1783.216217,20,92.07023528
Sangli,20,20,50,5.5,873.222363,20,53.51065811
Sangli,25,20,40,5.5,1281.61109,20,40.27745516
Sangli,30,25,40,6,1352.129806,25,53.96789206
Sangli,20,25,40,6,1914.052495,25,63.20102962
Sangli,25,25,40,6,442.1408405,25,92.26600054
Sangli,20,30,45,6.5,444.0892649,30,18.69060228
Sangli,25,30,45,6.5,1031.69255,30,30.25969736
Sangli,30,30,45,6.5,1852.176115,30,97.6031443
Sangli,100,20,45,6,239.0331943,25,37.74810568
Sangli,105,20,45,6,697.2960931,25,3.233603425
Sangli,110,20,45,6,710.4553833,25,15.61670577
Sangli,115,20,45,6,748.914685,25,3.607531473
Sangli,120,20,45,6,244.4689444,25,99.0023911
Sangli,100,25,50,6.5,1686.0914,30,28.60821405
Sangli,105,25,50,6.5,216.0370148,30,92.43073294
Sangli,110,25,50,6.5,1059.867117,30,99.5927413
Sangli,115,25,50,6.5,301.4462415,30,60.38428089
Sangli,120,25,50,6.5,1637.559253,30,4.286435191
Sangli,100,30,55,7,1543.854507,35,9.077571408
Sangli,105,30,55,7,1498.755551,35,48.67731646
Sangli,110,30,55,7,1525.276899,35,41.21102928
Sangli,115,30,55,7,1892.431199,35,61.01155327
Sangli,120,30,55,7,950.2596431,35,44.44593316
Sangli,100,20,50,7.5,1750.834647,25,93.47360808
Sangli,105,20,50,7.5,531.6180555,25,53.93923183
Sangli,110,20,50,7.5,1012.276106,25,69.67888008
Sangli,115,20,50,7.5,216.0363699,25,89.75204199
Sangli,120,20,50,7.5,711.452528,25,15.54031571
Sangli,100,25,55,6,1024.687057,30,23.74373076
Sangli,105,25,55,6,1836.721709,30,11.62454739
Sangli,110,25,55,6,770.5128174,30,14.82420152
Sangli,115,25,55,6,1410.335395,30,51.74581273
Sangli,120,25,55,6,1701.14025,30,32.79674664
Sangli,100,30,45,6.5,787.7535163,35,42.89411111
Sangli,105,30,45,6.5,504.6107631,35,98.26649335
Sangli,110,30,45,6.5,1264.149459,35,16.51373043
Sangli,115,30,45,6.5,711.8909271,35,54.54039501
Sangli,120,30,45,6.5,1374.413797,35,10.78824435
Sangli,100,20,55,7,442.461878,25,32.53113501
Sangli,105,20,55,7,472.8707186,25,53.22506644
Sangli,110,20,55,7,1416.661523,25,94.71654285
Sangli,115,20,55,7,1952.406992,25,39.73159391
Sangli,120,20,55,7,644.4133655,25,7.425762925
Sangli,100,25,45,7.5,1485.043102,30,39.42798335
Sangli,105,25,45,7.5,1157.673101,30,15.42837641
Sangli,110,25,45,7.5,1718.914759,30,23.76897172
Sangli,115,25,45,7.5,899.9947863,30,62.19097169
Sangli,120,25,45,7.5,1949.085193,30,7.674962754
Sangli,100,30,50,6,348.314364,35,47.00765187
Sangli,105,30,50,6,1972.366106,35,61.33669702
Sangli,110,30,50,6,1723.22716,35,42.76398084
Sangli,115,30,50,6,1759.62463,35,2.893508712
Sangli,120,30,50,6,1716.326188,35,98.56641633
Sangli,30,40,20,6,1751.354622,25,37.34446097
Sangli,35,40,20,6,1667.274672,25,78.07914151
Sangli,40,40,20,6,1819.130845,25,33.23900273
Sangli,30,45,25,6.5,1029.441334,30,48.02665894
Sangli,35,45,25,6.5,1890.723705,30,39.45790062
Sangli,40,45,25,6.5,892.9331355,30,34.91138372
Sangli,30,50,30,7,1511.329924,35,3.163286344
Sangli,35,50,30,7,1478.634638,35,36.64207285
Sangli,40,50,30,7,1677.613704,35,89.05950905
Sangli,30,55,20,6,1529.088744,25,69.34894052
Sangli,35,55,20,6,263.6831125,25,15.39686305
Sangli,40,55,20,6,1530.475099,25,59.52434546
Sangli,30,60,25,6.5,241.9341796,30,89.33085513
Sangli,35,60,25,6.5,1159.814561,30,70.30337006
Sangli,40,60,25,6.5,1710.108753,30,15.71975484
Sangli,30,40,30,7,1693.235289,35,86.91541718
Sangli,35,40,30,7,1714.363384,35,30.85285732
Sangli,40,40,30,7,1284.33913,35,45.95353829
Sangli,30,45,20,6,530.8616822,25,53.08813321
Sangli,35,45,20,6,1114.360612,25,85.20015383
Sangli,40,45,20,6,1129.181402,25,93.22914202
Sangli,30,50,25,6.5,784.5819516,30,93.0356349
Sangli,35,50,25,6.5,963.3786967,30,1.787463947
Sangli,40,50,25,6.5,1769.918003,30,92.26696007
Sangli,30,55,30,7,1132.270104,35,6.384309634
Sangli,35,55,30,7,1468.538877,35,27.31159202
Sangli,40,55,30,7,1092.460661,35,51.98379762
Sangli,30,60,20,6,1311.448335,25,48.51264321
Sangli,35,60,20,6,366.6565958,25,60.86626959
Sangli,40,60,20,6,1876.498772,25,48.46517664
Sangli,30,40,25,6.5,984.6795195,30,93.50319228
Sangli,35,40,25,6.5,1546.944805,30,24.81433597
Sangli,40,40,25,6.5,1400.782027,30,28.12844471
Sangli,30,45,30,7,1638.689931,35,92.15305563
Sangli,35,45,30,7,262.771232,35,8.597211861
Sangli,40,45,30,7,1883.633357,35,61.34652137
Sangli,30,50,20,6,1693.54432,25,68.49185925
Sangli,35,50,20,6,1700.77081,25,51.04863062
Sangli,40,50,20,6,1040.804196,25,69.728956
Sangli,30,55,25,6.5,1633.383034,30,18.10270996
Sangli,35,55,25,6.5,1235.327664,30,85.41059104
Sangli,40,55,25,6.5,1106.260465,30,14.86254326
Sangli,30,60,30,7,1612.859554,35,40.68043199
Sangli,35,60,30,7,1330.040059,35,8.45050253
Sangli,40,60,30,7,338.8887506,35,54.9758968
Sangli,40,20,20,6.5,766.1173187,25,67.30483494
Sangli,45,20,20,6.5,1319.766869,25,94.18094187
Sangli,50,20,20,6.5,1826.841648,25,74.19428339
Sangli,40,25,25,7,1879.401505,30,54.56918873
Sangli,45,25,25,7,1710.04092,30,93.3290847
Sangli,50,25,25,7,657.7625712,30,48.36524697
Sangli,40,30,30,7.5,1052.087375,35,56.55935966
Sangli,45,30,30,7.5,980.1027104,35,60.01375424
Sangli,50,30,30,7.5,989.6335398,35,41.58799286
Sangli,40,20,25,6.5,289.6122491,25,84.00978637
Sangli,45,20,25,6.5,512.5484636,25,19.33241795
Sangli,50,20,25,6.5,475.8684233,25,55.92937685
Sangli,40,25,30,7,1311.083414,30,72.50109236
Sangli,45,25,30,7,941.2370545,30,90.49364102
Sangli,50,25,30,7,783.8984048,30,88.50792125
Sangli,40,30,20,7.5,999.0291627,35,51.36528865
Sangli,45,30,20,7.5,783.5852894,35,64.67298367
Sangli,50,30,20,7.5,1563.445675,35,40.02953588
Sangli,40,20,30,6.5,500.6754819,25,47.34959853
Sangli,45,20,30,6.5,301.0425215,25,90.72031346
Sangli,50,20,30,6.5,1371.269761,25,93.13969533
Sangli,40,25,20,7,615.0424732,30,89.64599175
Sangli,45,25,20,7,1358.037698,30,14.69871532
Sangli,50,25,20,7,305.3751922,30,85.15831811
Sangli,40,30,25,7.5,644.7748214,35,94.88800937
Sangli,45,30,25,7.5,476.9909421,35,36.76371976
Sangli,50,30,25,7.5,723.2119594,35,52.34598265
Pune,100,50,50,5.5,791.9394556,35,78.13043033
Pune,105,50,50,5.5,1091.354249,35,56.64573562
Pune,110,50,50,5.5,1136.249562,35,99.35486865
Pune,115,50,50,5.5,1334.17647,35,46.11562315
Pune,120,50,50,5.5,796.9738191,35,71.68032841
Pune,100,55,55,6,1157.638237,40,79.46652288
Pune,105,55,55,6,1982.211189,40,49.91594116
Pune,110,55,55,6,579.1506966,40,85.84139677
Pune,115,55,55,6,474.8704539,40,55.06930453
Pune,120,55,55,6,1716.615384,40,41.75342888
Pune,100,60,60,6.5,938.6580781,35,11.67454371
Pune,105,60,60,6.5,1724.390634,35,39.94794406
Pune,110,60,60,6.5,964.4402192,35,73.65970902
Pune,115,60,60,6.5,239.0327513,35,92.20735476
Pune,120,60,60,6.5,874.7714682,35,25.91626098
Pune,100,50,55,5.5,1298.235228,40,36.16831622
Pune,105,50,55,5.5,1005.598572,40,16.24213842
Pune,110,50,55,5.5,1026.817343,40,69.38156653
Pune,115,50,55,5.5,1996.968696,40,96.05865457
Pune,120,50,55,5.5,1179.428901,40,64.45426976
Pune,100,55,60,6,1454.491559,35,62.09057647
Pune,105,55,60,6,1497.751259,35,55.79550312
Pune,110,55,60,6,200.3082597,35,9.757118328
Pune,115,55,60,6,1194.429761,35,73.22087882
Pune,120,55,60,6,1933.501296,35,60.60290481
Pune,100,60,50,6.5,1551.481081,40,66.48620012
Pune,105,60,50,6.5,812.7693568,40,89.98229821
Pune,110,60,50,6.5,856.2281789,40,78.61211792
Pune,115,60,50,6.5,746.510956,40,78.31060996
Pune,120,60,50,6.5,1334.374886,40,92.79119312
Pune,100,50,60,5.5,375.1678815,35,99.00356019
Pune,105,50,60,5.5,722.0007448,35,58.54699046
Pune,110,50,60,5.5,1096.786056,35,11.77927999
Pune,115,50,60,5.5,1163.390727,35,46.45386087
Pune,120,50,60,5.5,1293.333805,35,78.9725135
Pune,100,55,50,6,1635.004975,40,3.744807151
Pune,105,55,50,6,493.8255682,40,6.631856397
Pune,110,55,50,6,605.0274019,40,7.648620456
Pune,115,55,50,6,1770.163046,40,73.37254007
Pune,120,55,50,6,1696.086066,40,50.61549623
Pune,100,60,55,6.5,1678.827304,35,37.52089641
Pune,105,60,55,6.5,575.5084022,35,11.45608748
Pune,110,60,55,6.5,304.8620102,35,73.49178477
Pune,115,60,55,6.5,1142.146746,35,32.78096124
Pune,120,60,55,6.5,1766.077031,35,27.26708294
Pune,50,30,30,6,627.5303897,25,65.57960095
Pune,55,30,30,6,1827.560542,25,56.34207837
Pune,60,30,30,6,454.7585032,25,36.87865354
Pune,65,30,30,6,736.5731599,25,64.50725961
Pune,70,30,30,6,736.9188268,25,27.85093052
Pune,50,35,35,6.5,471.9803058,30,79.6881959
Pune,55,35,35,6.5,1771.000711,30,23.70257608
Pune,60,35,35,6.5,942.661897,30,16.72493184
Pune,65,35,35,6.5,543.1834125,30,78.46150154
Pune,70,35,35,6.5,465.0396481,30,71.08131104
Pune,50,40,40,7,957.6453851,35,19.08125859
Pune,55,40,40,7,231.1191033,35,12.50832952
Pune,60,40,40,7,417.9009694,35,84.00150976
Pune,65,40,40,7,206.6565539,35,77.88324974
Pune,70,40,40,7,243.8938392,35,33.39848
Pune,50,30,35,6,1995.272708,25,66.16154341
Pune,55,30,35,6,1008.000589,25,13.29185847
Pune,60,30,35,6,1512.064601,25,51.19771825
Pune,65,30,35,6,1526.745348,25,2.854298914
Pune,70,30,35,6,1784.733457,25,39.76858621
Pune,50,35,40,6.5,386.7424113,30,8.409439326
Pune,55,35,40,6.5,1146.210503,30,48.03957084
Pune,60,35,40,6.5,779.0948494,30,42.74648304
Pune,65,35,40,6.5,1187.268204,30,44.99411764
Pune,70,35,40,6.5,797.8151478,30,5.487798903
Pune,50,40,30,7,530.5843059,35,36.80001779
Pune,55,40,30,7,1411.089009,35,75.89190106
Pune,60,40,30,7,269.1720936,35,37.52252296
Pune,65,40,30,7,1811.693948,35,71.80202331
Pune,70,40,30,7,463.2778149,35,37.57839364
Pune,50,30,40,6,1307.25961,25,42.90070471
Pune,55,30,40,6,1557.56857,25,56.82531917
Pune,60,30,40,6,331.2694559,25,95.11751174
Pune,65,30,40,6,1825.930222,25,11.77718422
Pune,70,30,40,6,841.1189348,25,4.258463097
Pune,50,35,30,6.5,1994.107566,30,61.1877612
Pune,55,35,30,6.5,323.8074568,30,94.9606118
Pune,60,35,30,6.5,1490.19211,30,98.98259012
Pune,65,35,30,6.5,489.2859986,30,48.93226049
Pune,70,35,30,6.5,924.8466993,30,47.34008049
Pune,50,40,35,7,997.7824436,35,64.8514133
Pune,55,40,35,7,931.0787223,35,56.00784096
Pune,60,40,35,7,807.6315318,35,63.7747177
Pune,65,40,35,7,1580.977137,35,87.52594313
Pune,70,40,35,7,1675.801152,35,74.88431078
Pune,20,30,15,6,804.1055302,20,50.19086178
Pune,25,30,15,6,1068.760841,20,46.72458144
Pune,30,30,15,6,959.1643957,20,64.3205731
Pune,20,35,20,6.5,1268.330357,25,46.11492216
Pune,25,35,20,6.5,470.4788455,25,46.32015578
Pune,30,35,20,6.5,1650.232894,25,2.614284277
Pune,20,40,15,7,1634.622893,30,18.2323496
Pune,25,40,15,7,1262.743685,30,49.36285036
Pune,30,40,15,7,1543.05961,30,82.44269245
Pune,20,30,20,6,1979.309302,20,28.59397367
Pune,25,30,20,6,1860.514414,20,52.74169988
Pune,30,30,20,6,1300.608108,20,35.15124639
Pune,20,35,15,6.5,1120.522563,25,11.37559496
Pune,25,35,15,6.5,1162.148711,25,95.87154982
Pune,30,35,15,6.5,1039.906106,25,85.61271315
Pune,20,40,20,7,1064.40676,30,8.770750022
Pune,25,40,20,7,1517.666619,30,72.25893898
Pune,30,40,20,7,1985.818936,30,35.41041053
Pune,100,50,40,6.5,281.565735,15,99.4901309
Pune,105,50,40,6.5,614.3386195,15,30.93745346
Pune,110,50,40,6.5,578.3737463,15,24.63510609
Pune,115,50,40,6.5,1699.141124,15,57.22116428
Pune,120,50,40,6.5,955.5029312,15,83.67749017
Pune,100,55,45,7,1145.238081,20,20.05936831
Pune,105,55,45,7,1044.474204,20,71.2308742
Pune,110,55,45,7,1736.626316,20,7.079251731
Pune,115,55,45,7,1099.495642,20,91.97453957
Pune,120,55,45,7,1402.122785,20,9.026416699
Pune,100,60,50,7.5,235.0703337,15,91.50890626
Pune,105,60,50,7.5,1374.418,15,49.5899177
Pune,110,60,50,7.5,633.7130869,15,45.36102017
Pune,115,60,50,7.5,1760.363491,15,97.35740087
Pune,120,60,50,7.5,1552.797539,15,99.04803359
Pune,100,50,45,6.5,396.7164195,20,65.36763447
Pune,105,50,45,6.5,386.2488865,20,13.58480989
Pune,110,50,45,6.5,727.3969173,20,51.11083848
Pune,115,50,45,6.5,426.3744712,20,53.38714699
Pune,120,50,45,6.5,1532.590224,20,51.93019639
Pune,100,55,50,7,1976.269695,15,57.37969201
Pune,105,55,50,7,1379.462119,15,2.853746666
Pune,110,55,50,7,648.2840518,15,71.41150087
Pune,115,55,50,7,1215.690305,15,71.52703589
Pune,120,55,50,7,1650.168431,15,12.43150774
Pune,100,60,40,7.5,1931.9734,20,57.4537048
Pune,105,60,40,7.5,209.1291278,20,57.26775706
Pune,110,60,40,7.5,1142.642524,20,68.5625916
Pune,115,60,40,7.5,1015.785702,20,9.454371521
Pune,120,60,40,7.5,946.0869074,20,63.02382742
Pune,100,50,50,6.5,1106.907871,15,28.79444312
Pune,105,50,50,6.5,926.3108393,15,51.19329606
Pune,110,50,50,6.5,819.2279044,15,77.55903172
Pune,115,50,50,6.5,406.6539704,15,70.8589477
Pune,120,50,50,6.5,1099.722085,15,12.77139875
Pune,100,55,40,7,1677.892547,20,59.52729392
Pune,105,55,40,7,388.5181967,20,96.94253656
Pune,110,55,40,7,1529.284448,20,16.5201743
Pune,115,55,40,7,681.9790133,20,85.43780168
Pune,120,55,40,7,886.2379688,20,70.55225997
Pune,100,60,45,7.5,1978.552465,15,77.62632798
Pune,105,60,45,7.5,1415.380561,15,28.91387439
Pune,110,60,45,7.5,1494.402175,15,29.50100401
Pune,115,60,45,7.5,1284.303685,15,90.69592612
Pune,120,60,45,7.5,780.2542947,15,36.62337118
Pune,20,30,20,5.5,1415.20859,25,7.238523679
Pune,25,30,20,5.5,1023.08298,25,60.45907365
Pune,30,30,20,5.5,1697.749045,25,13.35694924
Pune,20,35,25,6,1227.902888,30,79.8630279
Pune,25,35,25,6,1588.224802,30,64.53289781
Pune,30,35,25,6,1727.314595,30,87.59792402
Pune,20,40,30,6.5,1678.015353,35,78.69888773
Pune,25,40,30,6.5,923.7930783,35,12.09925119
Pune,30,40,30,6.5,863.7618365,35,38.72599697
Pune,20,30,25,5.5,1764.321598,25,77.68146474
Pune,25,30,25,5.5,457.5802856,25,42.31680585
Pune,30,30,25,5.5,702.9268047,25,97.26418299
Pune,20,35,30,6,417.8171678,30,73.83830454
Pune,25,35,30,6,275.7643907,30,2.534491752
Pune,30,35,30,6,1308.549903,30,88.11858346
Pune,20,40,20,6.5,1821.40498,35,10.9796737
Pune,25,40,20,6.5,432.9488117,35,14.91184869
Pune,30,40,20,6.5,1632.276246,35,73.71474766
Pune,20,30,30,5.5,882.8118381,25,86.63188738
Pune,25,30,30,5.5,1312.650047,25,54.09861316
Pune,30,30,30,5.5,1574.735109,25,29.61592356
Pune,20,35,20,6,1478.143305,30,35.78023898
Pune,25,35,20,6,446.0671136,30,34.94604363
Pune,30,35,20,6,407.6944528,30,33.34113228
Pune,20,40,25,6.5,1863.548068,35,25.04805751
Pune,25,40,25,6.5,343.0480701,35,61.27784237
Pune,30,40,25,6.5,593.1194462,35,90.14012654
Pune,30,30,20,6,989.0253847,25,31.4011589
Pune,35,30,20,6,1677.819981,25,19.48273545
Pune,40,30,20,6,1284.726722,25,84.01918897
Pune,30,35,25,6.5,1228.130077,30,74.43654976
Pune,35,35,25,6.5,1445.518714,30,93.15286612
Pune,40,35,25,6.5,1643.88537,30,17.38645382
Pune,30,40,30,7,618.5404707,35,15.2808801
Pune,35,40,30,7,234.0224894,35,54.60151004
Pune,40,40,30,7,428.9549154,35,61.82893183
Pune,30,30,25,6,497.2951343,25,48.53717074
Pune,35,30,25,6,272.0414688,25,60.297697
Pune,40,30,25,6,1545.532466,25,18.85759712
Pune,30,35,30,6.5,1792.864428,30,48.48176166
Pune,35,35,30,6.5,1479.169745,30,66.15116353
Pune,40,35,30,6.5,539.5218022,30,43.83793848
Pune,30,40,20,7,1291.600648,35,68.26528625
Pune,35,40,20,7,1137.086621,35,45.66793677
Pune,40,40,20,7,1675.934187,35,34.0263585
Pune,30,30,30,6,1896.137732,25,31.05689966
Pune,35,30,30,6,1537.282729,25,41.67930384
Pune,40,30,30,6,1122.569512,25,3.285872646
Pune,30,35,20,6.5,1119.886865,30,67.18398871
Pune,35,35,20,6.5,1654.016361,30,84.66545846
Pune,40,35,20,6.5,420.5258343,30,36.10808235
Pune,30,40,25,7,475.9647727,35,5.557280478
Pune,35,40,25,7,818.3229397,35,98.69078414
Pune,40,40,25,7,1544.850194,35,27.10612729
Pune,30,40,20,6,318.7580171,15,13.53549105
Pune,35,40,20,6,819.7825805,15,37.60549829
Pune,40,40,20,6,773.3728212,15,74.11714702
Pune,30,45,25,6.5,1074.327697,20,30.09774309
Pune,35,45,25,6.5,1034.689717,20,57.89561719
Pune,40,45,25,6.5,1485.929338,20,42.14043945
Pune,30,50,30,7,1326.009935,15,12.65863524
Pune,35,50,30,7,1824.985972,15,33.69841424
Pune,40,50,30,7,525.1815815,15,72.76218007
Pune,30,40,25,7.5,977.7457013,20,61.58838584
Pune,35,40,25,7.5,920.172096,20,12.85805961
Pune,40,40,25,7.5,402.5332885,20,17.16891856
Pune,30,45,30,6,496.6897429,15,64.43260257
Pune,35,45,30,6,805.9350939,15,81.52812602
Pune,40,45,30,6,1522.644187,15,35.5979751
Pune,30,50,20,6.5,470.290216,20,59.93576443
Pune,35,50,20,6.5,677.5731331,20,17.89371529
Pune,40,50,20,6.5,1417.556591,20,31.82625735
Pune,30,40,30,7,1273.977261,15,3.006750362
Pune,35,40,30,7,387.9089527,15,77.05931883
Pune,40,40,30,7,1898.669078,15,40.69997216
Pune,30,45,20,7.5,466.4520665,20,81.79643179
Pune,35,45,20,7.5,310.5329573,20,71.12892661
Pune,40,45,20,7.5,747.6561622,20,83.04568231
Pune,30,50,25,6,247.6415849,15,29.28020829
Pune,35,50,25,6,255.3028216,15,19.32576431
Pune,40,50,25,6,1241.717952,15,97.21866258
Pune,120,60,120,6.5,1807.31138,20,72.01545092
Pune,125,60,120,6.5,924.5799108,20,83.57018452
Pune,130,60,120,6.5,743.8564747,20,2.300203997
Pune,135,60,120,6.5,1846.329058,20,36.09170041
Pune,140,60,120,6.5,310.6303419,20,74.53885237
Pune,145,60,120,6.5,1051.962646,20,8.720300466
Pune,150,60,120,6.5,654.6842141,20,57.16665303
Pune,120,65,125,7,887.0800677,25,43.47820398
Pune,125,65,125,7,939.429059,25,2.744034207
Pune,130,65,125,7,1181.247718,25,24.36158213
Pune,135,65,125,7,1015.851721,25,29.19440692
Pune,140,65,125,7,1978.488973,25,12.07413469
Pune,145,65,125,7,245.9201424,25,63.52215406
Pune,150,65,125,7,1563.785963,25,24.99738975
Pune,120,70,130,7.5,291.7915548,30,28.48433046
Pune,125,70,130,7.5,975.9265331,30,89.92562122
Pune,130,70,130,7.5,563.3243254,30,47.24518618
Pune,135,70,130,7.5,1901.544141,30,39.82068655
Pune,140,70,130,7.5,1500.482707,30,72.66323279
Pune,145,70,130,7.5,1033.124892,30,91.05176589
Pune,150,70,130,7.5,1914.035811,30,3.478597288
Pune,120,75,135,6.5,1498.330316,35,45.37564581
Pune,125,75,135,6.5,1913.492682,35,61.46735425
Pune,130,75,135,6.5,1468.23477,35,32.53774671
Pune,135,75,135,6.5,339.8794583,35,77.46836449
Pune,140,75,135,6.5,1309.349666,35,97.17622996
Pune,145,75,135,6.5,1964.62947,35,94.39930926
Pune,150,75,135,6.5,585.5277808,35,27.3322714
Pune,120,80,140,7,1626.931431,20,23.40748957
Pune,125,80,140,7,532.3377156,20,95.79156257
Pune,130,80,140,7,1014.026932,20,46.40422026
Pune,135,80,140,7,352.3946979,20,21.62147459
Pune,140,80,140,7,813.0550575,20,70.9926994
Pune,145,80,140,7,1597.207668,20,29.15761207
Pune,150,80,140,7,281.4824863,20,27.45745053
Pune,120,60,145,7.5,776.3539439,25,88.04565526
Pune,125,60,145,7.5,1333.554167,25,17.08543618
Pune,130,60,145,7.5,1907.403359,25,7.3749017
Pune,135,60,145,7.5,641.633186,25,27.64945758
Pune,140,60,145,7.5,511.6700173,25,61.08759587
Pune,145,60,145,7.5,566.607135,25,13.18569749
Pune,150,60,145,7.5,626.2557263,25,47.68787256
Pune,120,65,150,6.5,1348.978799,30,63.10637393
Pune,125,65,150,6.5,1997.602133,30,85.02496227
Pune,130,65,150,6.5,1142.464306,30,23.75708953
Pune,135,65,150,6.5,688.5754058,30,81.91728601
Pune,140,65,150,6.5,1544.527587,30,24.25571985
Pune,145,65,150,6.5,484.8529531,30,67.99988758
Pune,150,65,150,6.5,254.0255115,30,43.63668358
Pune,120,70,120,7,1289.476944,35,12.353443
Pune,125,70,120,7,578.5319977,35,71.71208282
Pune,130,70,120,7,918.6270533,35,22.55849924
Pune,135,70,120,7,616.045952,35,18.48571918
Pune,140,70,120,7,1852.511119,35,36.47396993
Pune,145,70,120,7,808.3795549,35,65.67573423
Pune,150,70,120,7,1008.332279,35,24.1656514
Pune,120,75,125,7.5,622.717356,20,19.18249234
Pune,125,75,125,7.5,352.7318209,20,1.985408946
Pune,130,75,125,7.5,1122.601913,20,47.69266661
Pune,135,75,125,7.5,1763.701885,20,43.43591136
Pune,140,75,125,7.5,833.026967,20,24.15290662
Pune,145,75,125,7.5,1605.743488,20,6.311564237
Pune,150,75,125,7.5,258.7021819,20,43.49633158
Pune,120,80,130,6.5,623.9155625,25,79.032306
Pune,125,80,130,6.5,436.6915887,25,71.812931
Pune,130,80,130,6.5,925.1883161,25,86.2186941
Pune,135,80,130,6.5,1809.799272,25,1.948686084
Pune,140,80,130,6.5,872.3214749,25,96.67551236
Pune,145,80,130,6.5,1285.982532,25,34.79981301
Pune,150,80,130,6.5,1816.655815,25,99.04938181
Pune,120,60,135,7,847.615792,30,26.0093266
Pune,125,60,135,7,858.360126,30,47.68210237
Pune,130,60,135,7,358.3694734,30,36.03883998
Pune,135,60,135,7,828.2893727,30,36.22031078
Pune,140,60,135,7,1543.087786,30,84.38592778
Pune,145,60,135,7,1720.332882,30,74.89547503
Pune,150,60,135,7,1500.950928,30,99.22299209
Pune,120,65,140,7.5,212.4656385,35,61.73795359
Pune,125,65,140,7.5,410.55824,35,46.86240384
Pune,130,65,140,7.5,1515.767596,35,9.917312432
Pune,135,65,140,7.5,1896.313986,35,99.65958053
Pune,140,65,140,7.5,1451.650035,35,55.60153464
Pune,145,65,140,7.5,606.9859637,35,70.3472695
Pune,150,65,140,7.5,393.6050491,35,41.26749633
Pune,120,70,145,6.5,1778.62931,20,55.22385511
Pune,125,70,145,6.5,378.2549215,20,94.31519546
Pune,130,70,145,6.5,471.8665347,20,17.47552436
Pune,135,70,145,6.5,1274.046899,20,29.94488585
Pune,140,70,145,6.5,541.9947405,20,16.05391305
Pune,145,70,145,6.5,609.6680408,20,79.42937448
Pune,150,70,145,6.5,456.065424,20,7.142480782
Pune,120,75,150,7,1899.787159,25,9.081533335
Pune,125,75,150,7,424.8653262,25,30.55091717
Pune,130,75,150,7,1876.397712,25,51.90462991
Pune,135,75,150,7,787.15456,25,41.22120526
Pune,140,75,150,7,1678.807082,25,5.436814756
Pune,145,75,150,7,1909.995625,25,95.79166423
Pune,150,75,150,7,1134.663952,25,95.33408252
Pune,120,80,120,7.5,1586.309824,30,28.656276
Pune,125,80,120,7.5,678.8188408,30,73.42103591
Pune,130,80,120,7.5,889.3355468,30,58.27896573
Pune,135,80,120,7.5,1195.376106,30,24.51019281
Pune,140,80,120,7.5,1730.830118,30,26.95498362
Pune,145,80,120,7.5,1317.328471,30,49.62416426
Pune,150,80,120,7.5,239.7778832,30,42.50445721
Pune,120,60,125,6.5,748.6122181,35,29.83170349
Pune,125,60,125,6.5,1756.949302,35,80.94364803
Pune,130,60,125,6.5,632.4262795,35,48.66482885
Pune,135,60,125,6.5,862.2707064,35,65.82995818
Pune,140,60,125,6.5,901.3065017,35,19.73807652
Pune,145,60,125,6.5,478.0149218,35,53.81725859
Pune,150,60,125,6.5,829.6616888,35,32.4796289
Pune,120,65,130,7,1671.357294,20,53.11494743
Pune,125,65,130,7,1728.368963,20,78.30175751
Pune,130,65,130,7,1245.615579,20,77.1224078
Pune,135,65,130,7,1421.731289,20,36.06784713
Pune,140,65,130,7,1162.230866,20,69.73343459
Pune,145,65,130,7,279.690616,20,94.18770509
Pune,150,65,130,7,1454.03276,20,62.94126366
Pune,120,70,135,7.5,1993.791576,25,15.69260221
Pune,125,70,135,7.5,610.0819865,25,68.2911543
Pune,130,70,135,7.5,1967.872158,25,11.38553425
Pune,135,70,135,7.5,1995.992481,25,87.33893047
Pune,140,70,135,7.5,454.7262899,25,52.14938908
Pune,145,70,135,7.5,1867.043325,25,39.12893289
Pune,150,70,135,7.5,1415.958742,25,6.64365287
Pune,120,75,140,6.5,1039.469284,30,38.69758972
Pune,125,75,140,6.5,820.3892915,30,90.41746012
Pune,130,75,140,6.5,1333.642869,30,3.077316632
Pune,135,75,140,6.5,1717.016019,30,47.99016762
Pune,140,75,140,6.5,261.3842476,30,93.18465102
Pune,145,75,140,6.5,1163.832088,30,40.08925898
Pune,150,75,140,6.5,1370.475172,30,43.38939306
Pune,120,80,145,7,246.085925,35,58.27744546
Pune,125,80,145,7,1800.339679,35,46.83079602
Pune,130,80,145,7,1913.221855,35,17.69156743
Pune,135,80,145,7,1302.484365,35,2.836998368
Pune,140,80,145,7,410.601934,35,61.37135414
Pune,145,80,145,7,1878.341079,35,92.15985211
Pune,150,80,145,7,1649.012775,35,11.53004917
Pune,120,60,150,7.5,251.3868123,20,21.88431921
Pune,125,60,150,7.5,1242.48373,20,37.6527191
Pune,130,60,150,7.5,406.1671695,20,81.06548067
Pune,135,60,150,7.5,453.9195132,20,27.65677133
Pune,140,60,150,7.5,546.5179009,20,88.32338602
Pune,145,60,150,7.5,913.139291,20,6.44082959
Pune,150,60,150,7.5,1777.48915,20,94.1547055
Pune,120,65,120,6.5,255.9357428,25,56.51396071
Pune,125,65,120,6.5,1440.579746,25,66.21899017
Pune,130,65,120,6.5,1936.19142,25,37.40126273
Pune,135,65,120,6.5,1354.220199,25,78.41743427
Pune,140,65,120,6.5,1668.089107,25,17.49005876
Pune,145,65,120,6.5,1823.190168,25,5.842270703
Pune,150,65,120,6.5,1486.636049,25,40.15617737
Pune,120,70,125,7,1387.717037,30,85.51587568
Pune,125,70,125,7,232.340139,30,75.73775683
Pune,130,70,125,7,1134.00036,30,52.19844108
Pune,135,70,125,7,1044.606416,30,57.64163697
Pune,140,70,125,7,1140.870129,30,13.8593898
Pune,145,70,125,7,978.4647024,30,84.22746935
Pune,150,70,125,7,1831.803526,30,78.90900861
Pune,120,75,130,7.5,1800.254161,35,65.99056899
Pune,125,75,130,7.5,426.2573997,35,47.1529126
Pune,130,75,130,7.5,1159.207041,35,96.48146756
Pune,135,75,130,7.5,1927.206171,35,88.02416522
Pune,140,75,130,7.5,1277.59548,35,64.79861886
Pune,145,75,130,7.5,1643.003156,35,37.80829877
Pune,150,75,130,7.5,872.0480398,35,62.18420559
Pune,120,80,135,6.5,879.048192,20,57.96865173
Pune,125,80,135,6.5,786.23711,20,40.0299568
Pune,130,80,135,6.5,239.3218363,20,31.3607232
Pune,135,80,135,6.5,1864.732902,20,41.29406843
Pune,140,80,135,6.5,829.3550583,20,57.8172292
Pune,145,80,135,6.5,860.7583215,20,43.38534963
Pune,150,80,135,6.5,1567.185335,20,27.09387433
Pune,120,60,140,7,1148.407621,25,76.33536846
Pune,125,60,140,7,851.6758791,25,53.6152821
Pune,130,60,140,7,1790.511374,25,7.699841159
Pune,135,60,140,7,1685.682584,25,37.46333406
Pune,140,60,140,7,1958.242829,25,88.60643226
Pune,145,60,140,7,1353.838945,25,75.76841659
Pune,150,60,140,7,1442.1739,25,33.00143161
Pune,120,65,145,7.5,784.0991421,30,93.88013205
Pune,125,65,145,7.5,379.2439792,30,8.583687927
Pune,130,65,145,7.5,390.6501225,30,96.16223569
Pune,135,65,145,7.5,1362.692831,30,25.32480416
Pune,140,65,145,7.5,403.8889465,30,1.90032385
Pune,145,65,145,7.5,1831.927818,30,43.94699562
Pune,150,65,145,7.5,1466.963577,30,36.53807254
Pune,120,70,150,6.5,607.1721319,35,54.36981152
Pune,125,70,150,6.5,702.5809898,35,79.8805132
Pune,130,70,150,6.5,1477.952691,35,84.40064941
Pune,135,70,150,6.5,1683.415883,35,40.72176996
Pune,140,70,150,6.5,1710.973977,35,43.55472863
Pune,145,70,150,6.5,1281.84891,35,15.6695953
Pune,150,70,150,6.5,479.4175753,35,5.707213279
Pune,120,75,120,7,1673.047102,20,64.48028403
Pune,125,75,120,7,1624.958352,20,7.37932493
Pune,130,75,120,7,1703.643655,20,73.64918182
Pune,135,75,120,7,483.7948049,20,54.36992436
Pune,140,75,120,7,1431.843943,20,20.65971484
Pune,145,75,120,7,1928.43908,20,54.41277141
Pune,150,75,120,7,660.9108551,20,19.11677394
Pune,120,80,125,7.5,1490.110448,25,44.43498354
Pune,125,80,125,7.5,666.0513766,25,80.15647131
Pune,130,80,125,7.5,752.7735357,25,46.73001005
Pune,135,80,125,7.5,1073.482537,25,15.72123251
Pune,140,80,125,7.5,1810.917278,25,72.6590395
Pune,145,80,125,7.5,269.5912613,25,19.49007321
Pune,150,80,125,7.5,1981.354359,25,74.11643756
Pune,120,60,130,6.5,1589.738869,30,48.45587663
Pune,125,60,130,6.5,847.6020155,30,45.92043415
Pune,130,60,130,6.5,837.4883665,30,85.29206875
Pune,135,60,130,6.5,1069.366225,30,71.15174891
Pune,140,60,130,6.5,1775.861383,30,4.258168899
Pune,145,60,130,6.5,232.2512135,30,30.32125715
Pune,150,60,130,6.5,1186.849371,30,87.22114542
Pune,120,65,135,7,300.9556012,35,2.814290686
Pune,125,65,135,7,408.0813452,35,54.98009118
Pune,130,65,135,7,1443.198556,35,73.05474125
Pune,135,65,135,7,621.7559933,35,62.56375246
Pune,140,65,135,7,274.8706494,35,76.29268801
Pune,145,65,135,7,495.6271041,35,72.84349304
Pune,150,65,135,7,575.5485504,35,69.51103882
Pune,120,70,140,7.5,1585.607592,20,82.33244623
Pune,125,70,140,7.5,1324.863437,20,64.92337618
Pune,130,70,140,7.5,1523.223223,20,40.83943093
Pune,135,70,140,7.5,865.6801033,20,47.71900188
Pune,140,70,140,7.5,403.6389939,20,71.95575349
Pune,145,70,140,7.5,1649.522186,20,87.75429694
Pune,150,70,140,7.5,452.7323096,20,27.94966128
Pune,120,75,145,6.5,888.8271804,25,34.8656028
Pune,125,75,145,6.5,672.100835,25,93.14320024
Pune,130,75,145,6.5,733.7627366,25,58.27266745
Pune,135,75,145,6.5,1283.341991,25,18.7172199
Pune,140,75,145,6.5,495.8338742,25,66.70581875
Pune,145,75,145,6.5,1002.573002,25,99.0854534
Pune,150,75,145,6.5,1349.639103,25,82.52190288
Pune,120,80,150,7,1764.043755,30,74.82837252
Pune,125,80,150,7,868.2095355,30,21.59661877
Pune,130,80,150,7,773.6452066,30,87.73783868
Pune,135,80,150,7,862.125005,30,53.05309551
Pune,140,80,150,7,1101.434727,30,89.03971219
Pune,145,80,150,7,763.5702688,30,33.65295511
Pune,150,80,150,7,650.8137171,30,7.143054211
Yadgir,28.736,67.103,78.602,7.0954,875.5455658,30,48.1216209
Yadgir,22.229,62.822,75.221,7.3273,1600.092677,24,27.71392288
Yadgir,22.145,70.373,77.868,7.0311,655.0666166,23,71.80769969
Yadgir,26.321,72.488,76.697,7.047,1720.333339,28,95.75354873
Yadgir,26.687,72.183,75.068,7.0078,713.1917746,27,69.40644096
Yadgir,23.861,75.766,75.035,7.2329,1285.538414,27,88.80645904
Virudhunagar,20.052,48.42,72.952,7.245,1947.757308,29,45.84937735
Virudhunagar,20.222,20.045,46.928,7.5086,1913.227148,30,77.39243298
Virudhunagar,20.309,22.559,61.877,7.8122,982.3393974,29,84.46130023
Virudhunagar,20,20.432,65.055,7.6,321.5283847,29,71.37668713
Virudhunagar,20.12,54.839,76.562,7.3361,1824.731686,24,51.26995132
Virudhunagar,20.066,21.422,56.873,7.2382,428.4487669,29,62.96074485
Virudhunagar,20.042,50.582,75.506,7.1173,1862.38862,27,70.35019257
Virudhunagar,20,60.08,72.245,7.0837,1518.735091,26,26.05535592
Virudhunagar,20.137,52.274,77.594,7.2915,1881.630417,21,81.14834683
Virudhunagar,20.249,62.597,66.851,7.1293,1397.705261,25,95.08212936
Virudhunagar,20.117,60.2,65.172,7.4103,1991.202818,25,47.0586922
Villupuram,20.072,55.958,50.614,7.0009,1040.603026,28,70.40565113
Villupuram,20,59.174,51.221,6.9563,793.3187139,26,73.96556467
Villupuram,20.084,52.262,53.792,7.0013,907.9615227,29,66.5625072
Villupuram,20.048,59.564,60.324,7.0818,830.5200778,30,55.16439572
Villupuram,20.075,56.714,64.356,6.9987,921.4351133,28,88.2831475
Villupuram,20,57.819,53.108,6.9994,1793.363791,26,45.44374422
Villupuram,20,66.03,58.586,6.9777,1265.710043,29,7.049192692
Villupuram,20,78.23,47.221,7.0018,1506.256257,27,84.6110812
Villupuram,20.042,55.838,50,6.9993,718.1718678,24,67.72414596
Villupuram,20.036,61.89,56.702,6.9979,1981.76723,28,85.07660402
Villupuram,20.036,53.888,60.017,6.9875,705.3225359,26,14.7161968
Villupuram,20.096,44.272,55.949,7.054,486.245262,31,4.04454111
Villupuram,20.024,55.607,67.316,6.9992,1600.750254,23,93.5030795
Vijayapura,20.105,78.29,59.528,7.0727,1710.335603,27,15.62510228
Vijayapura,20.102,75.407,58.979,7.0187,908.8314797,28,81.15558087
Vijayapura,21.064,68.894,59.947,7.7583,1173.929208,29,82.49778428
Vijayapura,20.066,75.335,62.656,7.0189,945.4303705,25,71.16181485
Vijayapura,20,72.854,61.466,7.0297,729.0595208,26,13.9949589
Vijayapura,20,79.214,70.241,7.0962,1664.078657,28,67.07246383
Vijayapura,20.252,73.502,63.017,7.3545,1562.667241,28,89.01957175
Vijayapura,20.087,76.262,60.848,7.0611,1073.591534,28,43.12763284
Vijayapura,21.368,71.603,65.567,7.9471,1019.99166,28,41.93816858
Vijayapura,25.673,78.653,57.191,7.1461,524.2946506,31,44.84297265
Vijayapura,22.625,78.506,53.711,7.4011,1347.092048,25,9.144917177
Vijayapura,20,78.815,61.298,7.0339,1862.619936,25,89.31053133
Vijayapura,20.075,78.713,59.428,7.0258,1493.919006,30,87.04910353
Vijayanagar,37.97,46.376,33.183,7.8072,1111.28689,23,99.79302286
Vijayanagar,24.32,60.833,37.004,6.9819,269.5853163,30,58.93313101
Vijayanagar,35.808,37.085,31.49,7.0935,1874.50912,26,75.36797201
Vijayanagar,34.537,49.094,33.533,7.3013,754.4798084,34,21.06451872
Vijayanagar,42.635,54.05,54.835,7.0747,739.9145378,27,67.085353
Vijayanagar,20,70.952,48.814,7.5716,1045.272897,25,65.32355203
Vellore,20.102,35.201,57.039,7.1048,972.4986616,28,90.21966485
Vellore,20.061,34.175,58.391,7.4945,1932.229095,27,83.24847956
Vellore,20.106,34.628,56.327,7.9231,497.0134187,25,93.9081798
Vellore,20.225,40.691,53.252,7.4638,1440.419879,28,87.0145138
Vellore,20,38.201,52.718,7.056,392.1737577,26,87.00069559
Vellore,20.078,43.846,48.689,7.1869,698.4156413,35,7.308609342
Vellore,20,38.225,56.402,7.1853,1499.846921,25,84.75023332
Valsad,29.687,76.257,67.214,6.9999,1647.278181,28,61.14036106
Valsad,30.461,76.682,60.371,7.0093,1044.064122,26,38.66400072
Valsad,30.497,75.668,64.568,6.9983,1620.821195,27,6.594947814
Valsad,33.398,76.016,64.082,6.999,1883.228692,27,68.0897037
Valsad,31.832,75.605,61.157,6.9928,1884.417383,25,33.4919733
Valsad,33.971,76.592,64.667,7.0004,816.4540198,25,47.30985023
Vadodara,32.981,58.877,54.884,7.0033,761.8517146,28,68.49111527
Vadodara,40.412,59.357,42.407,7.0201,1507.600374,25,91.26568016
Vadodara,27.404,67.422,78.848,7.0066,1377.370105,25,82.71825464
Vadodara,21.065,64.484,65.015,7,906.0771949,24,45.60911578
Vadodara,24.101,55.4,75.902,7.0027,611.6119475,26,39.39053259
Vadodara,24.491,58.073,48.847,7.0159,1313.177398,33,24.73819415
Vadodara,20.231,70.949,77.924,7.0495,974.4301863,26,37.87024837
Vadodara,20.018,73.235,22.91,7.0204,437.8041949,26,11.99359234
Uttara Kannada,25.016,62,49.082,6.8794,1350.647753,24,97.13944533
Uttara Kannada,22.703,51.652,61.304,6.8262,1455.813941,29,57.81782695
Uttara Kannada,31.85,64.15,35.934,6.7663,855.6176181,26,13.65277844
Uttara Kannada,26.948,45.629,36.437,6.6352,1697.517933,33,35.92779492
Uttara Kannada,24.691,57.596,29.332,6.6469,332.6115499,27,55.15687522
Uttara Kannada,29.342,40.44,36.597,6.7491,1092.637604,25,53.75567803
Uttara Kannada,21.92,68.231,32.09,6.9722,1921.402051,30,4.514833503
Uttara Kannada,24.839,47.942,26.39,6.7988,542.8336461,27,95.13326239
Uttara Kannada,22.25,53.693,70.914,6.9717,510.1836355,27,28.26219247
Uttara Kannada,20,21.902,43.268,7,881.6540344,29,2.602282224
Uttara Kannada,21.512,60.4,61.475,6.994,682.5512766,31,8.567956886
Uttara Kannada,31.52,63.092,53.687,6.9254,598.7601086,23,58.43929542
Udupi,35.375,69.048,44.12,6.1547,1909.717511,29,14.64076655
Udupi,28.643,50.826,48.068,6.1257,820.7259918,33,5.130754492
Udupi,40.022,61.847,51.611,6.0503,307.7085345,24,38.58302017
Udupi,33.05,56.564,50.615,6.0776,1819.607087,26,62.65335804
Udupi,34.897,72.325,36.404,6.1659,1006.842886,23,12.07214068
Udupi,29.198,58.914,48.014,6.342,1524.695172,26,32.01945538
Udupi,20,38,26,6.2,861.2250451,20,42.35830649
Tuticorn,20,52.928,79.671,7.5757,1883.304267,29,16.78654968
Tuticorn,20,56.16,76.781,7.2478,718.0404598,24,51.10131595
Tuticorn,20,64.679,79.775,7,1392.979958,29,9.436194603
Tuticorn,20.027,47.765,76.349,7.0068,1683.820864,26,5.605331138
Tuticorn,20,45.386,79.562,7.2421,628.2790121,27,52.46370135
Tuticorn,20,49.643,78.728,7.3585,1642.719514,28,25.5418003
Tuticorn,20,58.953,76.073,7.2534,1626.09682,27,10.44200698
Tuticorn,20,70.988,63.405,6.9894,1935.602483,31,42.96734616
Tuticorn,20,51.035,77.651,7.4527,1861.061448,28,91.59893321
Tuticorn,20,46.535,79.97,8.0905,899.4957051,31,72.69505222
Tuticorn,20,69.641,34.301,7.2268,1262.978758,30,81.74597562
Tuticorn,20,60.461,36.242,6.865,1865.529779,27,87.31948489
Tumakuru,26.768,62.628,55.454,6.9944,207.8762112,25,97.2901464
Tumakuru,28.523,74.273,61.984,6.9996,1329.230256,28,76.56141078
Tumakuru,27.656,66.908,54.866,6.9802,587.6543182,29,61.23238427
Tumakuru,23.066,71.666,57.707,6.9685,1529.778818,26,37.17716215
Tumakuru,26.513,66.605,54.494,6.9929,1633.645444,25,18.98268042
Tumakuru,23.978,69.17,56.897,6.9948,1483.326627,24,68.97932752
Tumakuru,24.02,67.337,51.143,6.9692,1992.940404,24,99.50004863
Tumakuru,24.434,64.856,57.416,6.9959,1062.663727,29,47.26850978
Tumakuru,22.526,71.837,56.564,7.0033,1210.421859,29,72.64425744
Tumakuru,27.797,64.982,57.848,6.9985,936.1863608,27,50.01415255
Tiruvannamalai,22.662,47.741,57.332,7.0109,1953.169677,30,43.76140891
Tiruvannamalai,20.195,50.052,39.404,7.1505,1860.961432,26,41.62025574
Tiruvannamalai,20.06,54.497,36.009,7.107,1975.946204,25,50.95784361
Tiruvannamalai,20.147,56.114,46.313,7.0144,1972.804165,27,37.32267052
Tiruvannamalai,20,55.712,41.276,7.1971,1811.822212,25,75.12855886
Tiruvannamalai,20,64.751,38.963,6.9976,1875.579551,25,87.55293063
Tiruvannamalai,20.054,63.662,44.33,6.9973,415.7861111,29,88.40564536
Tiruvannamalai,20.06,60.204,43.391,7.005,512.3504633,30,23.54217263
Tiruvannamalai,20.699,58.676,48.056,7.0073,1793.337645,27,89.69500473
Tiruvannamalai,20,63.985,35.91,6.9005,1508.240832,30,34.81357195
Tiruvannamalai,20.198,45.305,51.972,7.0048,1774.979681,27,31.62145888
Tiruvannamalai,20.276,52.124,49.298,7.0091,1586.060328,31,72.94884968
Tiruvannamalai,20.057,50.117,50.945,6.9923,451.2503953,22,31.16493767
Tiruvannamalai,20.03,60.267,48.977,7.0583,1849.818265,27,6.243674155
Tiruvannamalai,20.703,53.237,43.358,7.0055,1588.211345,26,37.98815946
Tiruvannamalai,20.03,62.534,33.291,7.0084,1227.451156,27,72.42509444
Tiruvannamalai,22.352,57.856,55.94,7.0021,1158.250823,25,33.36888361
Tiruvannamalai,20.141,48.38,42.63,7.0132,1232.837616,27,63.32634654
Tiruppur,20,48.508,79.784,9.031,902.7504977,24,66.35182498
Tiruppur,20.054,48.923,79.301,7.5691,1645.794811,25,73.63986516
Tiruppur,20.054,48.854,79.478,7.5104,1836.231501,27,89.81591616
Tiruppur,20.102,47.622,79.697,8.936,655.2470382,29,43.82388543
Tiruppur,20.114,42.92,78.563,7.2085,268.4849719,26,17.47677559
Tiruppur,20.072,43.433,77.846,7.2751,565.2693272,29,32.57364583
Tiruppur,20.122,48.767,79.123,7.2136,1563.209556,29,43.78455826
Tiruppur,20,40.473,79.13,7.2361,1763.121896,31,71.67525546
Tiruppur,20,47.682,79.049,7.2517,827.4179228,31,2.299090431
Tiruppur,20.144,42.518,78.929,7.3501,474.2966281,26,32.26275296
Tiruppur,20,43.196,78.113,7.2835,1745.361296,31,78.20441552
Tiruppur,20.084,41.924,79.128,7.2613,586.3571436,29,67.41491263
Tiruppur,20.048,43.298,78.455,7.2457,635.373535,27,73.44225738
Tirupathur,20.135,62.801,58.43,7.2594,366.7026584,29,81.36926617
Tirupathur,20.07,66.027,51.243,7.22,1838.583597,25,78.54033617
Tirupathur,20.06,64.907,61.571,7.0412,788.1020134,32,68.53613345
Tirupathur,20.063,66.557,58.134,7.3403,509.3144349,26,44.5264917
Tirupathur,20.273,62.054,59.315,7.0446,1916.560858,32,98.37623456
Tirupathur,20.027,58.276,59.258,7.0362,803.9367567,27,57.33824636
Tirunelveli,24.95,67.256,58.958,7.3679,1545.474527,26,21.07415173
Tirunelveli,21.683,55.931,65.303,7.228,614.7120597,28,29.98847266
Tirunelveli,22.889,57.098,64.745,7.3743,1508.286396,30,69.66268314
Tirunelveli,22.158,70.859,33.464,6.6084,617.8919958,26,92.54921695
Tirunelveli,27.671,60.16,64.943,6.9324,1347.93197,25,18.69329279
Tirunelveli,20.421,29.435,50.005,7.0171,993.5534547,26,9.152303079
Tirunelveli,20.414,48.576,69.35,7.6907,1637.692021,28,88.27157376
Tirunelveli,21.05,72.137,66.662,7.3959,1514.489296,26,91.61251991
Tirunelveli,20.168,45.098,53.339,6.9986,1883.874124,26,28.36155519
Tiruchippalli,20,41.342,73.886,7.2193,877.9201551,29,38.35128671
Tiruchippalli,20,73.483,64.716,7.2908,1557.803228,24,66.35861175
Tiruchippalli,20,46.76,71.264,7.0186,1943.918357,26,33.66307206
Tiruchippalli,20,77.756,78.878,7.0243,805.3562496,26,87.83871212
Tiruchippalli,20,37.97,69.026,7.0774,722.0076389,29,11.65029157
Tiruchippalli,20,74.346,76.265,7.3237,1584.291416,30,4.760239875
Tiruchippalli,20,75.341,68.813,7.0011,1001.938524,26,21.64013447
Tiruchippalli,20,38.231,65.462,7.1605,917.573176,19,29.32269004
Tiruchippalli,22.778,60.833,65.213,7,1182.102525,27,12.17973254
Tiruchippalli,20,65.717,68.41,7.0873,1883.95533,31,7.503352505
Tiruchippalli,20,54.698,70.181,6.9818,350.9303262,29,75.80516364
Tiruchippalli,20.039,46.454,71.585,7.1212,1038.234555,28,17.26338002
Tiruchippalli,20,52.357,67.995,7.6088,398.2538451,31,91.47829771
Tiruchippalli,20,49.298,66.425,6.9849,1790.454907,28,37.43196648
Thiruvarur,20.015,72.926,57.662,6.9995,446.0622343,27,67.38997516
Thiruvarur,20,76.949,77.375,7.0009,361.4660967,20,23.31480936
Thiruvarur,20,54.434,44.488,7,1934.757914,28,24.79195408
Thiruvarur,20.033,65.433,70.586,7.0066,1214.017115,27,57.89621108
Thiruvarur,20.372,64.554,68.483,7.0027,1686.607276,27,56.50364959
Thiruvarur,20,51.957,32.591,7,1046.462209,29,77.10419357
Thiruvarur,20,77.64,79.889,7.0018,984.155331,27,76.02351726
Thiruvarur,20,50.84,31.28,7,1840.897567,30,67.3980887
Thiruvarur,20,70.667,79.808,7.1356,1981.770626,30,45.46392602
Thiruvarur,20,68.818,72.239,7.2322,1313.357386,27,89.17339824
Thiruvallur,20,57.539,28.596,6.8487,1852.739013,28,62.63527053
Thiruvallur,20.018,66.44,46.979,6.873,1752.893497,26,99.02965056
Thiruvallur,20.076,64.853,40.343,6.9228,1179.217799,29,82.11761198
Thiruvallur,20.054,55.221,40.033,7.0715,1893.98665,21,5.386671313
Thiruvallur,20,71.96,31.175,6.3399,578.101092,26,32.7387968
Thiruvallur,20.138,58.918,38.525,7.0067,1792.721119,25,57.61569593
Thiruvallur,20.246,65.251,37.214,6.9672,756.8415397,29,72.42548425
Thiruvallur,20.209,67.364,42.5,6.776,254.9279962,24,55.48331328
Thiruvallur,20.033,63.902,42.017,6.78,1616.7576,24,78.82691182
Thiruvallur,20,54.293,39.581,6.9703,1874.031531,32,28.98290962
Thiruvallur,20.036,48.677,31.607,6.7276,590.2084761,26,19.20729307
Thiruvallur,20.048,70.993,31.196,6.8326,1161.354057,29,6.337751695
Thiruvallur,20.09,44.793,43.151,7.1331,1548.824053,25,57.75806071
Thiruvallur,20,80,50,7,796.9224584,29,69.17135255
Theni,20.144,52.403,74.32,6.9964,464.453036,21,33.28882199
Theni,20.201,61.636,74.168,7.0141,906.0429741,28,61.7448343
Theni,20.144,63.782,70.955,6.8969,1021.826122,30,6.163565854
Theni,20.393,66.353,75.197,7.2346,1535.997672,33,10.83004128
Theni,20.114,61.635,68.474,7.0368,557.6309529,29,70.47372245
Theni,20.272,50.049,75.416,7.547,1667.201949,24,37.43890082
Theni,20.182,53.222,72.734,7.1822,1103.922398,27,67.46206908
Theni,20,66.575,77.519,7.15,1827.002929,28,83.34039091
The Nilgiris,29.36,79.748,75.824,6.8357,1218.414678,30,85.40962131
The Nilgiris,36.02,79.433,78.302,6.6826,1004.338247,29,18.0445969
The Nilgiris,20.576,77.981,46.826,6.375,716.2285631,27,49.14227166
The Nilgiris,23.636,78.812,52.371,6.7172,391.2363257,28,73.65874564
Thanjavur,20,58.706,59.42,7.0444,869.0659497,24,77.62407903
Thanjavur,20.048,45.221,36.65,7.0123,944.5218582,31,78.68292209
Thanjavur,20.03,58.256,46.227,6.9675,1222.916489,28,23.5885661
Thanjavur,20.267,41.189,53.951,7.0342,1747.732091,28,20.06094695
Thanjavur,20,62.67,50.108,7.0042,1034.866992,25,59.41123436
Thanjavur,20,59.096,74.152,6.9315,765.7121445,24,74.36749398
Thanjavur,20.072,31.475,52.052,7.0574,1771.865502,34,32.59481204
Thanjavur,20,33.893,52.445,7.0375,1521.052469,32,11.36581053
Thanjavur,20,31.571,28.565,7.0423,752.653389,26,71.95789191
Thanjavur,20.444,40.082,34.016,7.4776,500.5022575,19,30.67008531
Thanjavur,21.173,39.944,68.968,7.0024,723.8493295,27,17.46990971
Thanjavur,21.269,40.067,50.164,7.0069,422.5477092,27,15.62462931
Thanjavur,20,49.9,69.751,7,1826.149408,29,32.17604521
Thanjavur,20.441,59.852,69.674,6.9924,1301.108368,27,59.67512853
Tenkasi,20,78.677,79.661,7.2118,1754.322583,26,36.48182163
Tenkasi,20,77.344,79.037,7.0361,1676.64957,21,3.045523308
Tenkasi,20,71.354,74.387,7.0744,475.8240463,22,10.59393503
Tenkasi,20,78.212,77.138,7,997.4022773,24,29.75982147
Tenkasi,20,75.445,77.12,7.0294,1949.714109,27,66.31074373
Tenkasi,20,73.703,76.088,7.0132,620.8297441,23,10.75299227
Tenkasi,20,77.861,78.969,7.2992,290.4300196,30,56.5050285
Tenkasi,20.108,74.357,79.316,7.1368,822.8182658,30,12.86870121
Tenkasi,20,76.019,60.875,6.9091,1119.702452,25,21.94991741
Tenkasi,20,76.664,59.888,6.8477,300.579405,25,18.04666423
Tapi,27.404,73.961,72.105,7,968.0127932,29,7.655634922
Tapi,30.155,74.864,77.882,7.0231,656.1427994,24,67.46165192
Tapi,20.99,75.056,67.931,7.0069,581.8123207,30,46.87695119
Tapi,23.807,75.911,71.294,7.0072,675.0328393,31,83.27429065
Tapi,24.335,77.213,68.404,7.0009,389.7177444,24,10.79019316
Tapi,21.269,75.602,68.504,7.0024,337.9661393,27,15.3285604
Tapi,27.707,76.016,70.961,7.0081,1272.521866,27,31.3393154
Surendranagar,28.148,71.873,72.335,7.0201,1906.095297,31,76.82073271
Surendranagar,23.081,69.844,64.733,7,1648.532123,29,31.27012349
Surendranagar,29.366,75.356,79.445,7,1701.017575,25,41.43345204
Surendranagar,29.369,73.721,79.901,7.0198,1523.146882,33,30.85875306
Surendranagar,37.442,73.064,70.061,7.0654,1920.769049,27,8.942204888
Surendranagar,48.227,67.406,59.762,7.0291,1910.990863,25,94.00392867
Surendranagar,22.43,72.332,63.625,7.0024,1600.945601,27,55.30536022
Surendranagar,29.376,74.405,71.378,7.0018,1488.703265,31,78.99548563
Surendranagar,31.1,75.713,79.913,7,749.5031298,23,66.17735213
Surendranagar,29.405,73.067,67.592,7,364.0995066,25,51.91117363
Surat,20,64.592,62.873,7.2232,367.1623532,27,9.878147409
Surat,22.247,75.644,62.645,7.0048,1525.269937,28,64.63062098
Surat,20,64.559,59.605,7.0303,251.0729494,25,16.38166524
Surat,25.7,76.781,72.374,7.0012,1669.536648,30,42.02393377
Surat,27.167,77.285,65.131,7,859.6576086,25,63.2822012
Surat,26.621,77.135,68.387,6.9958,545.7449702,20,78.44067105
Surat,20.648,76.418,60.017,7,933.6593084,28,68.8194724
Surat,20.057,76.832,62.472,7,1465.890009,24,67.48181938
Surat,20.06,77.153,67.802,7,695.1991051,29,15.75517871
Sivaganga,20,54.254,69.236,6.8636,512.5130755,29,35.26672547
Sivaganga,20.792,54.515,63.332,6.9334,1528.191699,28,5.248314993
Sivaganga,20,32.132,57.878,7.025,1785.226349,26,72.22821242
Sivaganga,20,49.188,71.3,6.9569,1253.980641,28,95.30601215
Sivaganga,20,50.378,66.983,7.2988,1142.940046,30,27.14692863
Sivaganga,20,49,69.446,7.0595,1558.775811,28,9.681974207
Sivaganga,20,43.669,70.797,7.4764,1518.763755,25,48.0814376
Sivaganga,20.336,49.778,65.027,6.9433,211.3011246,26,85.81312409
Sivaganga,20,69.479,62.181,7.0646,707.3200976,23,55.64544533
Sivaganga,20,53.852,63.701,6.9473,1877.623384,24,5.630937869
Sivaganga,20.387,60.233,63.707,7.0046,1928.363901,26,97.45295181
Sivaganga,20,43.943,68.255,7.4462,1118.516883,29,83.03634109
Shivamogga,25.058,62.407,70.432,6.9992,1208.162027,20,14.02781363
Shivamogga,32.744,42.711,56.618,6.7084,201.1817386,28,92.25797789
Shivamogga,27.095,66.338,69.623,6.981,1410.212029,26,45.61814057
Shivamogga,25.039,43.31,60.491,6.9363,582.3845255,25,37.81790107
Shivamogga,26.936,70.331,63.35,6.8855,430.2413965,25,46.64427972
Shivamogga,30.701,59.585,57.361,6.7389,748.4314339,25,83.62262373
Shivamogga,24.834,54.179,53.264,6.5611,1396.80594,31,66.28848815
Salem,20.03,50.771,62.522,7.1581,985.4000681,30,6.865596788
Salem,20,42,63.527,7.0357,828.3049169,29,95.80283274
Salem,20.177,45.261,65.304,7.0753,1508.253871,27,15.63062921
Salem,20.039,46.268,55.991,7.2946,1664.696162,31,74.81122722
Salem,20,43.667,70.209,7.015,1764.564443,29,63.97751651
Salem,20,43.758,64.338,7.1029,1000.555069,26,19.56527675
Salem,20.09,42.956,69.344,7.2214,1492.090259,26,17.90247554
Salem,20,43.886,65.456,7.3162,1793.384125,27,87.16243178
Salem,20.234,47.233,64.043,7.3144,1836.031518,28,42.54979743
Salem,21.329,50.522,74.447,6.9905,1085.818494,27,65.8030749
Salem,20.069,44.138,69.518,7.9447,839.5878129,30,50.90302938
Salem,20.119,44.108,65.399,7.3609,1820.334928,27,73.00799819
Salem,20.063,54.629,64.205,7,670.5748429,25,48.44499513
Salem,20.147,52.703,65.422,7.3093,1634.325395,26,29.45061161
Salem,20,46.781,71.384,7.3996,1835.578823,29,36.97495373
Salem,20.171,49.598,64.142,7.1184,1531.493839,31,86.04869175
Salem,20,37.637,67.568,7.0339,1423.748294,31,47.3354346
Salem,20.078,49.922,67.478,7.087,291.2188876,31,22.13148389
Salem,20.033,47.758,73.419,7.3171,566.2513815,29,93.52593342
Salem,20.153,39.173,65.684,7.1116,1399.825325,22,79.86344519
Sabar Kantha,20,76.811,58.926,7.0192,1613.352059,28,6.51094846
Sabar Kantha,20,74.582,66.057,7,314.1037521,25,99.89535324
Sabar Kantha,20.144,76.394,63.698,7.027,234.3070167,26,69.79774295
Sabar Kantha,20.234,77.382,65,7.1443,760.722633,32,16.86639331
Sabar Kantha,20.03,76.628,63.389,7.0595,1360.919135,29,24.47960045
Sabar Kantha,20.072,77.174,66.281,7.0243,1121.676757,27,69.55210264
Sabar Kantha,20.183,77.939,65.144,7.0333,215.0467683,23,78.19634447
Sabar Kantha,20.114,76.088,65.384,7.0405,472.9019032,24,24.66455837
Ranipet,20,63.491,42.488,7.0027,1553.961539,30,26.43991654
Ranipet,20.066,65.511,41.979,7.2724,735.7910691,24,31.40494879
Ranipet,20.102,63.353,40.076,7.1177,410.9396747,29,60.20381812
Ranipet,20,63.344,42.932,7.2106,291.5541666,26,18.00980165
Ranipet,20,64.568,43.202,7.3562,1730.795998,23,11.32007669
Ranipet,20.021,63.035,42.827,7.0547,1048.998793,28,68.20754482
Ranipet,20.06,63.848,43.553,7.013,1106.621564,27,78.13069604
Ramangara,45.26,69.848,49.475,6.9894,310.4142574,29,50.59201104
Ramangara,42.5,69.101,43.775,6.6773,1079.443865,29,37.01943832
Ramangara,44.975,66.282,45.928,6.9442,1362.391678,30,43.77222864
Ramangara,42.629,77.159,46.73,6.9502,421.0375638,28,39.45237555
Ramangara,46.43,67.502,50.36,6.9881,1824.528282,27,96.03850592
Ramanathapuram,20.144,53.677,79.292,7.0128,1610.026352,20,77.04090062
Ramanathapuram,20.078,49.658,79.124,6.9828,1643.39315,31,21.60063427
Ramanathapuram,20.048,66.208,72.503,6.7791,1165.759539,31,39.03472605
Ramanathapuram,20.054,52.703,71.209,6.9926,801.0593858,28,54.85721684
Ramanathapuram,20.039,47.749,79.591,7.0039,1352.814,29,61.68560034
Ramanathapuram,20,63.44,57.133,6.8695,605.6662665,26,47.35020571
Ramanathapuram,20.15,53.822,75.917,6.9776,446.3924907,27,81.20253687
Ramanathapuram,20.054,58.196,70.382,6.8554,1168.995113,30,76.99299593
Ramanathapuram,20,54.42,78.425,6.9995,1061.527139,26,51.01063394
Ramanathapuram,20.056,51.636,78.392,6.9945,470.5083121,28,85.58850929
Ramanathapuram,20.108,54.806,79.892,6.9964,1154.726971,27,75.35786351
Rajkot,24.644,78.524,78.047,7.0405,1183.642888,26,78.07960302
Rajkot,26.267,78.749,75.281,7.066,1768.726596,32,95.68367716
Rajkot,20.094,79.952,74.927,7.0297,1566.578101,30,27.38022718
Rajkot,20.525,79.715,73.118,7.0405,591.618196,29,27.49716807
Rajkot,20.501,79.919,74.18,7.0153,1672.277639,27,89.00627331
Rajkot,21.455,79.943,73.686,7.0075,1944.225492,24,77.45041097
Rajkot,35.205,76.133,73.562,6.6165,1489.915123,27,92.7280086
Rajkot,20.654,79.931,72.782,7.0114,1616.605684,30,7.249885872
Rajkot,20.981,79.97,71.683,7.0072,679.5736634,29,63.14795065
Rajkot,35.351,78.005,71.912,6.6157,1985.424589,27,15.31820547
Rajkot,20.315,80,71.639,6.9954,517.5101764,28,50.88582263
Raichur,20.047,50.684,48.266,6.9886,1551.548133,29,16.41894625
Raichur,20,44.679,47.89,7.0186,911.3947352,28,13.67977239
Raichur,20,51.107,49.235,7.0516,842.3643207,27,2.204666193
Raichur,20.126,49.382,48.236,7.0999,713.2866133,26,63.39364243
Raichur,20.126,49.784,47.264,7.1169,993.9094344,28,36.54323905
Raichur,20,51.02,47.654,7.0784,1623.574286,27,11.4136402
Raichur,20.063,51.642,48.587,7.0245,1893.750644,27,32.96094
Pudukkottai,20.03,49.781,57.374,7.0093,949.2288382,28,17.72546505
Pudukkottai,20.048,48.905,50.606,6.9992,1373.008954,29,94.22778832
Pudukkottai,20.042,48.143,55.094,6.9947,1618.803457,26,32.68048369
Pudukkottai,20.15,50.882,46.521,7,379.5251036,26,34.06139881
Pudukkottai,20.108,49.5,56.91,7,1928.9786,29,84.14594234
Pudukkottai,20.072,50.885,54.665,7.0144,580.9402366,25,65.12782037
Pudukkottai,20.096,47.195,54.659,7.0091,1847.142746,27,71.30698913
Pudukkottai,20,43.265,49.917,7.1711,1975.885126,25,63.96417859
Pudukkottai,20,47.38,56.213,7,380.7282915,29,94.67343211
Pudukkottai,20.099,51.35,49.223,7,1806.945092,31,21.49308232
Pudukkottai,20.126,58.403,50.793,6.9989,1353.636693,28,98.91488493
Pudukkottai,20.114,51.104,55,6.9991,1672.268125,24,83.26466158
Pudukkottai,20.129,53.465,49.61,6.9862,396.3757817,31,59.3082863
Porbandar,33.089,76.777,80,7.0045,1701.671566,31,66.57479082
Porbandar,21.563,57.424,75.563,7,1326.861774,26,65.23376177
Porbandar,21.719,36.392,80,7,1119.113688,29,6.781226182
Perambalur,20,42.903,64.442,7.2042,1208.058824,32,22.58363335
Perambalur,20.042,34.586,64.394,7.1251,1540.041828,23,96.18561757
Perambalur,20.042,37.028,62.336,7.222,735.7461123,29,53.90207846
Perambalur,20,43.046,66.131,7.1703,1898.259036,24,38.45700672
Patan,20,72.112,78.272,7,753.7458293,26,76.44180788
Patan,20,71.44,77.579,7,1778.744266,25,52.92737532
Patan,20.114,73.343,72.755,7,221.8006885,27,2.303114372
Patan,20.156,64.839,76.199,7.0021,1849.664118,30,73.88752207
Patan,20.237,65.716,79.406,7.003,1732.840076,26,73.48953845
Patan,20.042,65.563,77.168,7.0021,423.524761,29,17.3497225
Patan,20,58.91,78.872,7,1526.461275,30,95.70934875
Patan,20.048,65.072,79.829,7,873.4071476,23,23.16690502
Patan,20.024,69.017,78.491,7,1063.600882,28,46.31718737
Panch Mahals,32.738,48.089,45.806,7.009,323.4678306,25,12.35886016
Panch Mahals,29.306,62.312,62.295,7.0047,582.6328257,29,60.72494963
Panch Mahals,32.822,66.096,61.05,7.0024,1916.562862,31,38.16966089
Panch Mahals,36.986,70.722,64.8,7,952.3108767,25,35.96417276
Panch Mahals,39.065,67.962,72.749,7,246.8546244,27,82.87071084
Panch Mahals,34.67,58.134,57.848,7,1127.140597,25,1.946609572
Panch Mahals,32.195,73.52,65.321,7,1990.458441,29,79.99673032
Navsari,27.623,80,76.841,7,799.0771284,27,57.57340801
Navsari,35.072,80,77.225,7,454.1844132,32,98.62375283
Navsari,35.195,79.871,73.505,7,1358.396172,27,59.35487884
Navsari,33.191,80,78.5,7,1855.683814,28,6.482534281
Navsari,26.018,79.958,71.408,7,1746.468976,27,6.013887318
Navsari,30.659,79.952,78.323,7,1382.57753,29,88.43214565
Narmada,35.05,62.153,64.409,7.0024,531.4654202,31,84.28020041
Narmada,34.349,78.278,71.363,7,1611.847756,27,35.24311748
Narmada,34.586,78.329,70.854,7.0078,1681.799518,26,62.18521593
Narmada,33.242,72.86,69.992,7,1729.186005,30,49.46954435
Narmada,22.949,24.323,36.947,6.9819,927.0943535,24,96.74924146
Namakkal,20,72.011,76.319,7.0117,935.9461006,27,95.04612919
Namakkal,20.066,52.769,72.911,8.2309,479.2827898,23,98.40006185
Namakkal,20.097,61.769,78.392,7.0033,1590.836175,30,86.77842928
Namakkal,20.033,58.854,74.498,7.019,1527.007207,24,91.04560749
Namakkal,20.039,50.501,65.735,8.5774,379.5494853,31,22.5105991
Namakkal,20.045,56.246,70.607,8.1816,236.2415977,30,83.26967211
Namakkal,20.078,57.392,76.466,7.0386,1913.095867,30,71.17685421
Namakkal,21.875,50.162,73.838,6.4057,231.083136,29,96.31586437
Namakkal,20.183,53.72,70.256,8.7753,1331.477587,24,57.55492102
Namakkal,20.06,47.567,72.554,8.4515,1016.554713,32,9.431549504
Namakkal,20,59.999,75.282,7.1155,1599.344277,25,60.14249023
Namakkal,20.039,62.279,71.06,8.0107,357.9117281,25,68.97151187
Namakkal,20,65.885,78.11,7.0039,1428.272471,27,22.81178184
Namakkal,20.09,59.798,75.587,7.0045,1306.896592,25,40.01722497
Namakkal,20.033,58.739,79.001,7.0207,1736.469516,27,60.25183799
Nagapattinam,20.024,65.203,59.927,7.0076,1133.381241,26,38.03646799
Nagapattinam,20.178,70.754,57.563,7.033,1510.925747,25,38.11982401
Nagapattinam,20.191,66.266,57.374,7.0008,987.6495123,25,14.17557728
Nagapattinam,20.09,56.084,51.446,6.9985,1971.161354,27,94.13392558
Nagapattinam,20.099,54.455,53.444,7.0335,1206.93992,28,75.29894407
Nagapattinam,20.061,70.199,57.83,7.0097,1556.37051,30,1.123100448
Mysuru,20.213,66.746,56.643,6.8528,367.2832628,24,76.79571512
Mysuru,20.117,74.666,59.157,6.7448,1032.960669,26,74.23970427
Mysuru,20.09,64.034,58.922,6.9946,315.9878147,33,1.963365055
Mysuru,20.474,74.98,55.427,6.8807,419.0797597,28,37.59082546
Mysuru,20,76.019,61.273,6.8783,1111.043685,26,61.06802134
Mysuru,20.096,74.354,50.575,6.8929,834.1486893,30,45.82231453
Mysuru,20.501,75.86,58.131,6.8955,1027.68143,26,78.02062575
Mysuru,20.06,76.279,75.287,6.9665,1093.059538,28,43.12037493
Mysuru,20,75.467,59.071,6.9919,487.5503665,35,16.23243398
Morbi,35.459,77.762,62.624,7.2112,858.4965517,33,97.6651468
Morbi,29.702,77.552,64.4,7.2277,1749.075533,28,24.96195928
Morbi,38.432,78.23,64.535,7,1741.899762,29,72.05153874
Morbi,37.175,79.22,63.116,7,1083.110576,24,15.17247485
Morbi,38.468,77.312,63.095,7,1548.46292,27,33.57224876
Mayiladuthurai,20,57.965,57.947,7.0078,1556.394886,26,44.76073323
Mayiladuthurai,20,68.105,54.417,7.0723,279.3921688,27,20.03096845
Mayiladuthurai,21.863,49.343,63.035,7.0024,1299.604172,26,45.54599806
Mayiladuthurai,20.018,68.642,51.182,7.0018,1648.147819,27,16.55911948
Mayiladuthurai,20.09,53.606,69.152,7,1269.148164,27,56.34164736
Mandya,24.485,70.734,54.68,6.8984,1174.795032,30,66.707612
Mandya,28.091,70.742,57.338,6.9406,1156.188281,30,7.180994119
Mandya,21.983,72.947,60.794,7.0969,1114.30853,29,87.24207999
Mandya,20.116,58.25,47.6,6.8919,1600.95472,25,19.32894762
Mandya,23.786,70.862,52.844,6.8743,1356.378092,25,23.31088011
Mandya,34.061,70.319,56.897,6.8472,587.9051529,30,66.47363417
Mandya,26.093,74.027,61.988,7.0755,980.0268251,30,47.40635498
Mahisagar,23.654,51.785,70.136,7,1151.525451,27,50.44016432
Mahisagar,20,72.643,75.623,7,954.1115431,29,13.68734347
Mahisagar,25.172,73.241,69.116,7,627.6467151,27,80.76784637
Mahisagar,21.356,50.719,75.215,7,424.5332882,28,62.08837036
Mahisagar,22.319,49.823,78.425,7,411.1621863,24,14.40282229
Mahisagar,22.367,50,77.984,6.9994,733.3182261,26,38.02593734
Mahesana,20.039,68.855,48.326,8.1142,924.7792755,23,81.23058334
Mahesana,20.279,57.846,56.627,7.1619,1429.179759,29,57.26714955
Mahesana,20.162,52.409,58.988,7.0006,1972.850509,30,11.75622913
Mahesana,20.108,68.735,50.841,8.56,1815.240686,29,37.90492753
Mahesana,20.174,43.371,53.208,6.995,1664.656007,29,25.02674545
Mahesana,20.45,55.112,36.422,7.085,1664.724927,28,52.22908981
Mahesana,20.036,69.989,49.535,7.2151,1272.916941,24,84.49275176
Mahesana,21.437,64.751,54.65,7.0008,654.9674216,24,44.19044635
Mahesana,22.418,58.193,43.241,7.0424,1049.492377,29,43.90086101
Mahesana,21.257,66.218,54.059,7.0771,456.5972233,32,90.62973933
Madurai,20.03,36.581,75.725,6.9505,1219.575083,30,58.04235584
Madurai,20,55.874,60.779,6.9952,241.4012988,28,57.05291765
Madurai,20.06,74.555,72.899,7.1125,541.0372201,27,26.9290793
Madurai,20.114,46.07,70.229,7.0229,1482.130501,23,61.16455204
Madurai,20.126,61.754,66.207,6.9991,698.4062369,27,58.01513627
Madurai,20.036,67.589,63.128,7.0024,955.9320366,26,40.28829556
Madurai,20,68.414,67.799,7.0101,1697.709741,31,99.07886102
Madurai,20,62.342,68.291,7.0116,280.2044942,29,88.30720553
Madurai,20.066,52.762,61.784,7.1606,240.9212719,30,75.20904272
Madurai,20.083,55.132,67.572,7.0042,612.1768689,22,54.19721325
Madurai,20.108,52.277,62.468,7.1859,1431.998066,24,46.74392039
Madurai,20.096,56.624,71.621,7.2619,625.0175036,27,19.30484213
Madurai,20.084,53.407,67.238,7.0021,1754.657133,23,31.26800993
Krishnagiri,20.027,59.189,53.589,7.1212,833.3267578,24,77.62211918
Krishnagiri,20,64.748,56.474,7.0502,710.3201502,34,45.92114644
Krishnagiri,20,65.12,40.466,6.8743,619.2435783,25,88.34468214
Krishnagiri,20.03,34.535,51.671,7.0846,1233.146639,30,15.6432025
Krishnagiri,20,39.128,54.609,7.0648,1741.360299,28,51.32636251
Krishnagiri,20.027,63.203,45.863,6.9659,930.9121554,23,65.04960272
Krishnagiri,20.03,36.122,46.273,6.992,654.530587,27,52.16799717
Krishnagiri,20,56.555,51.305,7.3588,957.5592164,27,89.03346227
Krishnagiri,20,60.359,53.321,6.9784,1828.621557,26,98.9667649
Krishnagiri,20.018,58.599,41.048,6.9799,802.1676473,27,12.46763118
Koppal,50.25,75.282,75.262,7.0006,1380.346242,28,13.8655355
Koppal,66.959,78.413,67.655,7.309,793.531158,24,13.90208724
Koppal,63.716,79.364,70.46,7.0524,1414.564094,32,68.43653251
Koppal,49.644,77.069,55.875,7.0749,1785.819348,28,37.89493345
Koppal,49.306,78.941,55.421,7.0192,1277.405791,28,73.59815147
Koppal,57.326,78.323,62.81,6.9894,1905.395561,29,41.14167582
Koppal,58.562,76.781,70.322,7.0686,1282.730943,24,63.13306541
Kolar,22.061,57.247,41.192,6.8766,1954.776608,19,77.21594256
Kolar,22.013,73.949,51.447,6.8447,1502.714802,25,55.27337515
Kolar,22.085,73.272,48.209,6.9091,1375.018957,28,54.41085545
Kolar,22.124,73.568,43.644,6.9319,1693.69987,28,9.735198203
Kolar,22.841,66.185,48.201,6.985,219.9669978,25,41.66739255
Kolar,22.307,73.324,46.614,6.9686,663.0490346,27,55.03193817
Kodagu,51.899,64.367,60.989,6.9991,588.9631486,22,46.73610174
Kodagu,49.948,64.424,60.146,6.9977,399.6165225,33,90.17741802
Kodagu,47.675,63.729,59.921,6.9753,1888.015949,27,90.74653258
Kodagu,51.03,64.311,58.17,6.9967,435.8038367,22,82.36982068
Kodagu,48.872,63.18,59.735,6.9969,673.106003,30,38.15450946
Kheda,20.753,73.907,67.757,7.0912,803.2951683,25,72.01261602
Kheda,20.399,73.613,66.83,7.153,1324.330335,30,40.13355765
Kheda,20.183,74.858,70.172,7.0672,1581.435638,30,24.0267663
Kheda,20.201,73.217,69.368,7.1314,1288.416786,22,34.94736171
Kheda,20.312,75.752,66.791,7.0858,1548.117899,34,8.025498695
Kheda,22.889,69.752,68.969,7.0075,923.8235677,25,33.84597339
Kheda,20.027,77.678,69.623,7.033,1992.400826,30,46.61347951
Kheda,20.15,74.693,68.819,7.2433,506.166184,31,95.59260858
Kheda,20.132,76.112,65.975,7.3474,919.5683759,28,32.02764804
Kheda,20,76.121,68.36,7.2661,1697.929426,20,90.34290038
Karur,20,34.745,68.6,6.9805,644.1683559,29,23.65696931
Karur,20,51.458,68.567,7.4909,1551.517428,30,19.90592088
Karur,20,43.934,70.277,7.5594,855.7047086,30,52.38055019
Karur,20.108,49.598,56.057,7.121,519.6732957,24,67.57862556
Karur,20,47.684,75.371,7.6031,926.0128364,27,5.388892829
Karur,20,48.972,60.908,7.3413,1612.619312,26,22.88552064
Karur,20.06,44.024,66.074,7.1074,401.5192654,29,46.11268298
Karur,20.087,62.218,70.268,7.0587,1128.982795,27,33.76942926
Kanniyakumari,20,71.78,46.16,6.8612,1534.441553,30,71.54948686
Kanniyakumari,20,79.613,48.644,6.4951,1552.82968,26,51.60489901
Kanniyakumari,20.303,70.805,61.757,6.8485,901.2560854,29,16.87555145
Kanniyakumari,20.615,68.688,42.767,6.6382,1039.589083,26,89.55207255
Kanniyakumari,20.363,77.999,66.365,6.9149,1742.178704,30,29.99766187
Kanniyakumari,20,80,49.819,6.2143,575.080111,24,73.38197979
Kanniyakumari,20.192,79.421,41.87,6.9088,1986.666442,27,78.21166213
Kanniyakumari,21.941,75.26,64.175,6.5908,954.6269083,30,96.35261233
Kanniyakumari,20.057,75.833,30.998,6.913,695.8123741,27,50.35223919
Kanchipuram,20.372,49.046,53.093,7.0072,204.6788328,27,61.96771603
Kanchipuram,20.099,53.655,52.139,6.9659,425.0415874,26,34.15275305
Kanchipuram,20.018,57.638,62.411,6.9414,1561.716244,28,68.13975005
Kanchipuram,20.03,44.591,57.34,7.0168,1368.615512,27,46.8749651
Kanchipuram,20.033,54.979,56.48,7.0085,643.7115231,26,44.32758411
Kallakurichi,20.061,57.97,69.029,7.0103,1868.605611,30,85.69128538
Kallakurichi,20,62.867,69.245,6.9964,1704.238411,27,5.966715506
Kallakurichi,20,58.248,66.939,7.0966,684.6928964,24,88.31428036
Kallakurichi,20,67.001,65.201,6.8233,794.1581694,34,85.35491395
Kallakurichi,20,58.64,67.252,7.0071,532.5565462,28,51.1302591
Kallakurichi,20.102,58.112,67.922,7.0173,1356.605928,25,49.53008257
Kallakurichi,20.021,59.258,67.238,7.0914,1462.047358,26,36.81892944
Kallakurichi,20.021,56.56,67.845,7.0984,912.5859965,27,99.42320538
Kallakurichi,20.03,57.636,73.508,6.988,1526.885665,25,12.00576394
Kalaburagi,28.547,79.781,79.973,7.0006,1984.819973,23,59.43130833
Kalaburagi,25.16,79.535,79.892,7,1301.506773,35,68.48647742
Kalaburagi,24.98,76.202,79.934,7.0007,1368.71094,28,93.49867081
Kalaburagi,25.754,79.871,79.868,7,872.916294,26,78.24014619
Kalaburagi,24.857,79.209,79.793,7.0001,219.0554393,28,64.74087308
Kalaburagi,26.714,79.733,80,7,1917.058464,25,12.56441936
Kalaburagi,25.163,78.458,79.92,7.0009,1590.22047,26,37.99961817
Kalaburagi,24.236,79.871,79.927,6.9991,1452.022627,26,14.74532261
Kalaburagi,24.8,74.555,79.376,7.041,253.6590022,26,88.24006051
Kalaburagi,24.11,80,80,7,1566.221861,27,75.2124944
Kalaburagi,25.415,79.85,79.898,7,1406.151637,30,75.99614189
Kachchh,28.874,71.126,69.641,7.3579,1224.031016,29,65.57339526
Kachchh,23.909,66.586,65.21,7.068,1322.481277,31,51.19731016
Kachchh,20,65.552,73.166,7,1853.059071,30,15.84713489
Kachchh,21.428,42.68,76.787,7,212.0427104,28,33.63979378
Kachchh,20.384,59.36,77.596,7,482.549892,30,14.55466346
Kachchh,20,48.593,69.617,7,1810.562954,34,72.76640114
Kachchh,30.437,73.29,78.71,8.1796,214.7791997,26,16.86264883
Kachchh,27.209,60.681,74.618,7.4622,1826.545057,24,70.50924147
Kachchh,24.308,74.432,69.371,7.6375,253.3373333,24,69.53328357
Kachchh,39.166,59.005,69.445,7.0691,1602.808015,27,46.47114342
Junagadh,21.008,77.761,65.613,7,1803.66178,29,14.38763676
Junagadh,20.843,70.211,78.784,7.0027,1302.549065,23,32.16528179
Junagadh,25.052,75.728,70.137,7.0045,1354.593895,21,32.6892178
Junagadh,21.353,74.192,63.368,7,291.0147175,27,70.33812818
Junagadh,20.516,74.333,63.26,6.9984,579.6041936,25,12.26055892
Junagadh,20.357,73.082,62.849,7,1819.049201,24,83.07779598
Junagadh,22.535,70.001,78.965,7,1682.688841,27,76.33972173
Junagadh,28.184,62.676,69.353,7,307.1858151,27,19.4443849
Junagadh,20.213,75.014,65.351,7.0048,1663.3732,35,72.1972738
Jamnagar,33.743,74.31,58.874,7.0666,962.2721132,26,67.18280497
Jamnagar,31.638,72.869,57.608,7.0119,1209.300802,29,75.06395921
Jamnagar,33.859,69.355,61.112,7.036,395.1298244,26,19.70392699
Jamnagar,38.312,72.593,57.546,7.0936,917.5592704,27,16.60144189
Jamnagar,34.4,72.005,60.614,7.4635,982.8389251,23,24.41191461
Jamnagar,33.54,69.753,59.424,7.1509,1405.079021,27,37.22129861
Haveri,35.774,50.552,48.761,7.0128,1383.563546,27,79.57283312
Haveri,40.628,48.191,59.633,7.6346,1187.974065,32,74.05446981
Haveri,39.26,50.294,51.383,6.9505,256.6027761,31,92.61970764
Haveri,47.336,53.63,56.459,7.0067,490.7019167,32,6.804326351
Haveri,27.611,49.289,52.122,7.0454,488.4845108,29,2.14407182
Haveri,49.313,51.542,55.934,7.0365,1797.918379,28,70.21474414
Haveri,42.674,48.332,50.1,7.0065,1823.077415,26,28.64946208
Haveri,45.287,52.973,53.225,6.9731,1651.696859,30,34.07381066
Hassan,55.345,77.759,61.445,6.991,514.7828672,30,55.13340057
Hassan,64.085,79.892,62.687,6.7204,1712.272923,27,11.13889919
Hassan,62.165,77.819,57.908,6.9073,537.6699085,30,64.62674724
Hassan,50.604,76.809,56.151,6.9972,1198.335254,29,33.18959718
Hassan,53.405,77.24,56.366,6.9864,1520.977439,26,63.63879731
Hassan,54.749,77.45,54.426,6.9969,292.8098098,30,83.56668439
Hassan,53.009,77.255,55.982,6.9884,1276.272767,27,17.940022
Hassan,53.124,78.5,58.199,6.9921,652.0403371,29,93.1564362
Gir Somnath,38.447,50.87,41.483,7.1695,1096.141654,29,53.53812597
Gir Somnath,44.588,51.379,45.182,7.0042,891.0240637,28,92.36984875
Gir Somnath,33.656,49.163,43.94,7.0057,1435.841285,28,21.56527814
Gir Somnath,46.324,52.503,44.132,7.0045,1080.542597,28,60.8517038
Gir Somnath,29.267,48.641,43.172,7.0018,742.9344127,25,40.98482462
Gir Somnath,26.651,47.792,46.499,7,1838.64574,26,77.64799692
Gandhinagar,20.384,79.448,75.931,7.0315,1926.296521,26,60.98498538
Gandhinagar,20.084,79.733,77.918,7.0183,1643.433767,28,49.95703024
Gandhinagar,20.063,79.586,78.657,7.0633,1245.333793,32,91.38555524
Gandhinagar,20.933,79.496,73.571,7,1791.920875,33,38.33458935
Gadag,48.479,53,59.849,6.9993,1283.011922,26,22.77804028
Gadag,49.268,52.646,59.114,7.0045,467.8941714,30,61.2020175
Gadag,49.976,53.486,65.477,7.0078,231.369278,27,62.77881528
Gadag,48.401,51.631,66.473,7.0008,1506.646221,25,44.47036754
Gadag,49.688,52.139,68.591,6.9992,1554.473772,27,49.17439433
Gadag,49.995,53.297,64.889,6.9999,1866.486777,26,95.99578802
Gadag,49.985,53.879,58.517,7.0015,1683.627529,23,73.53588345
Erode,20.192,46.595,78.815,7.1089,1351.248265,29,11.9495734
Erode,20,47.147,79.313,7.0291,542.5461839,27,22.00087702
Erode,20.372,41.45,74.441,7.0456,1269.290869,32,97.58208681
Erode,20.126,40.265,72.884,7.0417,982.4332842,31,72.92008983
Erode,20.33,43.637,69.503,7.0063,617.7952447,28,91.58946749
Erode,20.084,41.219,72.713,7.0468,1638.432394,26,31.08228493
Erode,20,38.09,70.049,7.3568,469.2005948,29,74.44481915
Erode,20.09,47.468,79.052,7.222,1334.610513,24,71.68626814
Erode,20.051,47.756,79.478,7.0105,1299.357051,28,30.17430856
Erode,20.078,39.749,71.889,7.0119,746.5050101,27,55.53081622
Erode,20.072,42.074,68.609,7.0426,972.6304539,27,63.11409602
Erode,20.477,41.786,73.745,7.0372,409.8291195,29,48.63204927
Erode,20,48.072,78.14,6.8009,245.9592519,33,82.89069196
Erode,20,47.828,78.821,7.0144,223.4338269,27,83.45403514
Dohad,21.428,76.052,53.489,6.9944,513.7806549,31,85.20945428
Dohad,26.117,57.398,59.41,6.998,1760.551523,26,80.53893334
Dohad,22.448,75.458,61.714,7,1140.695729,25,49.32026424
Dohad,20,77.264,55.469,7.0039,410.8087149,29,38.76239152
Dohad,23.795,76.9,59.561,6.9992,1829.891153,22,83.30625209
Dohad,38.687,77.297,62.636,7,1223.999781,27,49.5299444
Dohad,28.937,78.533,60.524,7,250.1939515,26,25.39076846
Dohad,22.061,44.234,68.738,7.0018,1572.912047,26,51.2270097
Dohad,22.967,53.573,74.921,7,1052.183276,28,15.04313237
Dindigul,20.252,43.701,75.212,7.1551,1159.1537,29,69.47131957
Dindigul,20.039,46.315,74.285,7.1583,1303.80834,26,34.25620688
Dindigul,20.12,46.024,74.297,7.1515,370.0107099,30,26.80522105
Dindigul,20.402,38.018,66.723,7.0917,1905.932335,30,95.69436588
Dindigul,20.148,40.198,71.471,7.3648,659.70643,23,77.91121858
Dindigul,20.756,39.602,69.125,7.0163,1319.298001,19,78.91988077
Dindigul,21.127,40.766,71.721,7.0214,1740.01334,28,62.74847496
Dindigul,20.378,26.936,71.258,6.9949,797.4515631,25,84.07810824
Dindigul,21.674,37.228,68.681,7.0654,1329.595328,30,76.15708564
Dindigul,23.138,42.845,71.653,7.0055,1979.978864,28,60.27859671
Dindigul,20.486,46.979,73.901,7.0495,1733.23859,24,96.15131578
Dindigul,20.546,43.479,69.521,6.9954,1602.71243,28,19.96790002
Dindigul,20.3,40.622,68.513,7.0033,990.7403621,29,94.39459218
Dindigul,20.885,45.392,69.509,6.4026,1012.285171,29,40.74237804
Dharwad,39.833,50.609,69.971,8.4043,1073.971808,24,53.31149936
Dharwad,50.159,49.899,63.119,6.9995,1442.776914,26,13.15119263
Dharwad,54.062,49.916,67.268,7.3951,459.8070083,24,54.47063645
Dharwad,48.062,48.248,60.584,7.4938,1749.850445,30,61.50946843
Dharwad,49.561,50.615,71.246,7.1203,232.5422795,31,99.77245264
Dharwad,49.016,60.074,56.717,8.0362,505.9876515,22,97.5440487
Dharwad,51.743,49.943,40.164,7,1067.265834,26,96.6733319
Dharmapuri,20.072,60.047,56.393,6.9922,653.8104912,25,35.49041795
Dharmapuri,20.072,58.157,60.557,7.2727,858.0470573,31,99.13538338
Dharmapuri,20,59.246,59.308,7.0564,798.6495655,29,46.09233701
Dharmapuri,20.114,60.542,59.655,7.1453,684.1365188,20,85.33178962
Dharmapuri,20.114,61.077,59.234,7.0561,884.4974409,26,22.41567693
Dharmapuri,20.024,60.845,57.651,7.0993,1109.519065,28,51.07748479
Dharmapuri,20,60.496,60.141,7.0176,1057.445842,28,96.63519752
Dharmapuri,20.039,60.385,59.081,7.01,1661.460308,23,94.7561083
Dharmapuri,20,61.536,57.509,7.0365,754.6611081,30,68.6897529
Dharmapuri,20,60.021,57.443,6.9921,707.4388552,29,79.98361793
Devbhumi Dwarka,46.25,80,67.013,7.1719,1108.007822,26,18.46624296
Devbhumi Dwarka,29.567,76.022,48.221,7.0732,286.2818233,28,72.4441964
Devbhumi Dwarka,41.114,76.016,51.257,7.0635,401.2585282,27,62.18703003
Devbhumi Dwarka,44.267,77.441,52.046,7.0288,1645.558378,27,10.06362184
Davanagere,49.157,75.038,70.652,7,1088.677031,25,12.20274165
Davanagere,48.425,75.602,69.512,6.992,319.7636876,29,11.73591816
Davanagere,50.078,74.981,71.657,6.9995,992.6892631,25,72.71133655
Davanagere,49.298,75.947,72.35,6.9994,916.8758642,28,15.02980562
Davanagere,48.96,74.374,70.382,7,643.0420673,33,47.30549484
Davanagere,47.819,74.266,70.439,7,869.7858416,26,36.34119878
Dang,40.016,31.427,51.682,7,539.0397256,24,55.49990994
Dang,44.288,79.985,52.013,7.0015,1008.307217,25,70.94117223
Dang,34.136,29,41.279,7,935.3506007,30,68.78753118
Dakshina Kannada,20.676,54.388,41.309,6.7531,1293.500631,27,52.03647168
Dakshina Kannada,20.246,52.025,28.958,6.7004,1895.787592,27,46.96915249
Dakshina Kannada,21.656,52.085,30.744,6.7135,533.8325174,24,40.38374392
Dakshina Kannada,23.072,50.827,46.878,6.8341,951.3936771,27,86.32908488
Dakshina Kannada,21.152,66.386,55.676,6.8179,1211.996957,26,33.75432868
Dakshina Kannada,21.95,52.358,39.08,6.926,1184.584239,31,26.6772163
Dakshina Kannada,20.495,58.109,41.01,6.5812,1390.413135,30,74.58823387
Dakshina Kannada,20.105,46.971,46.564,6.635,682.2746826,24,36.61658271
Dakshina Kannada,20.318,58.916,37.871,6.9538,1342.191427,30,84.85286138
Cuddalore,20.021,71.624,47.729,7.0478,562.1062578,27,33.46098315
Cuddalore,20,73.207,46.829,6.9942,425.8199825,29,70.49253763
Cuddalore,20.072,69.077,50.174,7.1779,1696.961,29,5.465791622
Cuddalore,20,70.957,43.209,7.0548,1052.731834,29,39.17072513
Cuddalore,20.048,77.093,46.151,7.5146,915.0991869,30,34.97978732
Cuddalore,20.018,76.273,46.709,6.9756,1871.326352,26,81.85119519
Cuddalore,20,76.88,46.136,7.0304,1477.563299,29,96.73848492
Cuddalore,20,70.266,52.708,7.037,1418.83179,25,46.62724639
Cuddalore,20,66.545,60.5,7.0589,549.6675088,28,82.65879144
Cuddalore,20,63.134,56.924,7.0308,576.6647758,28,70.26977539
Cuddalore,20.063,70.213,61.763,7.106,1069.582441,30,96.77121278
Cuddalore,20,65.891,57.653,7.6367,1374.146784,28,81.29974292
Cuddalore,20.018,62.33,61.952,6.9922,911.4905375,26,8.67032853
Cuddalore,20.048,74.445,46.352,7.1059,315.533482,26,71.61489052
Coimbatore,20.087,48.257,76.685,7.1656,1429.452077,23,54.01447183
Coimbatore,20.24,42.851,77.681,7.1473,1592.752264,28,2.627169735
Coimbatore,20.69,44.401,76.895,7.1902,1899.744458,30,25.87998291
Coimbatore,20.726,49.454,78.551,7.4533,935.7819043,30,92.25376926
Coimbatore,20.057,42.515,78.21,7.6162,664.4864998,34,92.68007591
Coimbatore,20,39.443,78.401,7.258,1866.45441,25,80.08619556
Coimbatore,20.591,43.919,79.115,7.1005,1487.249915,25,98.19618072
Coimbatore,20,42.533,77.381,7.0447,315.1753447,24,80.84797724
Coimbatore,20,39.944,79.49,8.1421,1244.049213,28,2.010214541
Coimbatore,20.492,41.873,78.929,7.4947,251.3479869,28,29.49559969
Coimbatore,20.693,36.506,78.995,7.0252,607.7432535,34,4.031794042
Coimbatore,20.672,41.766,79.85,7.21,327.7152005,24,10.31668891
Chitradurga,22.19,74.813,60.834,6.9993,568.8044786,23,22.66524088
Chitradurga,21.731,71.921,61.972,7.0027,1081.860866,28,50.85229609
Chitradurga,21.716,69.271,58.334,6.9985,737.9596727,25,84.90566834
Chitradurga,21.554,74.912,59.117,7.0039,358.4227351,25,86.33470886
Chitradurga,21.089,75.797,58.232,6.9979,1067.708552,28,62.003984
Chitradurga,21.521,74.231,59.662,6.9999,1475.278999,27,92.88941797
Chikkamagaluru,28.457,66.014,64.146,6.7392,295.6255149,25,50.50617033
Chikkamagaluru,27.902,69.146,34.52,6.6146,1788.324424,26,89.01456837
Chikkamagaluru,24.413,78.152,65.787,6.8805,1375.525702,26,45.95246038
Chikkamagaluru,35.09,70.658,34.188,6.3802,1134.994656,27,28.44527573
Chikkamagaluru,22.523,78.077,55.884,7.0268,913.3703426,28,91.72487889
Chikkamagaluru,24.434,65.807,58.934,6.9914,907.9179008,25,39.40557249
Chikkamagaluru,24.497,78.042,70.232,7.0082,804.0058052,29,50.83700678
Chikkamagaluru,22.01,71.441,51.266,6.8983,408.3128387,27,33.55720262
Chikkamagaluru,28.118,57.98,53.3,6.5229,342.6353974,30,66.62092243
Chikkaballapura,20.029,73.948,57.245,7.0024,755.8945133,29,99.50809128
Chikkaballapura,20.222,72.947,59.048,6.9997,1400.71528,26,3.525841338
Chikkaballapura,20.021,73.622,57.245,6.9993,719.1098437,27,90.08495259
Chikkaballapura,21.272,72.029,57.494,6.9806,1662.076915,27,1.388679642
Chikkaballapura,21.485,71.36,59.822,6.9194,884.5231613,28,37.05856023
Chikkaballapura,21.332,76.508,65.577,6.8964,1336.148453,23,17.69207382
Chhotaudepur,35.327,29.909,64.142,7.1383,977.4441957,24,75.97683629
Chhotaudepur,33.752,51.717,63.365,7.0183,1096.087685,27,6.010473235
Chhotaudepur,29.297,56.813,60.377,7.003,650.2890258,26,55.7950104
Chhotaudepur,26.684,51.807,73.985,7.0081,1124.964341,27,30.19768725
Chhotaudepur,27.404,43.834,57.684,7.0027,399.1755266,22,14.23335464
Chhotaudepur,34.445,31.37,51.269,7.006,896.1816459,26,77.410003
Chengalpattu,20.966,40.454,34.115,7.0575,1006.941735,19,22.52426659
Chengalpattu,21.14,44.169,29.975,7.0897,1467.192702,29,23.14384599
Chengalpattu,20.468,49.871,41.895,7.001,920.3981202,24,28.23260173
Chengalpattu,20.228,44.316,54.101,7.0927,1397.78481,27,59.08990962
Chengalpattu,20.111,48.212,42.161,6.8667,514.3090362,25,66.30692724
Chengalpattu,21.368,50.505,53.89,6.9947,245.4068829,33,2.742649846
Chengalpattu,21.386,49.97,43.127,6.9845,1110.705448,30,24.94509398
Chengalpattu,21.44,55.322,44.114,7.007,1052.967409,25,43.66611341
Chamarajanagar,46.62,71.594,47.379,7.0141,1405.554491,31,33.86571826
Chamarajanagar,54.032,67.403,55.835,7.0074,764.3814726,28,88.53289519
Chamarajanagar,60.416,62.841,41.15,7,253.7576466,24,78.98316436
Chamarajanagar,54.164,65.288,43.886,7,1502.425289,26,62.96313134
Chamarajanagar,59.762,64.506,38.056,7.0544,1895.98087,25,34.46619918
Botad,26.042,50.978,78.74,7,909.6743849,28,70.36656214
Botad,22.637,47.846,79.193,7,1300.030005,29,84.52016327
Botad,23.75,42.104,79.205,7,1180.436982,25,59.88820736
Botad,21.554,45.683,78.143,7,1218.802625,27,78.66168522
Bidar,35.042,47.999,79.678,7.0007,1761.277184,27,75.16139118
Bidar,35.78,48.473,79.772,7.0001,1525.40619,31,57.6019938
Bidar,35.696,47.455,79.565,7,1585.615542,21,31.90613847
Bidar,36.668,48.26,79.783,7.0053,362.0675096,27,74.83243364
Bidar,36.656,47.342,79.346,7.0005,464.0734439,25,21.47284027
Bidar,37.181,47.831,79.562,7.0003,1393.948312,28,78.1693463
Bidar,37.973,47.917,79.283,7.0053,1172.824013,28,80.65012252
Bidar,35.291,47.537,79.691,6.9989,1593.700977,29,82.39234308
Bhavnagar,22.994,32.183,72.031,7.003,367.5319756,27,47.81868113
Bhavnagar,22.907,47.998,55.583,7.0102,1219.676818,27,20.05559601
Bhavnagar,27.836,32.18,63.03,7,1074.924915,28,10.87263641
Bhavnagar,26.735,47.723,65.976,7.0282,1738.436378,28,74.5927638
Bhavnagar,21.512,53.231,64.229,7.003,536.8681511,30,88.73987707
Bhavnagar,24.761,37.103,52.289,7.0462,827.6836507,28,65.43299752
Bhavnagar,22.589,32.507,36.479,7.0402,470.8486295,28,15.27184598
Bhavnagar,23.114,79.163,75.62,7.012,1013.118499,28,93.5547484
Bhavnagar,22.445,68.342,46.319,7,1786.530463,29,98.92109944
Bharuch,21.407,76.91,69.527,7.4726,1406.60026,26,43.90448238
Bharuch,20,76.769,69.053,7.2412,1539.737809,29,59.88770364
Bharuch,20.309,77.591,49.469,7.002,368.0063807,29,77.94562348
Bharuch,21.197,79.958,68.186,7.0641,1013.646682,29,73.90258921
Bharuch,20.783,79.814,74.53,7.006,1709.606641,29,96.810932
Bharuch,20,77.696,71.648,7.0308,1707.463296,26,12.37342602
Bharuch,20.114,78.314,70.853,7.006,1978.436349,26,58.49176175
Bharuch,20,72.422,54.29,7.0021,1146.873492,29,69.50121055
Bharuch,20,79.895,73.767,7.0157,203.7285725,27,89.11974399
Bharuch,20.51,58.449,77.444,7,1818.308893,25,87.53685314
Bharuch,20,79.925,74.017,7.2121,1921.154087,28,97.82197956
Bharuch,20.339,78.422,72.878,7.0006,1869.943166,28,51.69576694
Bharuch,20.276,54.836,62.31,6.9986,1589.440263,25,83.24532581
Bharuch,20.087,70.229,68.777,7,581.4469116,25,43.3008891
Bengaluru urban,21.437,61.703,50.182,6.9463,450.302735,25,42.80907391
Bengaluru urban,24.599,70.853,53.657,6.9014,1461.594806,31,26.08148808
Bengaluru urban,21.89,73.193,50.877,6.9496,452.7614155,27,82.00549141
Bengaluru urban,20.267,47.679,41.267,6.8403,1915.968197,30,98.59569548
Bengaluru urban,21.071,63.357,49.559,7.0063,1002.489987,27,26.37783111
Belagavi,20.105,40.103,70.766,7.6667,255.467108,28,6.557027214
Belagavi,23.912,46.55,60.128,7.5475,471.068481,25,81.7387013
Belagavi,20,47.534,61.424,8.0068,722.8661231,27,62.4027752
Belagavi,20.096,52.719,48.587,7.9807,1466.758463,22,96.01018125
Belagavi,20,46.631,42.599,7.1094,1527.126185,27,25.97168269
Belagavi,20.186,58.194,45.062,7.1956,583.4453657,30,8.031738142
Belagavi,21.134,53.189,48.592,7.3489,1367.399957,28,49.75178383
Belagavi,20,52.941,42.165,7.5021,257.2892631,34,9.461136274
Belagavi,20.168,46.456,40.565,8.4055,385.1352653,25,26.91721011
Belagavi,20.135,44.189,34.056,6.9768,1163.019215,29,13.47180822
Belagavi,20.027,48.131,34.13,6.8916,1466.882552,29,23.18908579
Belagavi,22.436,48.269,29.033,7.0297,1845.861063,30,11.50832063
Belagavi,27.71,57.59,63.595,8.1166,987.9544573,29,95.43669394
Belagavi,20.099,57.28,30.459,7.9966,415.9155095,24,28.57770863
Belagavi,31.702,59.27,72.347,8.258,1872.157936,29,44.94586101
Bangalore Rural,21.249,66.443,49.775,6.6945,987.3878335,28,89.96256896
Bangalore Rural,22.478,62.903,53.417,6.8436,1095.451581,29,68.05483721
Bangalore Rural,22.268,70.451,42.515,6.6952,1737.973108,27,62.18571058
Bangalore Rural,22.937,65.528,51.488,6.8565,1254.403448,22,70.85075585
Banas Kantha,21.407,76.91,69.527,7.4726,742.6104586,25,83.05340345
Banas Kantha,20,76.769,69.053,7.2412,1173.404788,31,87.88925752
Banas Kantha,20.309,77.591,49.469,7.002,1324.749976,26,64.6213274
Banas Kantha,21.197,79.958,68.186,7.0641,1801.639801,23,89.11072019
Banas Kantha,20.783,79.814,74.53,7.006,622.7020487,31,54.00435522
Banas Kantha,20,77.696,71.648,7.0308,1206.882255,25,28.45179477
Banas Kantha,20.114,78.314,70.853,7.006,1856.898269,28,88.12759418
Banas Kantha,20,72.422,54.29,7.0021,281.851023,27,54.60580991
Banas Kantha,20,79.895,73.767,7.0157,550.2220631,27,90.70762117
Banas Kantha,20.51,58.449,77.444,7,823.3668459,24,4.976613581
Banas Kantha,20,79.925,74.017,7.2121,1421.243119,27,40.3540594
Banas Kantha,20.339,78.422,72.878,7.0006,1715.32509,28,94.83269682
Banas Kantha,20.276,54.836,62.31,6.9986,558.5075279,27,25.71535918
Banas Kantha,20.087,70.229,68.777,7,644.0680605,27,94.21208836
Ballari,51.213,45.932,49.871,7.9869,1681.913785,28,95.43634365
Ballari,46.565,54.555,46.571,7.7682,467.0183118,28,88.33208911
Ballari,42.628,55.064,52.487,7.5289,670.1184966,22,56.80313646
Ballari,47.471,57.458,59.288,7.146,1518.848455,25,65.04700546
Ballari,35.228,57.143,35.789,6.8915,499.0858309,23,87.09208285
Bagalakote,28.55,58.511,46.25,7.0935,1690.460344,29,77.81381116
Bagalakote,31.475,63.545,59.555,7.2815,1082.929876,28,63.3792911
Bagalakote,39.536,54.89,61.614,7.2384,1005.629736,27,98.24368138
Bagalakote,26.387,60.338,59.108,7.3231,443.4593627,30,68.881987
Bagalakote,26.197,63.521,57.248,7.2364,1423.384915,29,97.57271725
Bagalakote,33.953,61.05,63.968,7.2338,1791.201869,32,6.681458986
Bagalakote,25.175,63.292,41.432,7.0896,1445.794192,23,14.7570767
Bagalakote,41.774,62.693,39.692,7.2399,770.3922851,29,45.69442575
Bagalakote,47.975,57.579,74.492,7.0179,1457.837599,28,39.10306663
Arvalli,21.32,72.05,67.694,7.0399,1117.896427,28,78.49074929
Arvalli,21.572,75.785,68.358,7.0783,1736.714789,27,16.90078862
Arvalli,20.531,76.019,67.469,7.0381,1027.364779,29,97.63342273
Arvalli,21.227,74.93,64.703,7.0279,627.1447734,28,32.19152165
Arvalli,20.855,67.133,56.792,7.0333,382.2611985,29,43.46344707
Arvalli,20,77.537,69.668,7.0315,705.9201713,32,28.19975821
Ariyalur,20,50.033,49.628,7,1214.371795,26,58.35699812
Ariyalur,20.12,52.163,49.922,7.0014,506.0765551,26,6.804241342
Ariyalur,20.048,52.32,49.475,6.9992,271.5700411,28,15.81807305
Ariyalur,20,50.498,49.847,6.9977,1007.917494,28,74.83397264
Ariyalur,20.108,50.081,50,6.9982,825.3778135,30,19.46355776
Ariyalur,20,50.279,49.874,6.9991,956.7031251,24,24.3159307
Anand,28.223,80,74,7.1125,1017.440139,28,79.50524134
Anand,26.663,80,74.039,7.0039,1578.926847,30,10.23681666
Anand,22.229,80,77.976,7.0153,1929.66834,32,44.30990845
Anand,21.542,80,74.105,7.1953,672.1119872,31,3.283275313
Anand,22.619,80,72.077,7.0348,1896.317983,29,35.33393253
Anand,34.877,80,72.698,7.2802,611.0761164,26,70.19915886
Anand,20.021,78.02,71.387,7.1143,1558.901192,28,9.920224692
Anand,20,80,73.985,7.0858,1426.422887,24,88.94512805
Amreli,20,79.906,79.945,7.0389,293.9999897,29,91.04040525
Amreli,20,79.973,75.128,7.0057,1504.859245,30,11.39404714
Amreli,20,79.952,76.625,7,1822.020845,27,99.0825112
Amreli,20,80,76.217,7,1874.400134,20,30.45542579
Amreli,20,80,75.713,7.117,1433.348128,25,9.326065442
Amreli,27.176,62.318,44.477,7.0762,1615.858466,31,1.501644335
Amreli,26.309,53.573,36.665,7,328.77533,25,41.44376668
Amreli,30.734,59.378,28.187,7,490.254763,25,63.35118858
Amreli,20,80,79.841,7.2619,672.4633924,29,33.88574574
Amreli,20.027,80,74.851,7.0357,1156.409071,29,83.83501918
Amreli,20,79.982,76.421,7.0132,895.2405419,29,71.94402128
Ahmedabad,22.124,65.397,65.016,7.2838,1382.843064,25,35.66599166
Ahmedabad,20,80,79.979,7,1002.239817,21,73.69665699
Ahmedabad,20.051,80,79.922,7,1595.040033,30,94.10828596
Ahmedabad,20,80,80,7,1484.458548,25,10.21650386
Ahmedabad,21.488,70.724,75.845,7,1545.106516,30,31.30429206
Ahmedabad,21.392,55.427,74.831,7.0068,1691.927847,29,46.86926797
Ahmedabad,21.488,55.982,76.313,6.9979,1701.600347,27,50.30102265
Ahmedabad,21.695,52.769,79.214,6.9972,1603.194285,26,54.67736884
Ahmedabad,28,74,75,6.9,318.667848,32,30.76206375
Kannur,216,42,229,6.650572814,1321.766033,29,67.05870495
Alappuzha,65,56,238,6.123875175,235.6209776,27,64.86336585
East Champaran,206,6,266,6.360748038,1538.766271,29,58.20432912
Palwal,241,61,275,6.882715397,309.9039319,28,12.26241045
Yamunanagar,227,27,202,6.310769231,1969.786991,28,48.21982122
Kaimur,258,44,186,6.918564069,1305.340777,27,36.26646186
Jind,204,44,225,6.470642745,527.5965733,28,49.61280851
Nuh,118,57,284,6.23564204,1042.903117,24,92.26477712
Kaithal,189,58,265,6.765844383,1688.018556,24,48.57260297
Pathanamthitta,228,59,259,6.102430588,523.9963338,27,2.384098392
Charkhi Dadri,206,58,226,4.967963045,1166.195847,26,44.44483707
Alappuzha,248,45,236,6.092970352,206.4453816,25,82.24416982
Idukki,243,43,277,7.888504691,1619.167248,28,78.2260314
Madhubani,178,25,226,6.277634849,550.2936821,29,51.82561728
South Goa,208,62,194,6.054740798,896.920745,26,25.72713227
Samastipur,240,57,270,8.245063727,1154.438661,23,47.04377763
East Champaran,223,13,234,6.8829576,460.7507812,24,56.80651972
South Goa,231,48,238,7.410647163,1868.007524,29,99.98727239
Malappuram,207,62,213,4.521192533,1043.85105,26,64.77363093
Malappuram,238,58,228,6.482723604,617.2104125,28,69.73222808
Madhubani,213,52,278,8.420385337,1523.256988,29,49.65396021
Darbhanga,253,49,104,6.525782518,1809.584169,25,36.09446553
Purnia,240,43,290,6.206561945,1842.807647,22,81.48234538
Wayanad,196,58,98,6.70625776,976.0410914,27,49.99830011
Arwal,239,55,241,6.647365736,847.0302929,26,99.47432287
Rewari,225,42,235,6.684912847,1872.663352,26,46.25493685
Araria,237,20,260,6.72953054,295.1086882,30,7.732028081
Jhajjar,214,54,256,6.553116679,1550.972192,25,68.57523557
Kasaragod,210,41,125,6.647628534,519.5158872,31,5.617503642
Munger,254,52,245,6.005400027,1037.902325,26,25.79965809
Sheikhpura,232,50,241,6.257729664,1916.646053,27,36.02008703
Banka,240,50,261,4.694938855,1246.066627,29,74.20887498
Ernakulam,201,39,218,6.64565685,1142.193352,26,49.92935671
Lakhisarai,222,54,274,6.054243517,311.2413655,30,3.8359472
South Goa,226,53,73,6.574860424,699.2129848,29,62.06813528
Alappuzha,259,56,250,4.907144454,205.4919853,26,41.73218751
Supaul,255,55,302,6.972226684,1775.010323,27,92.26161649
Kannur,220,55,238,6.004466612,1360.73842,27,50.4566688
Pathanamthitta,234,39,277,6.526472092,412.4497975,26,71.18853945
North Goa,137,56,295,6.171406594,854.2508402,26,22.66798074
Ernakulam,201,41,254,8.137609708,1660.547614,22,76.33638289
Thiruvananthapuram,212,53,243,6.455518068,452.5457568,26,72.37457574
Ernakulam,197,41,267,8.032529902,614.4775477,27,90.50408915
Saran,253,46,236,7.603018728,1174.531742,21,4.34834253
South Goa,207,54,263,8.270577945,460.9039633,26,45.30256906
Sheikhpura,228,44,295,8.448606397,888.8714102,27,68.23638487
Wayanad,158,25,47,4.79037918,1967.82991,25,10.42122611
Khagaria,223,22,208,6.219486349,1178.932393,26,41.64980265
Faridabad,224,6,206,6.660090106,1462.750006,29,94.2725137
Madhepura,221,40,232,6.742509874,1393.905887,23,44.1575146
Malappuram,226,43,107,6.054669181,581.0888449,27,98.55507356
Gaya,211,47,211,7.007179179,1723.004096,28,6.627067047
Jhajjar,213,53,92,5.88515572,419.6902792,30,72.06514784
Lakhisarai,232,50,248,5.967528908,1858.871243,31,58.52060739
Saharsa,188,59,86,6.07127917,588.9293809,23,50.55342804
Kasaragod,265,59,218,7.018667092,1918.539716,26,97.11389275
Kozhikode,251,52,116,6.430327003,1636.334234,25,13.83538965
Saran,232,42,280,6.812875801,507.7698355,27,89.70389622
Charkhi Dadri,72,46,225,6.778975338,488.724843,27,69.4328007
Buxar,201,18,242,6.251384192,352.1529904,29,26.64061126
Madhepura,257,40,214,6.7168314,645.2397008,30,90.26524542
Bhiwani,255,51,216,5.880673655,1386.392161,27,43.50019687
Pathanamthitta,210,58,52,6.090309038,1136.544427,31,81.60850548
Fatehabad,121,43,293,7.198445901,1304.031422,29,39.49481519
Rohtak,86,46,301,6.239812941,256.0530874,26,85.24215192
Kottayam,227,40,249,8.058626143,343.9484866,28,64.02628273
Aurangabad,253,60,241,6.190501039,1445.553283,29,14.96361672
Arwal,242,41,136,6.066146843,1726.235018,30,65.31665318
Alappuzha,204,46,225,6.270837588,846.9591984,28,19.94313151
Purnia,196,49,281,6.285486319,499.6683344,29,41.78034016
Kaimur,234,40,212,6.541097348,755.0399301,25,17.85926284
Katihar,235,59,276,6.546218834,941.6539372,28,3.179595451
Kurukshetra,226,44,244,6.692035925,1334.24467,27,21.97676741
Begusarai,237,58,287,6.528648668,937.0521643,27,54.10083035
Thrissur,240,29,239,6.26511725,1814.674024,27,48.67453581
Purnia,66,56,247,6.818534406,922.1823105,24,50.64821246
West Champaran,222,52,267,8.319325552,526.4723341,23,25.52100097
Sonipat,255,58,255,6.176465046,647.0202921,29,68.83095886
Sitamarhi,224,45,58,6.70183087,1037.299272,29,70.7220654
Rohtak,197,46,229,6.209357009,1608.432815,31,36.43881473
North Goa,207,43,230,7.021737828,1764.93236,23,88.23583876
Samastipur,223,43,125,6.215642303,533.5232949,31,64.75829845
Purnia,211,53,267,4.919067019,206.2494339,24,71.59088825
Buxar,225,55,215,6.235060694,1764.935861,29,28.45665188
Saharsa,208,57,234,6.390910577,610.7536407,28,1.06055188
Sonipat,207,12,240,6.953541484,1678.992932,28,86.6721856
Begusarai,213,59,247,6.60834461,1191.346237,30,82.42001407
Katihar,227,49,260,6.894698206,927.4079774,22,13.19599692
Jhajjar,39,47,218,5.38151558,464.1627594,27,38.03640836
Kasaragod,241,59,93,6.600193568,1409.666762,25,66.47259153
Palwal,211,47,221,6.663146457,1672.683262,27,65.55897486
Hisar,229,42,287,7.807952734,1029.969408,27,86.17468315
Karnal,237,9,284,5.975455925,1003.439626,27,14.886548
Idukki,232,45,221,6.611310563,1559.502378,22,43.56403503
Lakhisarai,230,43,198,5.370603483,1100.213503,26,10.62521737
Charkhi Dadri,212,50,268,7.036441701,1614.102653,25,39.5699296
Panipat,122,18,84,4.486182954,297.4095554,25,2.495637113
Palwal,235,44,132,6.917100825,1743.735111,25,89.92903345
Kannur,217,59,206,8.038254771,671.7271598,29,53.17735569
Gopalganj,201,61,308,6.517454843,504.5503223,26,85.13042382
Panchkula,223,43,246,4.785529841,258.1283134,25,6.930565399
Idukki,129,38,277,6.447711915,1701.331578,24,23.51835294
Aurangabad,224,47,256,4.539404589,308.2075236,31,26.67861953
Faridabad,209,55,225,8.101476306,1917.974748,24,39.28245797
Mahendragarh,252,58,253,6.324235706,1216.715629,32,80.48377087
Darbhanga,266,56,99,5.528089539,1457.629733,28,39.2692295
Malappuram,244,51,296,6.700125418,1505.55876,30,21.26069943
Khagaria,259,7,208,6.82345246,726.8320798,29,7.434035774
Kasaragod,243,47,229,6.608187129,1651.625026,23,8.869683087
Wayanad,238,62,233,5.448148752,1903.233217,24,76.24467339
Kasaragod,202,58,253,6.226602299,865.7319973,28,45.03549611
Wayanad,219,7,258,6.494328273,1703.628903,27,72.89193108
Thrissur,228,43,238,6.464311205,1589.671668,29,68.54642505
Charkhi Dadri,250,56,203,6.579871262,1261.27257,28,14.40088371
Gurugram,123,51,271,6.839608947,861.7087604,28,15.14590549
Madhepura,243,61,285,6.27897061,947.333529,32,75.77885953
Sheikhpura,203,9,266,6.440486832,753.6953346,31,72.40556106
Panipat,213,47,131,6.702640931,967.2868654,33,38.42504592
Gaya,39,60,120,7.93857735,1981.328453,30,8.66480407
Bhiwani,226,46,191,7.801462156,854.1465855,34,2.197704148
Aurangabad,208,44,113,6.814757936,1397.917556,25,29.527538
Palakkad,238,47,221,6.647107353,775.29158,26,1.913005085
Arwal,227,40,277,5.293939538,1039.965924,24,23.77718949
Faridabad,213,43,264,8.498719074,350.7931971,29,42.53057328
Sirsa,214,55,243,6.462758316,1573.821625,29,13.02016077
Nalanda,41,57,63,7.331862353,1389.844005,29,11.32349803
Madhubani,238,44,222,6.695337637,825.4730147,27,89.74730614
Gaya,242,49,246,6.714054792,1144.720428,27,58.96153287
Rohtak,243,22,233,5.994623521,1769.999305,29,93.51111299
Thiruvananthapuram,252,54,245,6.509938531,279.9788882,26,35.23679021
Kollam,214,9,246,6.309364482,1874.389694,29,68.0373488
Kaithal,229,59,258,6.77255932,1047.439284,30,21.26447579
North Goa,242,55,209,6.09654124,1747.37973,28,62.21569141
Panipat,238,16,232,6.964285258,1750.669264,27,13.82898727
West Champaran,229,45,129,6.432537485,305.6820982,26,1.205983278
Sirsa,229,45,291,6.005607095,1606.870229,25,93.22164834
Faridabad,244,2,79,6.706102877,1519.161295,27,55.93454324
Nuh,246,57,238,6.03955361,277.7483846,26,92.76712562
Kollam,242,40,154,6.473333435,1892.968167,29,34.04932085
Siwan,201,43,103,6.337440445,1342.186825,19,33.45082085
Jamui,223,8,259,5.877468762,501.5612155,30,40.66484518
Saharsa,174,42,277,5.773569863,421.5749499,28,70.89805741
Malappuram,231,51,270,6.547909386,1211.551386,23,57.01505478
Arwal,228,58,222,6.744249883,305.901676,26,92.6101358
Kurukshetra,249,60,278,6.944858622,495.9374505,26,3.518649212
Jhajjar,215,43,243,6.309305154,1907.21397,25,71.11139786
West Champaran,232,54,286,6.423279083,1540.533546,30,33.70244125
Aurangabad,256,60,286,6.384923809,1304.280402,29,18.84313153
Kaithal,227,40,115,6.679948848,575.8753246,32,51.52916663
Nuh,232,48,291,6.301675051,593.3284596,24,51.00131463
Alappuzha,242,60,238,5.963687919,1002.492784,27,14.56409184
Buxar,223,47,254,8.574260822,1557.297679,27,20.98770956
Yamunanagar,227,48,116,6.82488823,207.0732873,23,41.40830183
Fatehabad,219,50,236,6.245971035,279.69548,23,41.47232983
Arwal,54,57,210,6.714415082,1766.200917,29,32.43825582
Sirsa,212,55,310,7.603481032,1665.318228,25,15.70597
West Champaran,258,56,249,7.59096755,1450.426074,27,1.432994231
Jind,231,41,200,5.974411142,1099.157621,26,97.05327118
Kannur,244,41,261,6.662248426,461.2282002,29,94.40642374
Gurugram,213,53,209,5.096479534,384.0197443,21,48.88138754
Gopalganj,211,48,236,6.157705111,1829.677389,30,99.51012357
Samastipur,243,40,282,6.877662563,888.5393112,29,67.69177875
Lakhisarai,211,24,282,6.481255059,1452.300711,30,7.816896223
Darbhanga,147,65,249,6.550885122,1021.156548,30,12.65410171
Wayanad,72,28,74,8.631765002,1515.672056,26,91.69497354
Lakhisarai,218,40,285,6.587147267,547.9559864,29,63.37516801
Aurangabad,243,51,241,6.288871202,1072.222255,29,84.47517904
Purnia,199,59,200,6.283063352,878.3594354,25,89.92869531
Kaithal,258,48,242,6.715604368,641.0966609,29,45.34625912
Malappuram,239,48,265,6.21097387,1275.880048,29,5.804069206
Madhubani,211,58,291,6.649664439,1166.55193,27,19.63975454
Gurugram,214,44,244,8.355251347,1092.244215,29,7.590622783
Kurukshetra,221,58,193,5.319889179,1263.984927,26,19.68524472
Bhiwani,228,9,263,6.20121277,456.5553854,27,41.64275972
Wayanad,224,54,213,4.949988785,866.9870015,26,12.70148424
Karnal,189,55,222,6.834232978,784.4136922,26,17.50659153
Bhagalpur,207,24,300,7.181372071,1584.515757,29,45.13635643
Wayanad,134,66,35,5.493642856,264.3033349,28,34.67692409
Gaya,230,40,257,5.016811757,707.4759671,26,47.29815429
Bhagalpur,143,46,290,6.066422106,1852.929758,26,43.48803075
Lakhisarai,242,47,206,8.242381706,740.631168,27,64.80332457
Sonipat,248,60,274,5.951381973,473.419056,24,93.78176534
Sirsa,122,49,255,6.516279839,1563.221714,30,11.67856951
North Goa,216,9,221,6.995440751,286.119543,28,10.82675478
Jind,187,16,137,8.157086318,967.3757298,28,85.427805
Alappuzha,210,51,222,6.761230717,1739.643967,27,51.13327376
Aurangabad,206,56,210,6.372857258,1917.370659,27,76.87409733
Supaul,252,44,264,6.0304569,648.2355625,29,22.32676846
Buxar,183,58,111,6.020414902,733.1640208,35,83.05739474
Munger,114,50,245,7.743426643,1221.051989,30,92.4608158
Rohtak,237,55,295,6.267099905,607.792805,28,63.91281854
Jhajjar,233,14,147,8.139316582,471.3393198,28,11.48202313
Munger,233,46,288,6.580417866,966.7667199,27,89.6341866
Alappuzha,218,53,258,6.764646834,330.0465432,22,79.45628501
West Champaran,212,44,219,5.323545648,1809.595948,27,75.33689987
Madhepura,251,45,254,7.488591918,801.5539195,29,4.636090702
Kasaragod,201,45,206,7.991176418,805.3114244,28,80.09729
Jind,138,46,274,7.141324627,1624.471604,30,14.65715004
Sirsa,256,62,252,8.594781668,814.7870433,26,23.01623144
East Champaran,226,42,245,5.320595925,1569.632343,30,58.13634865
Pathanamthitta,142,31,109,7.450462713,526.2356252,29,27.23309652
Palakkad,249,41,249,6.620372206,1152.179007,28,66.47347242
Mahendragarh,216,54,203,6.153779219,1583.320645,27,61.19897432
Munger,191,50,262,6.182826176,1009.818385,24,11.7068102
Palakkad,227,59,314,7.721522956,329.2638751,30,65.94544338
Mahendragarh,234,49,60,6.971697056,1526.424229,32,92.47153607
Siwan,239,59,236,6.72036752,1089.301689,33,16.94988061
South Goa,142,52,293,6.584226062,769.5490216,26,60.10914007
Sirsa,213,47,261,6.519092203,1987.032323,27,34.84467182
Kannur,183,42,240,5.291126803,1776.930006,26,46.50155551
Saran,71,60,260,6.212238091,268.0805892,24,29.41301773
Kannur,229,59,296,6.671016532,1268.577254,28,36.058933
Ambala,246,55,91,6.862731147,838.2237161,25,3.862270503
Siwan,61,15,255,8.344889982,267.3293403,27,98.17362205
Vaishali,207,52,235,7.665795577,220.3346485,31,62.85519229
Palwal,210,62,211,8.102163766,1250.764009,28,50.56985346
Araria,234,30,52,4.564959439,776.2351868,29,38.9878196
North Goa,103,60,255,6.664332073,1465.969172,32,54.39808132
Yamunanagar,187,55,202,4.985023761,1017.958315,24,38.63049387
Kannur,201,45,250,7.70663522,1579.695607,30,36.63088482
Faridabad,213,48,272,5.117373689,1663.517422,27,46.93070763
Pathanamthitta,219,63,240,6.204950769,1383.021929,27,28.32232033
Bhiwani,129,15,181,8.572515626,952.3506952,26,18.8249401
Nawada,220,48,287,6.462732646,1979.259051,27,56.10398392
Kishanganj,230,16,220,6.263235629,752.0336853,28,84.43377818
Faridabad,204,12,238,6.025096542,1126.242802,27,16.12998959
Purnia,103,48,207,6.700662432,1136.727384,29,4.24069972
Sheikhpura,245,11,231,6.154326463,971.0099323,27,25.43436277
Supaul,203,46,259,6.710815459,418.5475744,31,97.9923437
Araria,222,57,304,6.880929968,837.095766,28,83.0470493
Ernakulam,249,48,277,6.658548729,587.3415426,26,59.9907393
Sheikhpura,252,21,301,6.771323679,1819.742947,30,92.99564261
Jhajjar,219,45,260,8.334658618,1379.675149,28,45.08263257
Nalanda,233,17,209,6.260685001,718.0655313,26,98.34477965
Buxar,241,47,298,6.298551538,1218.318722,30,30.33390247
Gopalganj,215,60,195,6.694465079,1735.77354,28,24.7902692
Begusarai,249,54,211,6.422704148,1881.98209,23,64.16677191
Thrissur,234,48,243,6.047432551,335.0640132,27,38.43724283
Panchkula,237,42,214,6.263886427,1616.435303,26,63.01018866
Madhubani,232,45,71,5.968394992,1939.354564,19,31.19455631
Aurangabad,255,45,237,6.550524576,1041.042444,26,62.17390743
Siwan,108,64,114,6.710272769,1991.961218,26,28.2988798
Begusarai,224,42,249,6.370917987,1922.740384,28,6.046234813
Muzaffarpur,205,45,251,6.038903817,1382.404427,25,91.30145429
Patna,219,12,251,6.056709183,1725.700519,29,88.43731499
Idukki,234,60,287,6.610790512,733.813612,25,97.10901678
Lakhisarai,241,11,230,6.811699724,1851.434571,27,71.93619045
Palakkad,232,50,113,6.784486649,1265.400398,26,68.5893966
Alappuzha,243,57,281,6.484730585,1117.398058,25,56.34130394
Sheikhpura,258,56,195,4.58189704,1704.191176,27,13.46829922
Purnia,240,14,298,6.026267735,1801.089881,29,19.73429578
Khagaria,233,55,124,6.56638664,1462.24832,28,29.65749918
Kurukshetra,233,51,237,6.456842275,245.0653098,20,89.12547989
Nalanda,77,12,232,6.205045338,1274.971055,27,18.12398294
Khagaria,220,56,245,7.953609245,1678.980613,25,92.36444427
Hisar,242,47,229,6.15576281,1181.48481,30,52.75578757
Sitamarhi,237,41,266,8.454173096,1882.745558,28,71.84139391
Idukki,216,46,228,5.959902368,1815.171295,25,11.91420418
East Champaran,230,48,243,4.896392407,1153.417253,29,27.63432133
Madhepura,236,45,59,7.077577323,926.895427,25,95.89334221
Thrissur,220,17,234,6.862485755,299.1376113,29,27.34884475
Sonipat,204,48,293,5.987317994,1338.675938,27,30.35565032
Mahendragarh,222,46,291,6.102375547,678.7364694,25,20.5621411
Sitamarhi,207,48,279,6.173634004,1403.214162,22,13.77829287
Sonipat,135,54,205,6.29495673,1637.770227,28,24.0925065
Banka,238,47,296,6.414229647,935.6483193,30,64.5903623
Purnia,64,32,118,8.311899286,228.0525292,30,46.08140562
Nawada,220,41,292,6.332345404,1757.45618,26,55.8218278
Kaimur,233,57,224,7.938120434,1188.212795,27,13.11411805
Panchkula,251,11,308,6.289677059,766.6245879,27,80.40952827
Hisar,240,54,221,6.882192621,1340.832881,27,78.62537536
Fatehabad,254,42,282,6.518517483,1413.909427,25,3.137401203
Gaya,231,41,279,6.232370276,465.4400722,29,38.96799436
North Goa,206,52,140,6.123060133,1363.522754,27,7.808289595
Wayanad,222,48,226,4.83511686,716.0365652,25,79.41847216
Saran,43,54,218,6.995163885,1646.524638,32,73.98969863
Darbhanga,235,51,239,8.124085655,1894.719044,29,90.29682134
Bhiwani,211,56,299,7.356945887,384.8012619,30,24.40399194
Gopalganj,237,48,108,6.402485103,1851.244035,28,46.17329243
Alappuzha,252,63,243,6.605085672,1826.202755,27,19.26429984
Sirsa,229,62,249,6.114040684,817.2337119,25,37.75225851
Jind,260,49,276,6.09485505,251.9039281,27,52.70208191
Karnal,249,45,30,7.058279035,1393.805696,24,6.279748194
Fatehabad,106,47,244,6.774243596,820.4801193,23,71.77217066
Banka,221,42,225,6.821446042,544.9654931,25,54.78604268
Muzaffarpur,55,55,276,4.890128374,395.4160205,24,83.0669427
Panipat,225,53,248,6.741309766,552.8474517,27,27.90626962
Fatehabad,245,59,301,6.797849647,627.4402984,29,90.42878942
West Champaran,84,51,220,6.03715014,1632.485934,33,99.87073105
Banka,213,45,250,6.377051892,1610.875002,29,92.0105454
Palwal,182,55,232,8.451845716,1089.945572,28,78.01135511
Gaya,255,53,117,6.460059737,1195.985531,29,81.42451148
Siwan,206,44,248,6.236888369,1852.069703,22,57.80068001
Jhajjar,94,41,253,6.862119957,1834.47235,21,19.82523243
Gurugram,211,46,304,7.135224905,1691.612846,29,68.02702783
Jehanabad,207,42,251,7.546073151,873.6928313,28,71.5625472
Faridabad,198,40,79,6.416125038,859.794316,25,98.55312889
Mahendragarh,257,42,268,4.468059736,1798.188773,27,54.58883031
West Champaran,225,42,265,7.016544344,1867.724419,25,27.86553249
North Goa,209,3,289,4.787718393,1637.218364,28,68.68357965
Jhajjar,212,51,280,6.789369752,1562.844821,26,97.95820615
Araria,218,40,207,6.1531294,1204.695226,29,18.54417692
Fatehabad,190,42,242,7.861685581,809.0028221,25,33.27379394
Lakhisarai,233,39,218,8.24421367,633.1386216,33,54.64621442
Samastipur,202,42,266,6.809731018,452.6089436,32,17.85124885
Kaimur,250,54,289,6.410818633,1510.763224,27,3.199843312
Malappuram,274,43,232,5.108577519,1598.561873,30,34.36132912
Kasaragod,258,63,250,6.274595782,845.561332,24,86.67170935
Purnia,142,18,188,6.382494283,210.8741439,28,5.303371533
Khagaria,231,54,150,6.912039301,1889.473303,27,43.46397684
South Goa,252,20,289,6.473225537,986.7607799,28,76.45787652
Sheikhpura,229,59,291,6.178728947,1954.263886,28,95.36507709
Hisar,236,57,254,6.926657331,1419.247226,26,98.5620645
Bhagalpur,223,44,228,6.286816778,423.2242935,27,42.77496868
Panchkula,220,50,62,6.131558489,788.5139744,29,95.08804514
Madhepura,249,23,311,6.150869508,1382.690379,28,4.506478355
Idukki,201,17,283,8.33227078,1368.655061,30,74.84577686
Jind,127,40,251,6.267561883,617.5737663,27,64.63185743
Kottayam,227,58,274,6.806470979,518.3423501,27,25.7026639
Kottayam,207,55,217,6.906631971,698.223439,23,51.22453157
Jehanabad,210,46,272,4.740038597,1616.405568,24,13.82582004
Karnal,112,41,284,6.84903029,635.365642,28,87.28811794
Siwan,240,36,255,8.283625981,1463.205304,25,36.43191047
Gaya,57,50,230,6.389817083,1765.999298,30,62.97840258
Kaithal,218,58,247,6.914170157,904.9202189,29,16.71885234
Idukki,227,53,118,6.837167188,212.5892704,27,21.41031962
Buxar,214,59,189,6.438042208,455.5239258,26,99.20368071
West Champaran,128,56,241,6.224296738,761.414361,29,75.55555305
Darbhanga,133,60,297,6.210574248,541.9176076,25,96.23521511
Kurukshetra,236,44,300,6.25354828,721.1244797,29,30.28926536
Samastipur,72,50,283,6.284919595,1179.275568,28,17.29172479
Arwal,66,47,262,6.799647563,237.9459791,34,50.80377788
Gopalganj,246,46,288,6.712165781,315.7066847,34,49.97215994
Kollam,207,48,101,6.19465188,1740.330803,28,18.31970486
Kishanganj,237,12,285,6.24664217,1140.175527,26,73.58873739
Rewari,215,56,304,4.746464415,1883.955997,28,36.81597591
Alappuzha,98,37,279,5.991972003,205.8960968,29,19.45015786
Gaya,222,52,217,6.010887275,200.2721425,31,33.86635606
Jhajjar,219,39,265,4.669339603,1531.273888,30,56.80221126
Lakhisarai,215,45,284,6.763313181,1057.254897,31,72.92062229
Panchkula,208,52,118,6.512214643,1844.837024,25,48.70719772
Panipat,227,49,273,8.398471456,1615.851127,24,53.03390399
Yamunanagar,215,61,294,6.084596554,1107.132794,30,14.75564766
Banka,38,47,210,6.713158435,1061.343203,23,91.55440155
Rohtak,206,13,216,6.831097684,1660.124767,27,92.9436956
Rewari,219,52,91,6.738746271,1646.67147,26,68.65923245
Gaya,246,52,90,6.812514339,698.5006575,27,2.745509484
Thrissur,263,65,221,4.706319877,1414.346348,31,54.17034737
Kaithal,243,15,282,6.926616819,1357.764057,24,63.29267824
Aurangabad,234,54,273,6.983035524,1740.952097,28,99.47076807
Jehanabad,197,45,124,6.517850605,1763.443227,27,99.61062856
Siwan,218,55,228,6.024729419,682.9051552,27,85.9035123
Hisar,157,38,215,6.716192241,1783.536417,26,7.319268211
Rohtak,222,53,115,6.448815108,1864.228019,28,95.37436269
Yamunanagar,257,42,134,7.001951537,397.345998,27,61.65346347
Sheikhpura,233,17,242,7.04242396,1232.743096,25,80.28779028
Nalanda,229,51,279,6.009029728,985.6346256,29,41.31209212
Arwal,226,43,246,6.896878555,923.5724658,29,32.64727765
Rohtak,59,24,149,6.235666059,1468.69291,23,46.8611704
Idukki,260,59,308,6.506077535,433.2230484,27,15.54057678
North Goa,206,24,280,6.897863953,1675.902456,29,36.34954774
Siwan,211,41,290,6.269967399,247.8789697,27,85.90413248
Hisar,238,47,275,6.272158447,1240.941552,33,4.75709814
West Champaran,244,53,205,6.706412364,605.647999,30,15.93692664
Bhojpur,121,37,277,6.755541393,1401.444055,25,13.38649981
Rohtas,260,46,285,6.643789002,1145.777409,25,40.90447873
Rohtak,216,46,258,6.457081129,1999.554016,30,99.70170319
Hisar,196,51,257,6.449704028,1752.180575,29,18.16243509
Kannur,107,53,291,6.817098095,805.9389355,28,15.40278231
Wayanad,198,53,280,6.243771527,1151.268372,31,91.59051725
Ernakulam,230,54,264,4.341011283,772.0616916,25,88.32300118
Arwal,236,40,260,6.348810454,1511.828285,27,4.19179663
Sitamarhi,123,18,94,8.430339053,960.3436459,28,75.41889006
Sheikhpura,199,11,219,6.922992329,407.7879735,28,65.89110445
Madhepura,207,49,223,6.768032235,1389.446976,29,77.00634018
Ambala,230,48,291,8.523429338,219.9170862,26,49.95574302
Karnal,37,12,206,6.216054184,735.1221386,27,99.14654263
Nalanda,245,19,202,6.599889414,1832.857523,24,5.340854852
Nawada,229,51,279,6.22672229,369.5137601,30,24.20278705
Begusarai,221,41,277,6.24537889,1107.966333,35,40.25805271
Fatehabad,201,40,231,5.372386442,1631.159273,30,45.52801622
Saharsa,239,49,228,5.08594485,1828.103818,30,92.21537287
Araria,248,49,204,7.080771393,1207.708933,33,56.44043204
Banka,204,47,262,6.245707307,475.7265209,28,5.465988557
Begusarai,245,51,225,4.792916062,1893.543354,30,41.37843338
Siwan,249,50,282,7.702982944,1548.665922,26,42.23255082
Bhojpur,229,48,125,6.787424336,912.2066437,26,96.58360291
Karnal,220,60,266,7.854271041,698.5653343,26,60.32051201
Supaul,242,41,216,6.462830965,285.8896809,26,63.92945604
Rohtak,238,55,299,8.078469577,544.5760982,26,71.61205009
Sonipat,194,44,215,6.487800991,1599.818714,27,77.23389225
Rewari,182,59,34,6.116815212,395.5297381,29,63.87005595
Hisar,230,60,225,6.762401185,432.9425625,26,24.48224076
Malappuram,241,7,298,6.392311851,552.6788635,26,87.53054552
Supaul,188,50,203,6.678599723,911.6151137,31,73.47986024
Thrissur,216,44,88,6.2377406,540.3280621,35,74.44517802
Malappuram,227,45,227,6.458400339,1827.746307,27,99.65911718
Charkhi Dadri,218,23,248,6.863060665,663.779628,35,80.45012695
Gurugram,203,57,232,6.732354592,1855.077702,30,83.08598891
Ernakulam,210,52,269,6.05537797,1972.897438,25,95.18914606
Yamunanagar,63,50,229,6.107218543,1558.646042,27,15.96226599
West Champaran,240,55,259,7.10753485,213.3867072,28,50.27501027
Rohtak,228,50,259,6.837758975,632.0362116,26,58.47613534
Panipat,238,5,158,4.916393948,681.2001447,26,33.59829719
Jamui,217,42,111,6.391911062,1176.958259,28,84.10093105
Sonipat,209,54,285,7.936469926,485.1086654,32,76.47954254
Palwal,226,56,266,6.259047047,338.9872756,28,72.36742438
Banka,223,51,260,6.871428011,517.4439358,26,99.71779454
Katihar,214,46,231,6.443657188,789.2335395,24,26.67875597
Arwal,214,57,143,5.920500098,288.5779461,35,73.81026792
Kaithal,224,48,242,6.183763267,551.65562,28,55.58904302
Arwal,223,12,198,7.497116585,501.5359388,30,31.98592907
Thiruvananthapuram,255,45,251,6.633209974,1590.246788,22,16.8981002
Sheohar,216,40,299,5.487181755,505.2332034,29,89.69249987
Patna,203,54,221,4.679167322,1624.771145,28,59.95009279
North Goa,209,54,252,5.192326568,1114.727874,22,82.66844993
Katihar,208,44,280,6.187076721,1564.137523,25,54.98915342
Jamui,217,46,208,6.098728449,1010.64243,26,22.77773098
Aurangabad,234,38,263,6.338326981,1821.899314,34,34.4173325
South Goa,221,47,242,4.695037358,697.7336283,26,38.7723454
Sheikhpura,225,47,254,6.798314622,1580.252333,29,97.32054644
Munger,208,11,230,6.797471086,494.1560236,23,1.55769456
Panchkula,218,9,226,6.782899134,1788.759995,25,98.58093628
Thiruvananthapuram,228,54,226,6.150869053,251.1936154,25,98.06570188
Kishanganj,241,48,212,6.3308078,1023.385021,27,99.61892826
Bhojpur,258,46,267,8.091077669,958.2649024,27,48.18222971
Muzaffarpur,191,49,224,6.302213713,1322.823233,28,96.41708799
South Goa,218,43,271,6.700949922,993.6800472,30,40.164319
Ernakulam,82,48,219,6.371428575,1260.16161,21,3.603149626
Alappuzha,247,9,271,6.90771483,1751.065315,28,23.21037145
Kurukshetra,232,47,217,6.258939021,455.6513447,25,94.58432825
Gaya,231,58,245,6.09685704,639.465175,25,2.36270464
Malappuram,200,23,211,6.195034612,1645.075854,29,55.05341941
Gaya,249,43,294,6.062485871,610.5151553,28,8.484557301
Sitamarhi,241,54,282,6.185254302,1830.177193,27,29.35326126
Sheikhpura,234,58,269,6.806394378,1173.460425,30,9.72119222
Faridabad,238,44,258,6.572515028,347.3557934,29,86.09333349
Sheikhpura,205,45,275,6.169426742,237.1884814,26,59.51600026
Alappuzha,191,51,310,6.900919238,1573.228251,29,90.30854011
Hisar,196,42,224,6.853259498,1741.431498,26,69.14696675
Charkhi Dadri,239,58,229,6.410534171,631.7562776,25,97.13188399
Kaithal,202,48,268,6.776221546,633.4038275,22,51.47788782
Bhojpur,232,40,304,6.650373088,1917.383788,31,64.23234759
Sirsa,242,44,232,8.083852986,1381.136846,29,58.05457317
Mahendragarh,174,4,271,7.269085169,501.7054022,25,48.94178252
Pathanamthitta,170,61,282,5.662409645,1007.456494,28,84.74997718
Nuh,241,53,312,8.352654523,1838.785008,29,64.80798843
Fatehabad,248,40,251,5.052792885,1318.113552,32,80.32991422
Kaithal,209,21,250,6.346635926,933.4452796,33,78.85002972
Bhiwani,218,46,306,5.915443702,471.8603,25,19.9134709
Malappuram,252,57,212,5.918471096,1506.80332,28,65.36618972
Supaul,205,52,105,6.186380176,697.4532004,26,20.7651539
Patna,217,41,291,6.728829988,1218.639273,25,58.74872735
West Champaran,230,45,214,8.202355624,1280.25236,24,68.06603376
Rewari,224,55,88,6.255666534,1199.809067,26,99.72627209
Pathanamthitta,198,56,238,6.640889167,643.6870248,24,4.023655837
Munger,201,53,248,6.863722246,1474.89427,30,10.03299702
Malappuram,218,55,272,6.280901276,1218.89001,24,8.625642941
Madhepura,237,60,120,6.85556369,926.629274,25,40.43776734
Rohtak,80,41,221,6.339320983,293.8355346,28,82.33724779
Sheikhpura,238,47,250,7.692248095,796.2748325,24,84.56157695
Thrissur,70,55,221,6.625260147,834.4055142,26,73.96097998
Jhajjar,223,40,264,6.647685133,1624.094057,25,89.79094594
Jhajjar,206,56,200,6.47917657,1124.204721,25,32.96313447
Kozhikode,81,18,199,7.634142175,1877.813956,28,9.727309781
East Champaran,245,54,257,6.546324791,1551.313768,30,6.757149771
Aurangabad,219,50,296,5.281660443,1168.408368,26,85.36113924
Ambala,65,33,267,6.012059452,503.99445,28,73.31319314
Kollam,240,54,97,6.240552955,597.8597629,26,70.1629153
Bhagalpur,185,52,201,7.527900887,488.1428614,30,34.62795752
Khagaria,208,1,93,8.189803569,997.1313209,27,38.61061367
North Goa,216,42,252,6.328390884,1500.544792,31,95.85323936
Jehanabad,238,47,293,6.254771547,1566.784685,26,7.316669666
Vaishali,222,53,209,6.536728753,373.0722139,25,77.59944196
Kottayam,185,43,218,6.333874953,1092.639505,29,31.65369905
Malappuram,228,54,247,6.908958588,1066.593095,26,4.866407223
Kottayam,243,52,296,6.40350815,989.9959742,24,74.51444096
Kasaragod,75,53,306,7.007060818,742.1887956,28,33.76027668
Ambala,206,9,229,6.648808334,1056.454511,28,72.49260436
Pathanamthitta,220,44,221,6.1461618,1129.892111,22,71.05778393
Khagaria,222,56,298,4.649230795,1279.4531,26,53.94390067
Gopalganj,106,42,231,6.287292495,879.2573011,29,77.95993979
Kurukshetra,218,51,220,6.734773895,1901.181144,27,58.52279409
Palakkad,98,48,287,6.637520034,809.9095892,30,29.37704843
Ernakulam,188,60,234,6.744768103,1811.091656,29,73.67741481
Palakkad,251,58,265,7.874846519,1642.256334,31,59.32484177
Bhojpur,249,45,265,6.497373367,1037.487273,28,2.260000887
Kaithal,226,51,239,6.669414049,1093.362283,25,90.2627736
Malappuram,223,49,290,6.883886838,1765.75086,32,55.01871821
Muzaffarpur,131,56,230,6.507526292,1086.905013,25,86.99409928
Kollam,207,9,269,6.662851047,1422.883233,25,88.39094706
Kaithal,204,25,205,6.364024436,1656.745199,27,45.05169902
Yamunanagar,242,10,228,6.302833873,1834.186189,25,51.25833965
Kollam,209,49,298,5.907272126,592.6954936,21,42.15968438
Karnal,110,52,315,7.131018616,1955.658387,28,45.49424076
Kozhikode,72,54,242,6.445909776,1937.600426,28,89.61956874
Patna,249,54,248,6.371518535,735.2389434,29,79.02625738
South Goa,227,52,283,6.234817763,1304.710614,26,13.52604196
Panchkula,218,57,266,6.271110353,284.4523117,29,61.42047037
Malappuram,224,43,222,6.827878652,502.0892122,31,99.5947574
Supaul,274,44,64,7.21934245,1250.870919,26,59.95951942
Patna,212,58,295,7.854025527,1370.191233,31,78.80129093
Sheohar,223,16,256,6.930556768,1162.285365,28,77.13708586
Khagaria,245,45,268,6.578876553,1468.499884,24,35.68143506
Katihar,205,61,288,4.579118328,1627.203377,30,37.81308097
Jind,247,3,167,5.489796797,503.2240864,24,72.68356576
Kurukshetra,244,44,254,6.099861235,1387.311042,25,50.49836963
Idukki,224,43,273,6.091498124,1212.676826,26,57.4865002
Jamui,218,23,260,5.964956253,411.6552373,26,71.57767325
Kaimur,240,45,204,6.785249031,611.4880816,26,77.97992768
Thiruvananthapuram,246,48,269,8.079450171,955.4042331,26,27.8801412
Jind,228,39,244,6.649821381,1754.765184,28,15.53258218
Panchkula,244,60,222,5.44939942,590.6464057,31,29.88767003
Patna,236,11,196,6.472571358,529.262646,29,51.24629418
Supaul,231,65,196,5.579016193,1497.71311,31,34.87199041
Khagaria,240,59,223,6.066029152,1956.427297,26,57.26791313
Araria,243,52,230,6.814853241,1005.191764,25,6.293106688
Kaimur,240,57,252,6.099950866,830.2477059,23,51.46529075
Charkhi Dadri,213,58,203,6.494569972,657.0930608,24,37.43050579
Madhubani,207,53,263,6.656586025,289.5335546,26,53.93200873
Fatehabad,215,44,308,6.822327501,521.1454188,27,42.83080213
Charkhi Dadri,205,16,283,6.721540353,368.1471192,31,29.13835921
Wayanad,75,59,233,6.295072919,1089.382798,20,90.50668264
Arwal,206,61,246,4.6109953,1960.755549,25,19.29173385
Araria,212,20,204,6.75266234,1617.324364,31,68.45519198
Saharsa,59,66,131,5.746671144,1283.04215,25,92.53982655
Gaya,214,44,296,8.35394087,1075.948886,30,54.32832601
Banka,190,60,269,7.583522656,1310.927584,32,87.76444037
Jehanabad,121,54,211,6.60248062,876.8479575,26,13.36029636
Arwal,236,43,219,6.54165213,521.0935286,30,49.88508826
Jhajjar,244,58,253,6.968492938,1261.592576,25,46.24550277
Siwan,215,57,293,6.421210657,1150.58592,26,1.803761897
Nuh,208,16,263,5.998058356,1900.166038,28,44.88247679
Bhojpur,189,46,292,6.174193568,1369.699125,33,37.53394588
Nuh,203,44,266,6.457022307,1592.174916,29,67.31007405
Pathanamthitta,202,57,236,6.102089082,366.8630886,33,93.89464808
Faridabad,144,43,262,6.485133009,1569.686601,26,9.493317738
Bhagalpur,223,57,127,6.514061104,1969.127907,26,33.42016228
Purnia,147,66,144,5.861207621,1383.49201,30,44.962409
Kishanganj,208,42,228,7.492854255,1535.750667,24,46.06335243
Supaul,248,64,211,8.046075907,1963.138243,26,77.70616236
Banka,236,60,206,6.087851039,904.2945015,26,44.89617092
Yamunanagar,253,20,225,5.962153438,1683.521324,26,3.688968844
Lakhisarai,220,47,198,5.928981141,919.4465508,32,71.30030536
Sonipat,128,53,191,6.555429201,966.65351,28,88.59813982
Malappuram,226,60,295,4.898936052,1384.835393,25,51.87656654
Malappuram,204,53,197,6.609160843,661.5544847,28,58.52974365
Arwal,227,43,203,8.336077398,1987.007275,27,17.13070746
Aurangabad,186,45,218,6.924043955,792.6168203,30,22.84394852
Samastipur,207,57,283,6.624204296,421.1299307,32,24.28185367
East Champaran,202,51,289,6.871332259,780.5973026,26,43.64345551
West Champaran,150,58,264,6.760559771,1740.739215,29,92.88637687
Muzaffarpur,226,42,204,6.70143206,765.0704679,28,52.6566919
Siwan,198,45,249,6.439789176,1300.440107,27,20.01766687
Nuh,127,53,263,6.355695252,1883.576379,26,27.34268585
Nalanda,257,52,253,6.476429698,667.9389016,26,39.01748794
Kozhikode,218,40,250,7.988465046,436.4575905,31,62.70263859
Nuh,215,45,294,5.479685324,374.3268498,25,44.56328215
Jehanabad,219,46,263,6.761602928,992.6627608,25,39.85203957
Thiruvananthapuram,226,60,288,6.108646736,387.7160647,27,56.90813144
Saran,159,47,147,7.462075734,1016.855133,34,24.9416645
Siwan,214,44,145,6.424738178,1752.89049,28,8.811423986
Kishanganj,52,47,232,6.966900926,1599.47089,30,3.417017167
Patna,215,46,250,8.123838579,1247.061536,27,25.87465718
Araria,196,41,221,4.676843539,1730.760511,26,10.06761138
Yamunanagar,238,41,313,6.364147041,380.4860863,25,34.29772321
Kollam,229,44,238,8.086652493,1296.951853,25,77.5204205
Panipat,218,56,213,6.453161046,408.1544677,27,71.91313872
Palwal,232,49,282,6.324754367,1067.85094,27,61.48183466
Gurugram,236,51,112,6.283968742,1034.232279,27,85.39752414
Panipat,186,51,257,8.522884906,677.2796569,20,28.92469483
Jind,230,59,283,6.314190307,1693.738348,27,88.62032155
Jind,238,51,215,6.825874115,610.8097987,23,40.5246778
Alappuzha,146,54,280,6.509399755,1193.409643,29,40.68843851
Katihar,224,42,95,6.966184805,1068.070421,29,41.12980975
Patna,224,56,242,7.608914448,976.9739803,30,10.71134226
Ambala,213,43,93,6.683162601,260.3758667,33,97.57355933
Hisar,206,52,37,6.808121169,1454.120947,25,14.712171
Saran,217,58,306,6.47816883,222.833618,29,34.74768672
North Goa,226,47,240,6.576666487,1676.984967,25,32.61073171
Jamui,218,44,259,6.30763112,679.5102562,30,8.393263849
Kottayam,195,24,242,7.009123785,416.0097768,30,16.07375288
Malappuram,141,45,228,6.207389838,950.6732156,30,5.440975282
Bhagalpur,236,44,283,6.458077303,1206.848989,28,29.94804486
Pathanamthitta,258,58,207,5.252507026,758.6527855,25,86.79903548
Darbhanga,220,44,104,6.761910314,419.2125913,26,34.60477837
Arwal,211,46,287,8.185663111,232.9890931,30,13.24549137
Bhiwani,243,51,245,6.167651539,1466.863837,28,64.92369297
Kaimur,252,24,233,6.607824998,1795.584429,25,99.66349029
Darbhanga,255,40,286,6.710478039,380.9378984,30,24.00005516
Fatehabad,192,47,136,6.73857149,615.1407799,28,28.67752953
Rohtas,234,48,211,6.947138829,236.4124886,26,97.21285837
Rohtas,201,9,258,6.768129605,1793.119223,29,18.69885247
Faridabad,251,63,240,6.755711274,1000.529389,27,51.61019268
Faridabad,210,65,78,6.281494797,1865.351375,26,24.72556117
Lakhisarai,72,46,260,6.653112025,1042.578795,26,93.30283789
South Goa,233,48,264,5.344211761,1751.929591,27,98.17058044
Madhepura,233,52,287,4.362797672,1913.161571,26,81.65508677
Bhiwani,259,58,279,6.854263878,803.2730116,26,32.16359777
East Champaran,116,21,168,7.209420229,1353.279899,25,40.94526005
Thiruvananthapuram,226,41,257,4.926383946,1399.556005,26,24.98826268
South Goa,202,52,288,4.936695186,238.5357234,30,89.18503873
Charkhi Dadri,164,38,91,5.499386151,988.8124966,24,91.54126949
Araria,211,51,293,6.207878706,1739.590112,26,42.46819556
Banka,236,52,207,6.141577402,1903.313472,28,65.99677392
Kaimur,252,64,200,5.66365127,1818.597573,28,17.3897648
Gaya,199,48,204,6.397016388,1951.21628,30,44.05865414
Katihar,211,29,90,7.270248095,1375.475352,24,63.51841156
Madhubani,236,51,274,6.816157714,619.0388931,28,39.15490873
Rohtak,216,52,210,6.219177417,1235.687908,23,36.40235304
Gaya,245,45,224,6.678930521,958.0591219,31,1.098900234
Madhepura,208,52,253,4.931915492,665.5746359,34,80.62505291
Karnal,193,54,244,5.475365174,1591.015061,28,89.04442359
Supaul,202,58,275,6.807452685,1332.557714,25,96.97688943
Kaithal,239,45,258,6.02951701,1622.187575,32,72.20786712
Malappuram,223,5,259,6.52563017,685.0832021,27,55.33043892
Palwal,218,50,245,6.683326377,1826.992182,31,27.65916746
Vaishali,214,42,281,4.491655587,629.6847319,30,99.93064812
Gaya,222,23,252,6.456842909,1283.460345,27,59.3855326
Buxar,213,42,224,7.988441384,302.4103941,28,68.43425316
Palakkad,262,47,235,7.760849064,1173.735683,30,68.55821003
Kasaragod,214,49,214,6.165276302,377.7021377,26,84.67992778
Sitamarhi,69,51,275,6.667128461,797.986811,25,1.957581346
Mahendragarh,239,48,248,7.600022361,1749.240666,26,22.8044471
Begusarai,46,52,276,6.252355762,1808.349167,28,66.88786602
Lakhisarai,246,41,70,6.292809416,1581.137355,29,89.61942795
Rewari,255,39,165,8.367450028,861.8668254,24,68.84853941
Palakkad,63,49,233,6.609748645,1241.701067,26,41.93563786
Ernakulam,215,53,228,4.74836179,603.1621395,30,36.79399409
Purnia,200,43,263,6.332240592,1421.028551,25,74.05685282
Madhepura,249,51,227,6.39933847,825.3254331,33,74.38253202
Charkhi Dadri,203,62,224,6.234532585,597.7974835,26,61.09874126
Supaul,249,52,73,6.115002386,1252.946644,30,29.85523539
Ernakulam,209,41,295,5.348307418,401.2439445,28,92.59032702
Buxar,135,52,96,6.132879543,1436.058165,25,55.63611427
Patna,229,55,261,6.091028361,536.6097649,26,79.25874327
Pathanamthitta,176,56,218,6.158697465,1196.21965,35,22.21651795
Yamunanagar,242,52,200,6.247283731,906.5152747,28,35.06003807
Charkhi Dadri,189,52,214,6.300657402,1219.240479,31,87.58337212
Faridabad,220,45,231,6.762694131,642.7313656,28,5.960595964
Araria,210,55,286,6.069206179,758.7007738,23,51.71921581
Idukki,213,48,224,6.43897212,452.5779698,28,48.6888425
Fatehabad,103,8,241,5.347938303,1598.538162,30,75.3717887
Fatehabad,239,50,214,6.778882211,326.2016445,30,28.90748329
Palwal,245,46,248,6.70212505,877.5821226,27,22.68761536
Muzaffarpur,238,52,82,5.94076631,1008.374221,29,92.68715104
Sheohar,247,58,248,4.824069419,551.3711813,30,57.59925554
Fatehabad,232,47,223,6.776839634,892.678908,27,11.36426726
Kurukshetra,242,45,220,6.179717486,952.558798,30,20.11058006
Kishanganj,235,49,119,6.791805498,603.7947038,29,99.88377989
Bhojpur,234,42,250,6.945373034,1350.660336,26,20.36529063
Purnia,200,28,132,6.60095877,255.5372095,27,61.43707562
Bhagalpur,234,42,248,7.498736403,555.6163949,20,42.59267982
Panchkula,250,42,185,6.344933053,1323.334949,30,88.67431039
Thrissur,194,19,235,6.863409423,1329.549394,31,75.76169064
Thiruvananthapuram,212,45,293,5.165982861,677.4726781,30,60.09818823
Lakhisarai,220,56,274,7.997429321,1429.48863,27,2.063159198
Mahendragarh,255,11,217,6.435974039,1045.619867,31,88.09972554
Pathanamthitta,221,57,260,6.698556483,1149.043992,22,45.02207961
Sheikhpura,201,52,263,5.082224842,798.6986539,27,93.22618765
Arwal,229,51,207,6.114134891,1971.690179,26,50.05836227
Madhubani,217,47,215,4.706884542,1527.297009,27,69.72822443
Supaul,236,40,238,6.346557495,647.1738191,27,7.859972297
Siwan,198,12,248,6.782705052,625.8139033,26,74.7700137
East Champaran,257,48,210,6.475496057,1593.512288,22,34.4616071
Sonipat,112,52,215,6.622922203,898.419657,21,35.78454242
Palwal,109,39,255,6.800623336,364.7215194,25,12.74692863
Jhajjar,246,41,277,6.346858875,264.0798434,30,15.53885772
Arwal,272,53,300,7.170140837,945.12083,26,19.39014656
Gurugram,225,50,277,6.283618199,946.4744809,28,33.49241069
Begusarai,213,53,133,6.282776178,1472.342064,25,89.30502136
Palwal,218,50,259,6.062744822,1234.588979,30,37.45776358
East Champaran,86,55,265,6.173752334,1586.216242,34,72.71190795
Malappuram,212,42,208,7.715921616,771.954031,28,9.192002885
Thrissur,211,52,246,6.709443892,1323.65265,28,59.51878113
Sirsa,221,41,226,5.931272158,1794.265018,29,48.7072319
Fatehabad,177,23,36,7.529214375,324.7166968,27,97.81783675
Khagaria,200,44,288,6.304120361,1475.212399,23,84.77456922
Panipat,238,59,195,6.207063005,1488.58942,26,46.02814747
Yamunanagar,130,47,222,6.778120107,1629.254522,29,77.73913364
Kollam,214,43,245,6.877700486,684.2851756,24,20.11083539
Fatehabad,101,51,259,6.12739789,949.7375972,28,56.67129641
Bhojpur,228,54,211,6.448708067,631.4750216,27,8.387286501
West Champaran,244,56,260,6.183049616,755.4474022,27,35.46081419
Malappuram,270,46,232,4.916529435,1943.315286,24,23.36035598
Kottayam,218,55,280,6.395245546,1002.177214,19,72.17207172
Gopalganj,234,41,238,6.876628787,1727.394405,28,49.51897843
Munger,232,21,228,6.856907563,1630.783737,31,75.35597741
Kannur,235,59,242,6.311889591,1000.146854,28,52.01424833
Pathanamthitta,219,45,54,6.426821914,1985.922435,30,9.561959773
Sonipat,223,55,262,6.407955266,1713.404934,30,73.80139732
Thiruvananthapuram,36,22,95,8.379488,1068.851108,30,83.48969713
Sheikhpura,78,40,275,6.405708038,757.470226,21,90.44959137
Muzaffarpur,221,52,200,6.338447378,335.5301924,26,57.62720259
Jhajjar,218,55,228,6.981748019,1036.639829,27,75.60495054
Siwan,226,50,231,6.036968947,848.0178262,24,75.45238935
Sheikhpura,201,21,278,6.307475814,1480.47839,31,16.41922622
Wayanad,246,40,234,6.065077021,235.4210557,27,17.25784806
West Champaran,205,60,280,6.288159269,1696.605802,31,8.017665075
Gaya,239,61,235,6.722046935,949.930648,27,32.67144988
Mahendragarh,125,53,80,5.519710015,1045.518648,25,47.87735019
Khagaria,214,56,266,6.063105561,529.0223202,25,99.79188742
Rohtas,63,55,294,6.60480254,1887.467783,19,43.66834086
Ernakulam,209,51,259,6.957647538,917.0969575,30,72.89801626
Arwal,243,51,292,6.04197505,1716.904636,25,69.6463056
Kasaragod,216,41,262,6.729990555,627.4162232,26,21.24371307
Palwal,247,22,39,4.439265357,373.9825937,26,6.792207993
Samastipur,212,44,299,4.580110648,1344.369746,26,55.0546684
Jehanabad,213,57,267,8.286250195,1971.949682,27,70.33025364
Banka,229,58,114,6.329407036,1364.494825,27,99.82692723
Araria,234,43,250,5.827468175,1295.683622,27,36.50249418
Bhojpur,211,55,250,6.774757323,996.0152924,27,89.74009165
Kurukshetra,242,43,227,6.342055623,710.8423308,21,38.81131313
Patna,201,47,88,6.358654705,975.4998637,25,69.25175913
Saharsa,228,39,267,6.998725937,468.1225014,30,60.22704012
Palwal,256,48,232,6.548204335,671.4321776,28,6.244900537
Faridabad,245,56,282,6.025756242,1077.293757,33,8.76045427
Gopalganj,215,21,268,6.181623285,460.6320074,26,3.055644883
Thrissur,248,47,240,6.606645446,1624.757275,27,37.71257437
Nawada,232,52,265,6.440454482,220.8103762,28,74.83430383
Gopalganj,103,48,296,6.618363452,778.8681644,24,18.10278401
Saharsa,211,18,250,6.366118108,1129.972629,26,60.97944387
Kasaragod,239,58,223,7.032219029,1872.106047,25,29.59395022
Palakkad,201,49,243,6.820548685,1232.213977,26,79.90226977
Jhajjar,209,47,217,6.375460118,730.8271568,28,80.04121875
East Champaran,226,50,296,7.013694508,833.9432372,21,77.76603698
Rohtas,229,7,265,6.889348619,810.4861103,24,52.95851787
Rewari,249,50,236,6.457147513,524.6648832,26,29.1721043
Purnia,242,49,239,6.098917408,460.7276184,33,81.13496034
Kurukshetra,231,46,248,6.585830959,1065.143769,28,19.42395563
Jamui,214,55,251,6.119645529,686.469874,30,29.6862006
Gurugram,69,23,180,7.054607623,365.3171628,29,19.21082291
Gopalganj,258,59,208,5.050578288,589.6615823,25,67.74680588
Bhiwani,175,63,211,5.500505298,1137.306932,25,68.93736678
Saharsa,208,57,224,6.288522069,662.407811,23,65.59848929
Gopalganj,142,47,109,4.678013339,627.9359284,28,42.14454522
Munger,244,13,275,6.088265347,1317.181692,28,10.91692971
Munger,154,10,317,5.998324858,1440.949458,31,91.20578887
Bhiwani,210,45,211,6.876082494,634.2425997,28,51.26536544
Alappuzha,234,48,218,8.384791891,1049.854317,30,41.2902473
Thrissur,192,45,221,7.604819946,1576.220155,22,59.29366443
Malappuram,216,60,222,6.52848819,1441.827665,28,20.08625315
Patna,206,14,205,6.105710204,324.7233049,27,14.12232913
Kollam,231,15,285,6.083631257,848.1274471,30,41.14699692
Wayanad,235,46,276,8.364246461,1501.896245,25,23.49484872
Samastipur,123,55,197,6.413478125,522.9874828,27,25.18473916
Jhajjar,224,53,202,6.427793232,552.6689286,25,89.35863729
Darbhanga,235,58,243,6.338893414,1334.309074,33,53.54515854
Kishanganj,214,21,202,6.144358577,710.7517164,26,48.86343737
Jamui,209,42,298,6.706749548,782.750769,23,69.25847978
Bhiwani,227,23,303,7.098118712,1141.068115,23,95.20326325
Gopalganj,234,48,211,6.676840795,1551.045111,29,12.10765788
Kaimur,229,13,226,6.649872148,1096.919954,28,83.51992214
Faridabad,47,18,77,8.370665109,1808.168386,28,58.81789881
Palakkad,127,10,266,5.451705641,391.9534737,30,15.47037003
Kurukshetra,224,45,218,7.672805053,1557.468611,30,30.41778255
Begusarai,100,58,151,5.494143581,1178.548748,27,48.75378023
West Champaran,60,40,268,6.410193767,1670.035724,22,69.42653731
Ernakulam,234,50,298,4.604184414,769.5258698,33,25.01809468
Begusarai,220,53,66,6.267998305,1067.782605,28,53.95300273
Gopalganj,56,43,266,6.097753082,1682.475896,26,68.78249111
Aurangabad,219,57,281,6.705479769,1697.20649,30,45.42533433
Pathanamthitta,207,41,62,6.240004528,876.7828462,25,86.43957015
Kaimur,236,53,220,6.90301271,1679.952791,26,87.07645118
Banka,243,39,210,5.900046158,1428.317174,26,47.59843055
Kannur,209,52,251,6.844167118,936.9731422,26,97.31964533
Ernakulam,130,45,194,6.784415101,1945.469884,33,8.482924148
Bhojpur,230,51,211,6.579394285,255.609778,29,1.332875454
Begusarai,236,58,226,4.665898263,888.7931998,31,38.68615812
Banka,204,42,197,6.498403387,752.5147615,26,60.50860908
West Champaran,239,42,194,6.420194109,1884.368807,27,63.29081559
Bhiwani,227,42,262,8.20561011,379.015825,27,48.16812789
Jamui,233,46,227,6.342047404,1330.44401,24,13.36344801
Sheikhpura,190,46,207,6.493121972,1489.930446,30,17.87925466
Wayanad,226,57,226,6.814740717,531.5164833,31,85.3626504
Nuh,240,60,283,8.042999364,469.9055254,28,86.92320204
Siwan,135,48,213,6.076977773,286.0963998,26,67.71595525
Thrissur,210,56,278,7.040974316,485.9753609,29,66.75757926
Aurangabad,36,43,58,7.596113599,1654.787065,21,60.17053067
Nalanda,243,57,286,5.312060773,1899.1211,26,21.08966268
Kaithal,198,26,125,7.290112085,1822.560034,28,43.39681933
Jhajjar,219,14,264,6.379900561,857.5486324,26,69.89357049
Kishanganj,237,54,308,6.893435195,1506.575917,29,54.18797493
Supaul,244,49,143,6.125001261,1688.678608,23,2.839453071
Buxar,228,49,230,6.338559962,1662.473879,26,95.40212387
South Goa,237,59,193,6.323984492,312.8329027,26,84.6367892
North Goa,213,53,210,4.528486959,586.6946723,27,26.7939564
Sitamarhi,234,58,192,6.243297461,1890.100875,23,62.02943458
Fatehabad,211,8,288,6.766737862,1531.831099,28,92.40069899
Jamui,234,40,277,6.87581265,1701.834329,30,10.5050902
Katihar,236,58,261,6.494145813,1125.421844,32,50.7999186
Supaul,262,51,243,8.481188437,907.5008872,23,46.16805956
Hisar,232,58,218,6.865632306,1372.202575,28,41.61029552
Sirsa,238,41,235,6.103379572,1051.142103,27,83.72327228
Malappuram,236,25,43,5.809274345,872.7718027,29,38.68396852
Vaishali,43,29,282,5.353490407,826.1760139,27,7.302669991
Munger,116,52,230,6.141105088,484.2325897,29,7.517936474
Siwan,211,45,241,6.874814187,1152.943741,31,5.231716046
Ernakulam,207,5,275,7.020976855,1135.723827,28,41.50539677
Pathanamthitta,243,46,91,6.668190326,1263.38519,31,72.12222149
Hisar,236,53,250,5.253920504,409.2025795,26,21.16852373
Sitamarhi,250,52,261,6.863076552,1846.861395,27,65.00038352
Muzaffarpur,245,55,285,5.97180108,1535.701022,27,69.02175874
Jamui,221,47,280,6.434852511,435.7353802,26,26.26501028
Kozhikode,215,51,226,7.816001061,342.8190988,28,60.45520795
North Goa,88,40,269,6.955887633,1357.257211,30,68.80196566
West Champaran,237,52,68,6.781576186,814.7048951,30,47.19474866
Nuh,222,14,277,6.237414239,774.2873966,28,34.33494313
Panipat,238,52,263,8.084464155,1711.98391,23,62.29600361
Supaul,201,59,231,6.538535122,821.2577591,29,97.80686165
Muzaffarpur,209,51,269,4.522629914,1337.92764,24,43.25729953
Thiruvananthapuram,229,60,219,6.242037969,1166.734121,25,39.78177453
Jhajjar,217,53,84,6.793022931,673.3412887,24,46.96242334
Bhagalpur,222,58,228,5.200154145,796.9521282,27,8.545620951
Patna,65,47,191,6.216840709,1897.747202,26,55.76316469
Nawada,43,14,140,6.999355408,796.4711718,32,33.54104133
Charkhi Dadri,193,38,200,4.803931228,1611.206176,27,13.02079011
Araria,201,47,200,7.597179092,1750.295882,28,47.15941737
Mahendragarh,200,40,290,6.732743762,327.8683924,25,1.335014671
Panchkula,257,8,221,6.349426411,1393.5899,33,40.77673927
Fatehabad,108,54,241,6.607938094,1548.669009,22,11.46779152
Bhiwani,239,22,289,6.118650663,981.2390315,31,3.404977637
Nalanda,235,49,294,8.131912218,1224.785137,27,82.62302958
Buxar,105,16,60,8.25466102,491.2505398,26,91.70863152
Sirsa,238,53,257,6.147877998,773.2950693,32,21.55979019
Supaul,237,53,250,6.020209733,1473.800535,30,54.39052812
Kottayam,227,53,200,7.04048134,1284.62822,32,28.51785756
Araria,207,61,233,6.150206935,445.4943385,26,49.86416643
Sheikhpura,255,21,228,6.030666314,1978.487657,27,44.22650077
Madhubani,102,41,215,6.915517025,1888.020422,25,27.63605445
Karnal,257,5,266,6.206488006,603.4111117,31,70.33896438
Supaul,211,50,250,6.896232371,1775.217014,32,13.52260497
Madhepura,127,38,236,6.554714758,680.9047449,29,6.254205435
Siwan,213,44,221,6.340684091,1214.730435,24,76.99986787
Siwan,218,59,222,4.440116871,1607.691806,24,66.92707309
Panipat,210,44,295,5.54870168,819.3443618,26,50.35408629
Kaithal,76,56,225,6.083259526,1199.265308,29,47.31118728
Sirsa,241,43,233,6.904388384,1010.636495,28,50.24372657
Mahendragarh,227,62,231,6.150968325,1568.35751,31,44.26538353
Kishanganj,242,51,280,5.314060506,1061.61627,25,39.89633729
Araria,218,40,305,6.23497198,1220.440156,26,50.46936969
Malappuram,244,50,285,6.61955927,1722.003856,30,53.32300194
Madhepura,202,45,131,6.346224939,1457.561968,25,69.49832909
Aurangabad,133,46,277,6.325407485,1149.505896,25,71.40950891
Rewari,226,53,296,5.385500208,1030.324873,31,38.38527893
Munger,134,46,219,6.617689233,428.1781736,23,41.94051175
Madhubani,226,50,225,6.490654404,301.4596695,35,37.9960198
Arwal,232,48,218,6.308088777,1914.995768,29,54.11704159
Pathanamthitta,238,23,288,6.862671976,535.7478126,32,45.88200025
Rohtas,130,52,234,6.531769881,698.3690735,30,89.07004985
Jamui,113,52,212,6.724262727,1299.707366,28,69.93976542
Gopalganj,213,11,229,6.39763074,1690.266293,27,89.96698199
Nawada,227,48,276,6.060303817,1699.655542,30,71.20456216
Yamunanagar,258,56,281,6.409959376,1693.365352,25,97.1282227
Saharsa,233,55,113,6.602203984,1960.558414,32,63.93794105
Fatehabad,219,62,102,6.001751393,300.2654841,26,96.39146368
Kaithal,241,41,262,6.27337914,919.7267568,25,16.65881915
Yamunanagar,68,50,211,6.69105748,1844.457943,21,6.195290402
West Champaran,168,3,117,7.933461354,1041.208072,30,58.33339334
Kannur,237,53,293,6.796376415,1768.333922,29,98.36582737
Nuh,230,7,260,6.171992204,231.7816112,26,42.34291948
Ernakulam,238,51,252,7.749754664,1107.862074,28,21.99229286
Madhubani,217,44,230,6.620244609,1860.413989,28,52.63260347
Bhagalpur,245,59,237,6.150542748,670.3091944,29,65.23106383
Saran,76,45,214,5.837568836,1873.384958,26,32.20269086
Vaishali,207,58,140,6.395998728,215.259117,26,71.76216649
Kollam,203,61,267,6.477595261,342.0695681,19,97.5363362
Panipat,79,11,87,7.422652257,1058.284321,30,89.79934905
Darbhanga,250,48,263,5.15764848,391.4832952,27,29.86695198
Sheohar,223,46,211,6.413515172,606.075168,30,33.34564463
Panipat,238,53,51,6.523877091,735.5450385,24,37.78258122
Begusarai,149,40,246,6.972187567,1066.692817,24,40.06072506
Patna,205,56,224,6.574773597,902.9245436,26,10.93163042
Rewari,230,48,228,6.234143768,1859.86575,25,76.43432105
Thrissur,236,52,245,6.445182431,1794.826391,21,37.1685871
Ernakulam,201,48,209,7.848937151,1546.527604,28,88.10217769
Siwan,211,47,290,5.49294344,1386.75496,26,92.76712169
Bhiwani,214,44,298,6.50310784,567.8139084,30,3.418699621
East Champaran,218,56,256,5.649599473,1283.287265,32,98.86180392
Aurangabad,196,58,303,6.882213128,464.7129816,29,71.29225042
Jehanabad,211,58,271,6.762430752,1014.894412,27,52.51883037
Sonipat,111,64,109,7.939234742,1030.742753,26,39.56323323
Katihar,254,54,241,8.433473162,1441.477922,26,52.33329513
Ernakulam,238,9,297,6.67341594,1703.228105,26,33.13784767
Madhepura,107,55,270,6.636970162,776.9040849,30,62.64609356
Ambala,142,59,266,6.030473464,274.1262971,28,10.20504737
Mahendragarh,212,47,286,6.492183015,284.546669,29,62.49113769
Sheohar,226,46,215,6.161732898,1774.683719,27,28.25914016
Mahendragarh,236,53,285,8.154131572,1075.386549,28,2.745848076
Purnia,249,46,259,4.573709082,646.4226496,25,55.71787085
Samastipur,56,43,230,6.613633364,258.1161093,25,58.26632783
Muzaffarpur,215,21,266,8.630820264,1151.775808,27,43.23033147
Rohtas,192,46,222,6.655771837,446.7706037,28,8.156337022
Panipat,223,19,249,6.877951894,950.650521,26,89.44095233
North Goa,258,49,215,6.562671245,1128.939887,27,61.53164992
Aurangabad,195,41,293,6.560412144,612.5605864,27,12.45561666
Bhojpur,234,44,230,5.138482601,557.9062511,28,51.58212708
Alappuzha,232,50,252,7.01038845,235.6545272,27,50.22817728
Bhiwani,235,43,206,8.371119146,1253.937413,24,6.97978501
Purnia,218,56,250,6.578713265,560.7941799,25,61.07911066
Madhepura,80,54,281,6.689350222,1780.811202,32,81.02431349
Munger,201,7,277,6.544489853,1286.79779,27,75.15179737
Rohtas,249,45,245,6.661531804,1201.545794,29,21.093972
West Champaran,124,40,233,8.146498423,1108.432396,28,86.36696043
Ambala,259,58,293,6.221120486,587.5581411,27,34.9116744
Munger,221,46,271,5.153178171,1944.9388,27,94.70432945
Begusarai,234,51,104,6.902706924,1940.680333,27,8.103048458
Katihar,238,54,252,6.836993831,778.2903642,30,49.13466016
Jehanabad,205,50,223,6.737846029,1597.189203,26,60.11531334
Munger,46,24,46,8.034902343,414.6429183,25,25.51735975
East Champaran,217,58,188,6.136942421,1604.951922,28,77.36663868
Karnal,215,52,256,6.514718919,715.3974793,28,63.0626723
Palakkad,93,48,282,6.033389769,720.4420567,25,2.792834292
East Champaran,57,43,293,6.063199079,1113.019957,33,61.22849048
Palwal,241,43,75,6.038677153,906.192131,25,49.65634521
Ambala,90,19,157,7.860554258,412.0960574,24,20.40689097
Arwal,231,44,220,8.332724488,1267.538857,28,99.57907448
Kottayam,208,13,247,6.258831202,584.9184969,30,89.81905729
Kottayam,49,41,191,7.460523598,1000.063606,29,29.95826181
Jhajjar,208,38,213,6.921008126,615.8192417,29,54.56602116
Buxar,227,45,283,6.86094154,1743.653435,30,32.33371185
Thiruvananthapuram,221,60,232,8.308270971,808.4390191,27,77.77407941
Kishanganj,237,46,278,6.131807327,1797.483485,28,93.10281189
Sheikhpura,40,41,277,6.655298222,786.9750384,26,36.52403208
North Goa,217,56,216,6.633457044,523.0947297,27,80.75284067
South Goa,232,53,296,8.378869378,1237.942357,31,50.34234673
Sheohar,205,48,256,6.029593053,1199.247997,27,40.26127757
Alappuzha,253,55,230,6.017192056,1314.044403,30,93.90376336
Thiruvananthapuram,213,48,99,6.770863961,743.8512774,29,51.53006418
Aurangabad,222,49,302,8.196679796,775.9440486,29,47.27363953
Pathanamthitta,197,44,125,6.591343999,627.3741503,30,67.57100579
Ambala,221,42,280,6.394529155,1871.121746,32,26.8621859
Bhagalpur,234,38,263,6.606979835,1429.320317,25,33.15449421
Araria,228,44,289,6.852580949,1561.260348,24,93.27253779
East Champaran,144,53,241,6.301667931,549.4936522,26,68.1744547
Ernakulam,206,19,236,6.713415849,1390.840924,31,82.83707763
Kozhikode,234,54,208,6.393994632,1572.795771,28,27.84006443
Samastipur,230,18,256,6.354030527,816.4209927,21,54.8352288
Faridabad,224,52,259,6.069115425,483.8466926,24,97.16823043
Bhiwani,75,43,289,6.572881786,1454.607649,28,32.551686
Mahendragarh,217,6,219,6.692970436,1300.058466,29,16.88717116
Sitamarhi,215,45,187,6.484903981,1236.112847,33,51.57771481
Bhojpur,228,40,286,6.459151378,528.6199626,33,39.39428778
Patna,237,41,272,6.566283621,672.4857628,27,16.79814605
Khagaria,212,51,207,6.507949775,1324.792153,22,88.96658689
Bhagalpur,214,58,307,6.951321911,1304.455203,27,99.08166714
Thrissur,263,42,200,7.05203603,1198.5011,26,57.28963589
Darbhanga,220,55,275,6.429468332,1582.650859,31,77.69300007
Rohtas,237,45,223,6.53603095,1666.382956,28,86.04479859
South Goa,212,41,246,7.702273933,697.7254437,28,70.3972186
Jind,146,47,284,6.733530627,483.6936157,31,5.371448862
Thiruvananthapuram,244,54,233,5.973265724,562.1020114,27,16.60578894
Malappuram,231,44,149,6.288019912,706.3558327,26,8.027929924
Nawada,235,50,283,8.275706927,1905.947431,27,1.978081058
Kaithal,218,45,252,6.074720102,446.8918071,27,31.29364447
Wayanad,213,3,297,6.806584861,1781.770684,26,39.84324009
Kasaragod,221,59,262,6.014319843,566.0794266,26,24.8619435
Rewari,208,13,211,6.854319748,827.2022835,30,7.395860161
Purnia,239,48,290,6.697454455,426.5707941,26,53.45644599
South Goa,59,50,272,6.874816399,386.0486318,26,28.05861268
Muzaffarpur,231,57,227,6.116561089,371.2574776,29,79.80767833
Jind,107,61,261,6.893661921,816.966032,31,1.797209541
Panipat,219,48,257,7.268390377,1142.64576,29,84.41017808
Arwal,124,51,72,5.232873727,561.453572,26,95.52061422
Siwan,218,45,253,5.889680948,1878.813617,20,71.89737125
Saharsa,258,47,150,7.035194494,1255.553804,30,73.63076246
Mahendragarh,186,59,270,6.910954472,1793.116559,25,93.42266885
Nuh,200,58,114,5.984146229,467.8738106,28,21.69805724
Arwal,253,47,253,6.06689211,458.2900785,26,99.46199125
Malappuram,226,48,202,6.007795173,1724.154864,29,77.57463913
Panchkula,92,9,60,6.045473818,1222.366438,28,72.93050012
Kottayam,243,23,237,6.228202927,1889.456231,26,36.74796732
Katihar,145,50,264,6.935431729,464.4143342,26,55.03197106
Supaul,210,55,112,6.290825453,246.8323633,30,65.73786104
Karnal,55,40,232,6.502830934,1849.808988,25,62.41394327
Madhubani,200,47,214,6.179762913,1457.906789,19,70.79347921
Jamui,225,57,230,4.909803652,1652.902487,33,9.155792169
Saharsa,195,55,299,4.742753112,732.8252245,24,36.20919485
Sitamarhi,64,32,271,5.449522205,205.5195551,28,43.96600164
South Goa,232,41,285,4.61605898,1069.183729,25,26.80230049
South Goa,215,45,240,7.659911024,1982.016948,26,18.09009976
Nawada,217,46,110,6.998514372,1833.567351,30,14.75382051
Siwan,64,54,299,6.994595023,329.6410131,28,37.27195583
Kaithal,258,1,167,7.701012798,538.010588,24,49.85072836
West Champaran,200,42,296,4.700797659,760.2102148,26,7.234667575
Khagaria,220,42,215,7.775097927,1694.720819,28,94.69935136
Munger,99,27,186,5.116309936,1684.485977,27,76.75908896
Thiruvananthapuram,227,56,246,6.070769898,533.0081051,25,73.35432555
Kurukshetra,120,50,201,6.400340389,1159.544139,30,18.11319197
Ernakulam,219,42,72,6.491649953,1103.230759,28,60.77627603
Nuh,212,53,230,4.861275648,945.7048924,29,53.44276973
Panchkula,88,1,312,7.478139767,1164.656821,27,98.26441573
Madhubani,194,14,253,6.801535021,727.0199552,27,75.01950524
Idukki,221,46,257,6.895596303,1156.788511,23,58.00042649
Muzaffarpur,124,42,302,6.588532696,1434.09473,28,85.23045398
Rewari,68,52,285,6.266891468,312.5058992,30,16.35433282
Alappuzha,229,41,227,7.892916307,1941.15062,26,2.506436439
Katihar,228,49,242,4.807899679,497.5464781,24,69.33310001
Sitamarhi,244,41,194,8.055235995,848.5375938,29,10.73283456
Rohtas,205,46,142,6.245281334,1047.129253,28,12.42793036
Thiruvananthapuram,200,43,76,5.764615666,273.771993,27,74.72339192
Jamui,225,53,106,6.847738061,1187.051304,25,27.78294957
Kishanganj,235,40,272,6.442846916,1765.952781,28,63.23449034
Begusarai,236,57,257,6.260121561,1821.832693,28,91.82328568
Banka,222,48,213,6.150069887,787.1449297,25,32.33097863
Saharsa,98,43,244,6.098479636,1205.833896,28,22.49727163
Siwan,213,48,257,6.221563188,1598.235377,22,11.54972549
Yamunanagar,223,23,226,6.118842488,655.1222814,28,13.91577378
Gurugram,228,47,217,6.471040328,1151.250515,26,7.160046843
Wayanad,221,26,210,6.774815642,860.0988794,27,9.676595504
Sitamarhi,190,52,276,7.898767373,880.7149274,32,43.76845429
Bhojpur,95,24,139,7.809745282,369.4475588,29,32.76563946
Nalanda,224,46,243,6.866027736,932.4013432,27,70.94952062
Wayanad,71,61,292,6.938346262,489.5826622,26,87.15392417
Saharsa,55,19,283,5.598101802,742.2861304,30,78.69254711
Jamui,258,46,274,6.614425305,794.5059852,28,53.53308841
Banka,221,47,238,6.894930204,975.0799019,30,11.14176951
Gurugram,73,46,243,6.63869024,1850.44473,27,71.26696111
Faridabad,225,43,105,8.08008929,1335.794754,27,36.92004375
Khagaria,220,57,46,6.955454995,1954.031669,31,9.479388998
Katihar,215,46,248,4.793221061,1263.172729,31,84.40417431
Purnia,239,15,234,6.515308141,1649.882078,29,34.4834352
Katihar,216,50,234,6.934815374,1701.472639,23,22.60663442
Madhubani,113,60,126,7.486514246,1530.206848,25,87.2737544
Lakhisarai,208,60,277,6.051977148,1405.84695,29,90.31125298
Nalanda,58,57,251,6.484975813,952.2469853,26,34.55811288
Yamunanagar,234,39,251,6.241535959,1221.097061,25,36.12534051
Kannur,211,45,264,6.414187544,548.6900125,29,58.38322423
Patna,247,60,203,6.685358115,1312.843963,32,73.61070789
Wayanad,231,51,258,6.595872661,1125.73374,26,7.251770989
Muzaffarpur,69,55,224,6.791296031,1647.78546,27,59.74102206
Kottayam,234,43,205,6.703772381,1824.578524,31,95.32918612
Begusarai,215,41,279,5.200639961,439.0301932,29,26.94729582
Kurukshetra,211,15,290,6.331853201,1443.634043,27,90.9738942
Jamui,211,44,220,6.190949437,1910.083355,30,95.06666574
Panchkula,232,43,230,6.288866835,1852.185507,27,27.64621046
Buxar,246,52,263,6.181161024,1701.967251,25,75.66598472
Idukki,192,43,231,4.849027761,287.0138008,30,24.63872582
Araria,239,43,235,6.710441157,654.47141,28,74.02350501
Nuh,221,48,204,7.572986261,466.9192365,29,79.94457716
Mahendragarh,226,56,228,8.458918591,1868.48203,26,25.47336467
Kollam,233,56,300,7.087935731,1548.001668,27,71.87108481
Kozhikode,212,47,242,6.473552631,1157.212345,27,81.39834935
Mahendragarh,145,20,288,6.696365575,1962.920424,29,36.49930834
Muzaffarpur,243,50,293,7.790950346,550.4937776,35,17.60257482
Gurugram,234,38,260,6.242794928,1354.829452,26,10.10449216
Kaithal,238,58,219,5.989022052,1296.885851,27,57.96278866
Malappuram,234,54,247,6.787312564,812.8176409,22,97.83171381
Supaul,243,55,271,6.664561357,1073.684526,24,82.47208168
Kozhikode,239,52,216,7.01614054,623.6951036,19,44.14812425
Fatehabad,91,39,265,6.251466658,1418.80656,28,54.12546938
Palakkad,229,46,239,8.503710574,952.8332786,28,28.67326066
Siwan,198,42,307,6.3909055,242.3901746,29,17.14352087
Kurukshetra,237,57,276,6.467501148,1911.413402,23,48.72603466
Supaul,224,56,197,8.159147836,1102.554483,26,46.88665505
Darbhanga,221,43,229,6.129433688,1470.140983,25,52.67106533
Nalanda,214,26,294,5.946132404,554.4739823,25,95.32765397
Nawada,250,18,294,7.008671323,429.0134922,26,60.78563471
Aurangabad,205,51,304,6.137448647,1824.359473,25,60.97141183
Nuh,240,47,108,6.603721353,1263.678542,24,13.67445152
Kannur,207,59,237,6.768823473,1088.031569,27,99.65239775
Sheikhpura,114,52,217,6.930608137,1138.070064,24,77.51164948
Rewari,227,5,245,6.807482368,625.164675,29,87.84313107
Lakhisarai,197,54,263,6.993841796,1842.835463,31,42.01574077
Aurangabad,194,51,293,6.506778194,585.6323323,31,50.71068148
Yamunanagar,211,50,235,6.265803842,484.4113001,29,52.68629711
Supaul,92,59,258,6.122737612,1874.082598,27,20.21535939
Alappuzha,225,42,265,6.372728639,663.6329413,29,69.25942648
South Goa,159,28,216,6.176114836,1752.472494,24,90.39469564
Sirsa,209,15,273,6.985831609,1590.523053,32,17.206876
Banka,224,49,289,6.242890564,887.4985116,25,9.545509075
Vaishali,206,47,237,6.443674677,657.2036113,28,74.08367165
Jind,236,51,198,6.511762686,1566.179434,27,28.04698134
Khagaria,251,53,276,8.166758033,1275.677644,28,62.76239162
Thiruvananthapuram,143,23,137,8.367708088,657.2726296,19,69.88007546
Arwal,246,7,215,6.751321869,1803.583039,27,32.86916559
Kaithal,216,39,258,4.885898667,1497.768352,28,81.69931515
Palakkad,242,51,281,5.36992963,1836.700635,34,55.44890923
Fatehabad,229,56,249,6.155600322,987.4466965,29,87.03094139
Kozhikode,262,51,281,8.461120207,430.7591256,24,76.5660617
Kollam,134,58,271,6.278803733,1863.335651,30,86.98898757
Rohtak,219,57,245,6.318664425,1282.566855,29,2.99597683
Malappuram,249,53,204,6.974264648,1290.907101,26,25.10711981
Ernakulam,215,46,117,6.336643908,1251.677794,29,9.910786104
Muzaffarpur,225,54,232,6.402163801,1050.307441,28,44.7662187
Ernakulam,225,46,270,8.13424349,659.0775437,24,89.10605204
Supaul,136,48,249,6.397318346,1303.43938,22,47.28648596
Nalanda,232,60,243,6.448030547,1493.48494,21,85.12159141
Faridabad,239,56,185,6.341770615,1849.777733,26,33.39064556
Thrissur,213,58,228,6.718038876,329.8658745,23,34.61743721
North Goa,244,47,228,6.499482039,658.4771586,28,89.6606113
Aurangabad,212,44,276,6.459918173,1598.034416,28,43.1558975
Supaul,100,26,313,6.117693126,1595.271248,21,79.18678329
Malappuram,200,49,260,6.665941009,581.662111,26,24.42771124
East Champaran,200,49,123,6.36784575,532.491822,29,94.93128214
Malappuram,214,40,271,6.262463296,860.8523767,28,57.88324641
Nuh,260,55,271,6.887445593,313.2476572,27,76.17303329
South Goa,213,42,250,7.863825116,1514.649414,32,9.86205428
North Goa,223,45,306,5.418773918,1405.655705,29,49.77375836
Kaimur,213,53,92,6.371415886,1745.70589,28,90.20281128
North Goa,208,9,271,6.143964768,974.0884648,28,87.82682428
North Goa,192,59,237,6.748329495,1346.124816,28,5.634581766
Rohtas,238,60,256,5.526842464,1917.10908,29,31.06614844
Fatehabad,191,58,276,8.319081768,1925.844166,32,44.88868064
Panipat,204,56,255,6.528728971,327.9397055,25,18.05421662
Kannur,203,48,208,6.329611582,203.3918209,30,73.26983279
Ambala,198,42,186,8.417732317,1927.971911,28,19.26668756
Bhagalpur,97,56,242,6.532835807,1163.569884,29,35.31732974
West Champaran,230,56,219,6.187094413,1460.720974,26,66.66478305
Vaishali,213,54,253,8.045667917,1842.674884,24,48.72684511
Alappuzha,233,44,245,6.135268455,979.6782784,30,74.11853282
Purnia,233,39,256,6.817783939,993.1759075,26,96.15958222
Jind,213,42,270,8.532166075,500.5668277,27,12.53812208
Kollam,252,57,237,5.00365651,1830.490905,27,71.24720392
Jhajjar,69,57,263,6.830053137,1365.811951,30,23.80407141
Rohtak,221,47,52,7.020436684,524.4846451,28,42.03319601
South Goa,199,41,229,6.455004477,1207.625626,21,4.253409854
Fatehabad,239,60,238,5.490051042,790.6950891,32,14.45483085
Sheohar,240,58,293,4.416896404,464.9275457,30,32.65795162
Rohtak,244,57,230,5.46919023,527.3650053,29,34.85659472
Idukki,228,7,264,6.397356925,1206.662884,26,90.05893643
Bhojpur,254,45,269,6.798447315,1215.893407,30,74.43947802
Buxar,248,55,224,7.741011781,1621.893406,26,97.24611385
Kottayam,55,51,260,5.873067332,646.3717116,23,60.30807952
Purnia,251,57,56,6.128828365,1848.500088,26,24.92965948
Saharsa,81,43,241,6.500679773,1133.503277,24,33.43784796
Purnia,228,55,253,6.340955013,567.5108399,31,32.66375641
Sonipat,184,63,141,8.575789536,943.9050361,27,33.32293844
Madhubani,234,51,236,4.983729023,1862.04669,32,67.62345314
Banka,226,58,81,6.86633908,1060.681777,26,53.54998488
Idukki,188,51,250,8.037977554,1774.487199,26,39.15699363
Jind,233,62,254,6.27684747,487.6989233,29,15.7598871
Sonipat,221,58,273,6.311157672,1845.125117,28,3.191777131
Arwal,226,53,265,6.523989478,975.1138499,26,22.66463308
Thrissur,217,50,299,6.448994054,1885.028498,26,11.63966899
Malappuram,223,43,293,6.655959274,1758.941335,24,78.75905805
Buxar,249,7,244,6.176148894,1387.939352,31,12.13729782
Ernakulam,268,54,286,6.305941195,1411.123551,29,72.69859549
Gopalganj,226,21,290,6.758959827,580.7143782,31,39.18021029
Idukki,236,50,263,4.483878095,1285.093602,26,8.264460585
Kaithal,246,59,271,4.431342732,1189.092029,25,81.46027489
Jamui,229,46,209,6.403271058,801.4646654,27,58.38342645
Faridabad,214,43,229,6.849528424,1110.118744,29,24.34038977
Katihar,77,40,266,6.191345142,1872.458394,24,89.57343626
Rohtas,238,58,234,6.971202678,209.5501948,30,5.480573073
Jehanabad,213,47,213,6.282935705,950.823367,27,20.98014121
Panchkula,233,44,269,6.211034095,800.5496974,33,75.45264585
Kottayam,234,52,268,6.741583698,1930.215921,25,71.2284151
Hisar,240,43,251,5.030556741,1953.009616,23,29.63789768
Darbhanga,204,24,274,6.407091685,1254.188964,28,7.14046266
Lakhisarai,182,13,29,7.229368232,1190.012543,26,85.94972915
Mahendragarh,211,55,266,6.675177869,1825.782494,26,32.05606617
Kottayam,251,57,221,8.385937921,211.7764528,26,20.37562808
Nawada,206,55,113,6.4737337,1212.105085,23,52.09012041
Ambala,134,53,288,6.194598373,244.338335,30,91.11249273
Gopalganj,239,42,215,4.860512498,1942.692088,26,5.311111206
Rohtas,248,43,114,6.566512639,776.2872032,31,76.81460472
Sirsa,250,39,300,7.487591943,1137.442343,28,57.67484957
South Goa,215,53,94,6.69699416,951.6233083,31,43.11946254
Lakhisarai,257,43,250,6.833509789,1808.523423,34,74.66396397
Rohtak,114,60,248,6.05812559,1999.672299,22,96.61661802
Malappuram,241,20,283,6.254291835,323.0983604,25,23.69141491
Kaimur,242,47,242,6.803790468,1517.656045,25,15.22108914
Ernakulam,75,51,235,6.878344347,862.3975231,31,91.37529278
Faridabad,224,50,282,6.826975422,450.3312555,28,67.22635467
Gurugram,209,55,246,5.045688407,929.7875533,28,44.36061613
Jehanabad,196,18,284,6.162929179,1996.663934,26,57.75269746
Nawada,240,47,213,8.044077879,843.6211388,29,74.81577661
Sheikhpura,233,58,220,7.410563545,699.3190792,24,77.53015797
Samastipur,215,55,242,6.959327327,1723.108474,29,92.0695239
Sonipat,110,49,207,6.389727027,1762.2884,35,43.2574361
Kaimur,228,46,300,7.771337405,809.9644787,27,30.04768009
Araria,210,53,202,6.653148949,737.6116531,34,64.32676241
Vaishali,251,57,220,6.33546465,1365.10666,25,42.15706203
Begusarai,212,40,221,8.38991755,569.3212707,30,59.86524694
Samastipur,89,39,264,5.998008452,1070.633725,26,42.57859405
Ernakulam,250,53,260,6.286394829,454.418645,25,16.14658288
Gurugram,203,7,217,6.054371651,748.5586008,30,47.47324841
Jhajjar,224,58,208,6.167742424,735.4666959,25,69.40086437
Kaithal,238,59,305,8.087590278,1450.819937,29,80.12909696
Sirsa,245,16,314,6.501418752,708.091463,29,49.8393014
Panipat,204,45,131,6.920656932,1817.292266,30,17.35855113
Saran,236,43,287,4.832727955,1969.48297,25,42.05408326
Mahendragarh,241,46,248,6.707813302,345.9110623,25,78.84309896
Gurugram,218,39,244,6.586371431,915.7657373,26,41.87306779
Jamui,199,48,212,6.62831676,743.3139143,30,69.95654857
Yamunanagar,204,53,233,6.168621238,833.5822313,20,51.21415449
Kishanganj,257,55,208,6.874321036,677.6387949,31,24.88108939
West Champaran,234,48,278,5.92380802,888.7967502,25,79.81890029
Malappuram,201,53,69,6.555765565,454.546267,27,9.337131953
Jehanabad,253,53,204,7.523795751,703.672896,27,52.96413799
Wayanad,222,42,273,6.375677532,1546.07218,27,21.68021239
Pathanamthitta,116,53,288,6.573791582,819.2837462,30,7.639497226
Jamui,207,53,294,6.073965302,574.1028152,25,50.79045977
Wayanad,215,46,289,6.852833231,395.1992694,31,50.45665344
Patna,241,49,207,6.599568765,826.4074651,34,70.98318927
Jamui,233,46,248,6.575232808,1358.13636,22,74.73031861
Darbhanga,224,57,283,6.724648316,655.9487679,30,73.05135738
Buxar,220,42,275,6.350702182,960.4022436,29,41.54631456
Ernakulam,208,58,244,6.276936015,1914.317444,28,63.53728894
Vaishali,198,60,260,7.880850616,1194.253133,27,58.11757902
Nuh,233,45,270,6.308604362,1157.489509,25,42.73461386
Fatehabad,227,56,298,6.821682692,937.8979626,30,60.12405672
Sheikhpura,193,19,257,6.266177625,1202.311959,24,94.77753979
Sheohar,224,58,276,6.814429405,1972.221094,22,20.09648062
Supaul,220,45,228,4.9060105,656.8524298,26,90.67143748
Arwal,233,58,283,7.680055495,1895.470211,30,6.292095884
Arwal,250,15,294,6.116406983,468.3277719,32,31.53053208
Panchkula,145,51,260,6.046261936,399.9896544,29,29.52637961
Kollam,257,14,246,6.935619796,1378.405092,27,63.01014568
Bhagalpur,199,58,239,5.284996169,652.1222444,25,13.99127023
Wayanad,216,55,276,7.824370459,999.9061514,28,88.35241357
Kaithal,225,50,236,6.231383971,1513.378583,28,83.02658944
Purnia,243,66,198,6.033574428,1162.714706,24,65.55451615
Buxar,200,54,231,7.064271689,224.7488288,24,46.38296935
Khagaria,227,51,206,6.344495762,750.5178194,28,93.36264817
Araria,225,50,295,6.868379864,316.4360056,24,83.24390892
Buxar,202,51,289,5.965444856,1867.00619,23,50.43219966
Siwan,212,55,261,6.207094049,1630.367468,29,70.48546209
Bhagalpur,208,48,232,8.267016009,1970.915031,29,57.12606527
Sheohar,211,48,294,6.793601355,1793.197122,28,59.2062816
Rewari,214,43,139,6.048649455,1055.597637,28,33.76663087
Sirsa,218,41,284,6.247216148,1788.675531,25,46.74637586
Khagaria,195,45,203,5.287136042,1410.389504,22,8.734021648
Palwal,198,43,217,6.399913709,1144.279382,25,36.37752047
Jind,116,55,209,6.624596004,867.1628827,29,69.88702302
Thrissur,87,46,270,6.588241734,1425.739117,28,95.36838702
Hisar,190,54,246,6.195759201,1262.240161,26,96.34334716
Idukki,225,55,235,7.936221597,1305.532969,29,56.01656404
Kaithal,92,31,265,8.445244673,919.6963961,32,61.05560293
Bhagalpur,222,48,221,5.988315542,1530.767206,19,19.38639736
Samastipur,238,44,259,6.163614316,346.4169817,27,69.8355027
Jhajjar,242,55,259,7.739242542,1507.086133,33,7.995220475
Rewari,225,51,128,6.911652215,1515.370364,32,29.18388289
Banka,255,46,275,5.962719534,1128.698112,26,67.16797138
Rewari,208,45,292,6.486282521,673.9096705,32,31.72070302
Gurugram,108,42,266,6.5766287,1134.697726,26,5.934840537
North Goa,242,41,276,4.467506954,421.5551338,28,83.35517053
Buxar,206,41,77,6.513813574,713.2587957,26,31.72267071
Supaul,223,44,256,6.169983213,958.3397815,29,7.247417261
Khagaria,245,48,231,8.039259166,1411.820813,26,8.404028286
Rohtas,201,53,128,6.541800754,536.990182,30,25.92412108
East Champaran,225,52,241,6.535789086,484.7073531,29,18.62357877
Yamunanagar,226,40,301,6.675789355,1294.033452,29,77.65571166
North Goa,250,10,265,6.887606657,1423.181974,23,32.84672062
Katihar,214,43,235,6.442579826,350.5803551,26,80.66488272
Sheikhpura,209,52,279,4.638542066,259.6937302,29,18.21075378
Muzaffarpur,238,53,234,6.648083537,464.8697325,27,49.79503877
Nawada,201,63,215,5.184603472,1821.848063,29,69.11567622
Panchkula,205,11,307,6.507752399,1410.749363,28,65.54709453
Patna,186,52,199,6.18450349,1857.84664,24,60.51181158
Kasaragod,215,43,255,6.95693427,1396.486646,33,92.55733859
Jamui,230,57,280,7.946353641,1937.427033,32,23.62398962
Fatehabad,238,54,230,8.024061408,990.0320068,25,49.87820124
Gopalganj,206,28,194,7.118385109,1278.378089,25,88.51526246
Banka,162,58,185,5.754916035,1282.133812,27,8.711482794
Rohtas,195,55,237,6.875687673,205.6518496,25,6.532938557
Pathanamthitta,251,14,94,7.022012644,249.4180286,25,24.09692647
Mahendragarh,175,61,64,6.059709133,461.4773795,26,63.66910073
Jhajjar,198,60,229,6.065439131,1120.033199,26,26.72808302
Kannur,235,43,90,7.032573267,974.9477367,28,19.8337485
West Champaran,206,52,273,6.311243974,1171.548306,30,46.42142922
Rohtas,208,45,296,6.375203715,1640.883429,25,61.74620881
Jehanabad,207,49,267,6.323019024,1680.032501,29,25.60721299
Sheohar,147,47,270,6.702792726,1958.626736,27,30.76842749
Jamui,170,14,99,5.631521797,1203.58604,29,61.74237118
Munger,86,41,210,6.0210816,824.9878801,29,94.62810378
Yamunanagar,208,55,249,6.898859434,754.4498688,33,67.79943102
Sheohar,244,53,268,8.412971534,813.334838,29,78.50751021
Banka,214,50,216,6.647345026,782.8932835,23,37.31419938
Patna,142,66,194,5.289308668,907.2559542,28,27.95318158
Aurangabad,239,55,271,4.650573075,334.786558,31,45.97250658
Muzaffarpur,203,41,314,4.414762853,1340.178452,24,80.90615004
Jhajjar,222,43,245,6.467992293,1222.474202,23,46.17366454
Sheikhpura,229,53,273,7.052018128,1031.529607,23,84.82581547
Panipat,252,44,219,6.380651408,345.9895227,25,98.88842609
Fatehabad,228,14,232,6.740685015,367.7756471,28,8.130639907
Alappuzha,215,20,262,6.537575468,1181.189315,24,5.495605452
Samastipur,200,42,130,6.588398275,265.8446605,26,15.80938059
Jind,226,55,228,6.237808951,1504.620075,30,39.0525979
South Goa,238,41,303,6.688713452,1988.800656,29,13.97317871
Ambala,250,17,231,6.54813994,1275.332418,31,87.19578328
Gurugram,231,56,219,6.019937019,1502.176668,31,3.291478852
Kozhikode,250,14,287,7.068906968,990.0847864,27,32.26347892
West Champaran,236,10,140,7.411155547,1401.342196,29,19.28476832
Panipat,219,41,247,6.525378845,1373.204582,30,93.22239369
Pathanamthitta,233,44,293,6.778265369,1683.363613,26,67.27861948
Bhagalpur,250,51,196,7.956926254,1480.411254,25,91.29099539
Rohtak,230,57,294,6.962392297,1548.289179,27,97.26054232
Katihar,215,54,215,6.267813965,1201.944789,28,50.21272612
Muzaffarpur,193,46,148,6.121057615,1072.126885,32,24.1975917
Kottayam,198,56,74,6.042974059,1025.689689,26,20.17914983
Gaya,245,42,151,6.465761996,905.6196571,29,23.06896731
Gopalganj,195,62,252,6.685151213,678.849974,28,71.15073745
Ambala,229,45,241,6.782509955,259.9598788,24,5.004127084
Munger,214,18,243,6.117700952,1407.972139,26,6.08474623
Rohtak,196,46,201,8.135250204,1821.730151,24,61.2061513
Kozhikode,66,12,244,5.393384296,1874.868388,35,64.56365753
Sitamarhi,237,49,127,6.894452827,1245.011072,30,66.86102951
Rewari,244,42,118,6.407820274,369.4458949,33,37.81616995
Sheikhpura,243,51,195,6.135630424,1781.595753,28,80.78854398
Jehanabad,226,58,285,7.072575576,1545.940788,27,53.82883418
Lakhisarai,208,50,270,6.387589297,652.5398976,35,11.44109737
Panipat,192,46,85,6.340917307,1646.380894,28,79.9128314
North Goa,200,44,221,6.37576053,1049.614307,23,95.35371084
Siwan,191,43,254,6.095815709,1797.667601,27,6.943594987
Araria,235,41,238,6.774015672,645.699679,31,39.74378253
Araria,207,56,184,6.800273446,1641.630657,25,49.26408844
Bhiwani,224,43,239,6.704447628,1481.438568,29,15.50060525
Jehanabad,227,38,292,6.504284537,225.9941103,31,86.90318583
Darbhanga,252,60,218,5.393098954,1214.002296,30,29.13081484
East Champaran,193,10,269,5.9268881,1487.9617,30,78.51784545
Katihar,227,38,227,5.997198838,481.5394196,26,67.42845372
Bhagalpur,233,47,253,5.144992478,1157.418084,27,60.20653642
Saran,228,56,207,6.195455303,747.3402384,25,20.02214202
Gurugram,224,55,226,6.55444517,1453.255247,24,22.84964853
Sheohar,255,52,43,7.55911983,1172.251663,28,5.68749207
Darbhanga,248,49,205,6.824521207,1318.62439,27,24.83053055
Jind,206,14,278,6.189216322,330.5717072,27,35.19891734
Alappuzha,209,46,304,6.14341402,448.0312524,28,83.48138508
Gurugram,224,52,278,8.205451099,1193.760525,32,37.272874
Araria,125,38,239,6.75284511,526.1111876,28,75.70755649
Nawada,247,27,227,6.875800703,1097.644108,29,44.50478585
Araria,231,51,233,6.32392217,1442.052738,22,78.70196289
Bhiwani,204,43,74,6.060734582,1657.589076,28,97.65088844
Gopalganj,196,42,279,8.452104782,457.4122508,23,24.74431425
Hisar,227,42,276,7.827130715,1535.381961,33,86.37181958
Rewari,232,8,257,7.0543821,853.734952,29,62.56058454
Aurangabad,140,36,292,4.730740065,1422.079346,26,81.9121319
Panchkula,238,8,235,6.912503687,461.5123387,32,65.50700432
Thrissur,240,11,236,6.574458306,1127.315327,23,42.97100122
Nawada,232,41,253,6.965304642,1707.612096,25,23.579419
Rewari,65,57,226,6.880990281,391.5765554,25,7.933487308
Mahendragarh,136,51,280,6.859265328,1689.825365,31,54.01631808
Muzaffarpur,248,53,71,6.474284018,1014.983112,29,99.04228336
Gurugram,213,25,205,6.893769003,1681.888885,28,74.0661387
Rohtak,206,60,287,7.064470332,1925.097878,29,33.4072086
Sheikhpura,180,29,156,8.434402933,487.3746967,27,82.89327521
Fatehabad,251,42,255,6.838823914,1414.225297,30,77.12941602
Aurangabad,238,53,298,6.164669524,623.173617,30,28.88194354
Bhojpur,118,49,238,6.33854679,443.9976957,25,2.41644149
Bhojpur,201,56,275,6.133463652,1330.548673,28,12.69810121
Thiruvananthapuram,238,42,121,6.074181093,394.3705384,26,87.85331284
North Goa,195,57,108,6.386872583,1037.310626,22,83.8197405
Bhagalpur,232,47,203,6.60072175,1344.717813,28,30.22569109
Kozhikode,209,58,258,8.32898929,1099.33531,25,29.2343472
Hisar,249,60,282,4.943330455,1454.724699,30,79.49363372
Sheikhpura,231,50,303,4.881649439,1642.541605,28,93.83600952
Kozhikode,228,10,192,6.73276988,1770.043561,34,78.13458842
Rohtas,203,54,258,6.642795092,1207.77006,28,60.95228903
Buxar,147,18,297,6.534777161,697.9348476,29,25.02446368
Araria,235,4,225,6.570814294,1117.391363,25,53.0490435
Kasaragod,212,50,265,6.22015247,897.8394933,28,24.117674
Aurangabad,201,55,277,7.483724936,606.6660612,29,80.99313059
Samastipur,231,36,222,6.496623516,1152.321188,28,39.30914687
Hisar,210,46,238,6.487467976,240.778753,25,83.53602448
Sheikhpura,219,58,302,8.23927903,1290.016819,26,38.77931258
Arwal,237,58,264,6.304182463,1678.886828,28,82.59079111
Kishanganj,236,45,286,5.294941217,1998.984297,27,33.9984637
Panipat,222,19,251,6.470007399,1859.022335,28,44.57313776
Kurukshetra,202,19,248,6.419230628,361.6686489,32,61.93335351
Sirsa,239,53,294,6.464733274,492.3728835,25,7.958473789
Kurukshetra,227,43,230,6.24799042,449.5603211,24,94.87249912
East Champaran,231,45,203,6.521292265,1205.032795,20,57.78697283
Patna,253,40,203,6.498258164,282.6847391,33,51.27418145
Jehanabad,223,53,278,6.633662159,1886.586921,30,84.10000314
Aurangabad,201,53,317,6.517503177,311.3060065,26,86.71051026
Kollam,203,55,251,6.687407245,904.2509996,28,52.70378005
Yamunanagar,85,5,144,4.927803473,1809.145672,28,92.79897025
Sonipat,235,54,209,8.300111473,1907.080977,27,7.409038842
Madhepura,238,46,247,8.306330859,1037.523414,27,12.20935343
Rewari,268,49,283,4.574005311,1079.176785,25,60.08203477
Munger,207,46,218,8.324090031,1345.118769,29,36.05252032
Supaul,233,57,243,5.986063692,933.7498433,23,46.95829145
Sitamarhi,233,46,203,5.376485285,784.3903479,25,33.47984257
Lakhisarai,194,46,274,5.274660964,1530.968622,26,41.06780583
Rewari,141,18,280,4.951176529,1271.644948,31,82.44198837
Bhagalpur,200,41,297,6.486118139,1067.00797,28,59.75414379
Aurangabad,217,61,184,4.985013377,381.4172032,27,99.73711038
Muzaffarpur,223,53,261,8.13631335,323.950916,28,78.90104058
Kasaragod,194,48,281,7.127416434,1119.467406,27,28.09295916
Jind,240,46,290,6.134207863,1314.977096,27,27.17016665
Purnia,228,39,276,6.922939855,1383.521103,25,34.25392874
Lakhisarai,231,15,240,6.621114244,1810.802194,32,84.48268858
Sitamarhi,217,59,242,6.677818991,1669.204755,34,3.701477414
Bhiwani,234,40,218,6.004964753,453.37203,27,23.78794661
Yamunanagar,214,24,274,6.345005181,1629.975726,29,90.58692361
Gopalganj,206,14,287,6.61173242,1417.345658,26,64.34974717
North Goa,250,40,239,6.180445773,1690.45201,29,23.45786245
Ambala,216,56,229,6.170891416,1718.038277,28,22.69535186
East Champaran,243,53,236,4.693404609,821.9586508,28,86.39919207
Idukki,221,55,285,6.627862078,673.8839535,28,89.48199332
Munger,257,22,130,7.624975739,1194.741251,26,26.35697801
Rewari,127,41,220,6.559660721,737.4938385,26,42.63052545
Rohtak,227,43,224,6.904176817,829.4336121,24,83.62497812
Karnal,230,41,258,6.153926328,324.4881178,27,77.32973642
Saharsa,185,49,271,7.171208271,1984.454705,28,81.57769455
Kozhikode,103,40,277,5.42638158,756.734527,26,52.32142089
Panipat,214,19,231,6.316761764,1604.131976,28,91.24335578
Madhepura,241,37,224,6.783637361,1987.68493,26,33.26920285
South Goa,220,47,148,6.794765826,1944.42683,27,16.5105413
Faridabad,220,51,313,6.265044158,1340.98967,26,71.16450092
Sheikhpura,208,38,119,6.949892796,1169.59061,24,54.39608718
Samastipur,60,43,189,6.085357287,756.6976907,27,85.60399111
Alappuzha,96,54,218,6.343049865,1750.712108,26,9.034765663
Banka,228,46,270,6.62289079,808.3912598,29,84.52554794
Rewari,197,49,235,8.414196165,392.1028324,27,30.03617067
Kollam,201,50,82,6.609592915,729.3771044,29,65.83071105
South Goa,212,13,290,6.287759909,767.175187,30,4.972750119
Muzaffarpur,214,46,316,8.410328624,1493.27367,31,61.34854833
Saran,185,44,250,4.415882484,505.1755257,26,72.00989723
Kollam,248,46,240,6.23416709,770.3538206,26,37.50627124
Panipat,206,43,73,7.086535399,337.8555641,32,22.32565982
Madhubani,242,58,199,6.585188638,1727.122081,25,54.22543698
Araria,241,55,196,6.949763907,1504.595814,28,83.48588964
Kannur,57,52,294,6.722482298,987.4766058,28,33.03118847
Panchkula,226,34,66,4.928752467,974.027479,29,25.99446045
Ambala,210,40,236,5.451097913,499.4692365,27,28.61459556
Patna,162,48,155,8.213871941,892.0516253,30,94.96408314
Bhojpur,223,48,213,6.473818576,1832.285314,25,36.56841466
Arwal,117,51,34,6.129989574,449.5844416,24,1.356819749
Saran,202,56,246,8.345794331,1577.051088,25,78.38643959
Lakhisarai,130,59,306,6.298154544,284.9164849,30,70.22820474
Kurukshetra,232,42,298,6.595749322,761.0231891,29,13.7282582
Kasaragod,262,44,267,6.737670005,1724.487592,28,98.50552066
Jhajjar,242,12,210,6.538418974,1000.970691,25,61.19816625
Begusarai,234,53,286,7.713730944,1464.849274,26,50.5771696
Saran,226,52,183,6.878388967,386.3751655,25,38.83970749
West Champaran,233,49,80,6.278583532,1430.166333,26,89.9686028
Rohtas,181,55,209,6.621264196,1674.237159,30,25.15238466
Thrissur,223,20,265,4.674907435,1649.442554,23,29.29112112
Araria,146,47,262,5.78561802,989.9655535,29,13.11866986
Rohtas,210,10,297,6.914457498,1827.454157,28,76.15279046
Bhiwani,200,54,69,7.140985613,1234.954957,28,59.95937876
Mahendragarh,221,56,270,6.437260472,1672.169139,28,61.29755076
Sheikhpura,207,49,284,6.100067708,584.2267594,27,22.62857267
Thrissur,259,41,282,6.19577899,578.4329239,28,65.46567052
Katihar,231,25,241,6.751669973,1557.851952,28,76.78038628
Muzaffarpur,233,44,288,6.45265408,1363.943227,26,36.43096454
Charkhi Dadri,219,55,146,6.283105989,1417.357799,24,80.33336725
Darbhanga,233,56,109,6.756370825,625.8265103,32,35.53026826
Kozhikode,243,41,67,5.938700176,919.3207417,26,76.05570769
Charkhi Dadri,203,36,199,8.026072186,665.0834425,27,4.339280638
Palakkad,203,49,227,6.723859627,322.6266731,25,55.56529555
Gopalganj,213,53,226,6.760807068,567.0941366,26,96.9831295
Nalanda,234,43,251,7.988917244,1991.295731,29,98.14321547
Pathanamthitta,242,13,308,6.774763824,621.2755028,25,28.89350526
Arwal,227,41,240,6.553696666,486.7278263,25,44.69851002
Ernakulam,217,52,58,6.116440098,1454.378237,31,7.234812891
Panchkula,244,50,243,6.17450263,1283.859984,25,87.46078945
Saharsa,218,41,269,6.000511999,1542.823519,31,57.28864316
Madhubani,232,57,213,6.860157753,1376.611573,30,39.12496722
Rohtak,230,43,137,6.133757799,601.3881108,31,12.16428529
Lakhisarai,116,47,236,6.099583712,1101.630875,25,94.72996126
Vaishali,215,45,120,6.867408355,517.9570588,32,53.49168573
Rewari,147,52,288,6.056734271,656.3682716,23,29.00986498
Faridabad,207,57,245,6.662659998,1976.451768,27,35.67129788
Yamunanagar,239,38,288,7.967571608,1511.623895,27,27.79902091
Khagaria,244,54,203,7.023824395,1609.130855,29,60.57917108
Sitamarhi,229,58,220,6.469996309,254.1064882,27,93.066394
Jhajjar,242,58,317,4.584312392,887.8410917,28,85.81268653
Palwal,236,43,291,6.313305288,1199.447979,26,46.57770667
Sirsa,107,45,243,5.943362954,469.4132366,26,82.82343687
Faridabad,193,56,293,6.031895414,1727.383559,26,42.88744265
Pathanamthitta,244,51,305,6.852446317,451.2803777,29,25.97840694
Panchkula,196,52,221,6.482888647,1345.709846,25,98.35809641
Supaul,216,46,204,4.875092079,1195.736972,30,31.08486923
Gurugram,129,50,228,6.700099877,1728.763768,26,33.04869887
Samastipur,106,49,263,6.786685874,761.2593043,27,98.97959391
Kurukshetra,210,59,258,6.350879907,711.350675,25,14.25882182
South Goa,212,48,280,6.627681706,1723.543597,28,76.29286481
Begusarai,244,63,273,6.767446256,598.5305135,35,93.64546309
Supaul,217,53,247,6.807493462,1542.874514,34,51.66770443
Purnia,218,51,239,6.245994513,544.0625426,26,1.249654409
Kasaragod,100,54,244,6.704779756,1776.251743,28,38.13083547
Ernakulam,238,39,290,6.404770184,1710.314376,28,12.04533025
Lakhisarai,222,46,260,6.53373194,1617.433489,26,42.20257843
Begusarai,241,8,320,6.296721019,1084.648304,31,79.2126494
Gaya,192,61,291,6.436947313,260.9105981,27,44.43244334
Rohtak,244,56,210,7.507713449,438.4373641,29,43.76058701
Charkhi Dadri,209,21,291,7.128705275,1021.889185,32,56.12215821
West Champaran,214,49,314,6.874007472,278.5657599,24,58.58736789
Siwan,236,54,87,6.942906843,314.2503973,28,85.77333457
Kurukshetra,191,11,253,6.029910451,425.9069079,28,31.52718848
West Champaran,235,56,205,7.94680438,669.5240556,32,82.34545517
Kasaragod,239,45,62,6.108209217,1548.781021,26,57.02744112
Kottayam,115,20,320,5.569050377,286.3683106,28,30.75242542
Aurangabad,257,55,105,5.967300812,1970.550912,25,30.21747836
Rohtas,218,52,252,8.140909256,692.8931371,31,36.75261419
Siwan,201,41,271,6.466033761,776.3560005,25,62.64663102
Banka,229,49,54,6.905441387,646.1927981,30,23.8503614
Thrissur,230,10,304,6.72867407,1284.303404,28,92.11302261
Panchkula,213,54,198,6.502472475,234.967929,30,57.91634583
Darbhanga,249,53,245,7.917821773,368.4251463,27,92.08156192
Nalanda,237,52,299,6.664160141,377.7993903,26,5.594031499
Saharsa,217,57,69,6.25636122,1396.158366,26,34.91852568
Siwan,210,43,262,6.62892959,793.1391277,25,3.257958408
Banka,230,54,227,6.661171966,987.4895375,27,27.95292969
Nuh,216,39,137,6.660639409,1909.952036,29,86.33864075
Kishanganj,246,50,259,4.494255828,560.0771783,27,4.624361868
Karnal,212,44,265,6.115517582,326.354219,30,44.17856289
Nawada,221,51,296,6.992465768,994.5618132,28,12.63913998
Kollam,230,56,205,6.932450496,495.3317823,22,42.26722527
Vaishali,216,11,277,6.800197074,460.3828673,32,84.04630684
Gurugram,222,55,192,7.817205754,938.2377495,28,62.68403231
Hisar,256,51,289,6.086396107,1405.372081,28,73.93887819
Pathanamthitta,188,49,251,4.865338203,637.1334208,29,35.56130743
Palwal,225,54,287,6.498195067,1776.735011,27,94.49537181
Gaya,250,40,63,6.504265118,852.4063045,31,71.21694728
Kurukshetra,243,56,220,6.534668885,1881.286872,28,42.75808311
Yamunanagar,220,51,270,6.28165535,1086.311501,25,43.22001522
Kaimur,132,11,244,7.425395953,1508.128208,33,91.94973362
Nuh,174,23,63,5.84657553,1728.230347,28,58.06406465
Pathanamthitta,231,49,239,7.852392923,1153.495775,31,70.93154178
Supaul,198,52,261,6.834505105,1730.582212,26,42.28648723
Sheohar,220,42,226,6.334501359,880.367216,29,23.14558371
Kollam,231,40,149,6.155718274,854.1273339,26,72.63236991
Munger,209,59,273,6.211004924,1629.314102,26,61.17455344
Ambala,235,56,240,6.796007591,634.2855045,32,50.63294516
Darbhanga,209,50,293,6.227391324,1490.669284,25,62.77807306
Sheohar,249,42,205,6.180622345,338.7565228,35,21.62027302
Siwan,231,47,273,6.703683076,1344.125115,26,79.59993195
Faridabad,232,40,233,7.880651456,1895.437487,30,94.8681177
Bhiwani,240,42,229,6.870736757,1021.638596,20,89.21921127
Fatehabad,226,49,249,6.783064129,948.7370265,24,32.82213879
Madhepura,261,16,224,6.167538409,1172.973552,29,41.19457155
Kaithal,62,52,193,6.772399276,1495.218934,27,81.03182768
Sirsa,227,50,213,4.584199021,845.9053565,30,59.91659595
Jehanabad,219,56,272,6.050668888,200.2340203,26,55.24352992
Kaithal,83,23,243,5.751499476,1103.752478,23,92.73755479
Thrissur,247,55,236,4.757142185,954.700689,30,54.06647114
Karnal,207,58,268,6.902177705,1158.865511,27,51.97892928
Kurukshetra,234,47,106,6.593844948,1487.562106,31,5.159840535
West Champaran,211,47,261,6.173395557,710.1038949,30,7.8722789
Hisar,252,24,207,6.530102569,1109.467418,28,1.73461048
Kurukshetra,226,59,204,4.621814489,656.0997505,29,91.41117835
Jind,229,54,231,5.547052355,1026.823946,28,41.43027934
Jamui,229,59,140,6.416335135,820.1703921,29,47.38757624
Darbhanga,237,41,235,6.492606733,864.2743414,24,84.69330781
Malappuram,251,44,236,6.36511042,1242.849891,27,61.31538473
Bhojpur,94,10,278,8.068414373,1441.299785,28,61.34065804
Bhiwani,99,56,235,6.797895669,222.7852953,28,30.35690851
Samastipur,258,54,264,6.45218589,1777.954231,29,83.55692902
Banka,231,40,312,5.074672189,855.8037354,31,17.41716763
Kasaragod,203,42,226,6.416311382,1358.498581,30,6.261809625
Sonipat,153,28,318,5.614398757,420.3063743,30,19.96873239
Malappuram,111,44,287,6.540416497,1228.620945,27,27.50598466
Darbhanga,229,45,269,6.261221696,1421.227155,28,28.94879473
Araria,234,24,222,6.26946436,483.3884824,33,67.38084626
Saran,241,47,248,4.758263613,1841.878647,19,22.56463415
Karnal,98,52,303,6.623062759,1563.439533,26,67.98917215
South Goa,111,55,207,6.429003688,1161.055209,23,10.02208515
Araria,233,45,226,6.114948831,498.9188647,26,15.57304365
Hisar,245,58,208,6.93113941,1757.992465,28,51.3733234
Fatehabad,216,50,247,5.265679544,323.5267437,28,92.26768446
Madhepura,216,59,238,5.186990626,407.3088044,27,86.09719129
Gaya,251,58,92,6.957912458,1456.713628,33,96.9065908
Bhojpur,105,51,239,6.7775889,656.9495328,30,65.39742746
Nuh,231,8,236,6.610228752,1026.772219,29,67.90567178
Buxar,209,57,140,5.984870515,1170.038221,30,62.87727689
Jehanabad,61,32,175,8.336983227,1024.821486,26,62.65907336
Idukki,216,5,276,6.677938901,351.0085818,30,15.56491416
Rewari,240,61,237,6.364586168,1527.45399,32,54.83015666
Gopalganj,259,43,314,6.390968865,631.982374,29,39.22072541
Gurugram,236,57,230,6.187940965,1529.357026,27,44.81118436
Thiruvananthapuram,221,44,265,5.49795726,1757.523414,25,52.83645673
North Goa,224,53,296,6.013193786,1165.472886,26,13.71122101
Kaithal,103,40,165,5.408217698,1471.477589,29,36.58928565
Jind,219,45,243,6.471823578,266.4880149,30,7.281506527
Darbhanga,223,42,304,6.579057269,266.1466107,25,97.98714491
East Champaran,217,41,213,6.00676897,554.8921201,27,12.73427485
Jind,222,52,204,6.957643702,845.0899247,27,26.59394912
Kurukshetra,230,45,272,5.207932217,529.0109214,25,89.23799974
Samastipur,214,38,275,6.067028246,1342.928485,29,48.78829458
Jind,249,41,319,7.005866028,698.3977105,29,14.42808295
Bhagalpur,221,48,201,7.546831846,1722.351846,26,39.03882327
Fatehabad,219,46,243,6.902499623,1209.086839,24,12.47093142
Charkhi Dadri,78,18,57,8.17259425,880.5431599,23,20.82138371
Kannur,243,48,242,6.919548723,1807.5407,30,6.150954848
Idukki,206,59,243,6.803989738,1691.053511,27,44.38452196
Jhajjar,194,60,243,6.644447297,1676.063263,32,80.85697605
Kannur,222,48,254,6.257068836,1511.032248,27,59.01094869
Banka,194,44,212,6.463492285,1305.585806,27,61.02818524
East Champaran,211,51,283,6.24812541,860.2821186,25,20.85781898
Panchkula,134,42,271,7.036148599,960.6807678,24,35.04549048
Sheohar,187,55,259,7.8143411,1364.823187,26,84.67896828
Bhagalpur,226,48,190,6.25943429,511.1683987,31,9.697762248
Jamui,260,57,219,8.435502378,1690.066319,32,85.93513471
Kaithal,247,53,293,6.384247779,1889.606397,28,48.8853126
Nawada,197,47,259,6.664875947,376.3794911,25,83.8775957
Sheohar,62,18,273,8.324320141,240.4202259,21,32.48263552
Ambala,241,42,275,6.60828511,456.8603143,25,34.54545221
Sonipat,220,61,67,6.850650568,1567.824689,28,75.40888196
Munger,217,55,83,6.561101129,394.0878063,30,78.71462117
Ernakulam,233,63,213,5.349279862,870.0492001,29,23.73482312
Ernakulam,83,54,242,6.186025199,313.6225087,25,97.31426116
Vaishali,218,15,252,6.956157217,978.6029043,28,9.36452032
Madhepura,254,51,254,7.883894509,1286.946324,28,7.781793347
Katihar,230,48,243,6.643826779,1331.31728,31,59.95491731
West Champaran,226,41,275,6.290469521,1134.047623,31,72.55133601
Supaul,196,40,227,5.45223564,1888.59424,31,96.12772679
Kaimur,228,44,156,6.487361835,1156.045755,30,41.0896323
Saran,185,52,255,7.146846736,1746.628441,28,3.50384949
Thrissur,74,31,95,4.659303909,1987.446341,29,60.68673761
East Champaran,241,51,237,5.330491585,613.5417167,32,29.67990604
Sitamarhi,192,10,226,6.822884541,677.9637498,25,43.861765
Malappuram,92,53,236,6.290015253,1139.36516,27,49.35847874
Lakhisarai,214,47,288,6.773063912,528.2810887,30,7.386748463
Sheikhpura,197,40,307,6.013785404,1215.425123,24,49.11219667
Faridabad,212,36,246,5.064350376,1431.901832,28,43.20564701
Vaishali,78,51,306,6.894646487,308.7155882,29,71.54188226
Wayanad,210,50,294,6.939994564,1426.510825,25,64.92092521
Malappuram,204,22,300,6.623786203,487.040347,26,19.3363561
Kottayam,231,52,112,6.344682015,738.7734935,31,21.4077529
Fatehabad,251,45,251,6.260313195,1529.857679,26,25.8496117
Ernakulam,235,50,201,5.977617191,494.4619928,21,18.71609359
Karnal,252,50,210,6.478080323,1157.029487,29,66.06410677
Panipat,231,57,271,5.911461729,1260.515551,30,99.44858774
Munger,77,53,276,6.440135581,495.8441717,29,65.55872571
Arwal,198,44,286,6.216557761,694.6066022,27,61.06147307
Madhepura,226,50,274,6.306021113,1291.635059,23,41.5828654
Rohtak,223,47,265,6.434541562,1030.157314,30,31.94544563
Ambala,220,49,256,6.798148185,1387.966401,27,91.19630193
Supaul,225,50,229,6.619446418,1738.490386,29,96.93118554
Supaul,123,17,309,8.141091664,443.0612431,28,50.18084138
Bhagalpur,233,39,258,6.541101794,327.1388852,22,29.72984906
Kottayam,247,47,56,6.839797955,1400.107824,31,77.24209856
Jhajjar,220,53,256,6.331594887,1587.158565,28,14.1132223
Darbhanga,209,47,232,6.611525148,1008.75258,25,76.79323553
Malappuram,236,59,263,7.780208323,909.0370454,26,82.07588906
Gaya,232,56,279,5.406237315,1274.189343,25,13.36549052
Kaimur,207,11,213,6.657727131,1192.617114,28,97.70928541
Arwal,132,31,119,4.751587756,1082.307244,25,98.56571675
Arwal,115,32,108,6.635324755,1673.669231,24,93.73522845
Panchkula,229,57,118,6.504035466,512.3008281,35,50.10744613
Jehanabad,218,40,249,6.696911587,1426.176041,27,25.36134009
Araria,132,20,29,4.405383527,1534.411531,27,58.61891881
Kollam,212,52,231,6.838169252,1822.343619,30,42.57345001
Malappuram,239,46,227,7.843111518,1901.180365,30,21.38891583
Samastipur,198,40,289,6.257903978,1114.158131,23,42.94396455
Madhubani,249,10,273,6.767766755,980.5520291,24,66.72509373
Palwal,240,56,211,4.81107922,1107.035415,27,8.020417768
Thrissur,207,9,250,7.021895236,1518.642673,25,34.00838214
Alappuzha,221,10,210,6.723275173,230.9084638,31,2.761694111
Banka,243,25,278,7.666269244,513.4590838,30,75.20005504
Patna,50,30,296,6.877475599,1833.799378,28,64.42843549
Buxar,85,42,197,6.318599889,551.7824245,28,7.204541335
Kishanganj,88,6,63,5.986745384,611.2700438,26,96.5090184
Wayanad,217,52,260,5.877311694,1891.035806,27,3.239534156
Kannur,222,53,228,4.80433993,729.7045827,21,59.406104
Gopalganj,234,55,73,6.048691801,722.7969337,28,77.86037872
Bhiwani,241,41,222,6.686261035,1862.675921,25,79.00173499
Hisar,86,46,241,5.991559913,875.1475892,24,4.394228424
Jamui,218,48,284,6.853159152,1089.095635,26,90.73509813
Sirsa,228,48,195,6.134030927,1208.733219,31,91.92671552
Muzaffarpur,58,44,284,6.627028443,1762.90846,25,56.57764694
Fatehabad,228,42,108,6.274313629,339.6285698,28,48.72623669
Ambala,200,44,277,6.904112783,669.5412234,27,5.441878843
Yamunanagar,224,52,278,6.92262339,1256.614574,28,56.63346011
Kottayam,223,47,314,6.28880838,982.3029959,30,41.5285291
Nuh,246,59,188,7.624295304,700.9053385,24,77.50783433
Vaishali,197,46,239,6.869499258,937.3560668,22,40.98447312
Supaul,224,60,105,6.774055869,1939.236744,30,68.6745025
Sonipat,240,52,281,6.406130345,237.8586171,29,11.03940648
Khagaria,227,58,243,6.394901216,464.5541049,29,14.16227481
Vaishali,243,52,255,6.296335878,233.5793017,27,14.83130887
Kottayam,234,55,214,6.453190376,1268.113986,35,5.50702448
Mahendragarh,212,42,258,4.907606723,223.2863754,31,54.59155707
Madhepura,144,57,224,5.930227925,1017.228757,28,79.60280488
Thrissur,201,48,257,6.542305858,1746.553181,27,61.43070917
Munger,204,58,108,6.637140504,374.9689814,29,57.92053367
Palwal,236,45,298,6.426720953,857.3132999,32,68.38176891
Kollam,139,15,161,6.296773417,880.396258,28,34.62488698
Kottayam,228,51,260,4.717341298,852.057675,25,36.83345309
Saharsa,87,45,248,6.812000482,1509.431681,28,32.11273972
Kishanganj,101,42,211,6.288408939,207.9372781,31,71.49878435
Bhagalpur,243,43,306,7.110466081,1603.937134,28,17.00239323
Gaya,234,55,229,6.73460612,1710.274405,28,2.289502751
Munger,124,57,203,6.257254361,976.6344156,30,60.02344823
Jhajjar,212,39,233,4.797561694,1796.882592,29,94.29575511
Lakhisarai,121,45,204,5.956401042,885.8702241,28,61.33138378
Palwal,215,56,256,6.924628118,1450.501008,28,78.50924364
Rewari,224,56,235,6.024699755,899.8847844,25,67.60628024
Sheohar,212,40,55,6.58846904,268.1181578,32,50.2462287
Siwan,239,60,278,6.483427229,350.1674714,30,72.12084778
Kottayam,222,45,246,6.775304065,995.6889483,29,82.58630826
Idukki,219,40,288,6.951918807,1982.172968,31,23.24843277
Katihar,271,18,255,6.297665501,519.6023456,27,34.27691757
Araria,120,51,264,6.842475311,1812.047523,26,23.14884752
Jhajjar,214,53,239,8.436084545,1854.909537,25,45.7651226
Nalanda,94,50,264,6.791379769,937.3678733,25,88.62139054
Buxar,226,25,212,6.376252743,1031.285877,22,35.17550298
Saharsa,235,58,106,6.428679103,1105.076796,30,38.07222202
Kurukshetra,235,36,247,6.482350224,1586.732327,26,86.17635623
Kaimur,227,53,282,6.307279424,422.7038611,33,52.02205874
Kollam,85,64,247,5.773747319,791.5470825,24,54.00945097
Jamui,197,59,233,6.300857936,507.2642087,27,86.21931913
Ambala,218,48,268,6.695887863,1781.145472,27,49.56214697
Jamui,210,58,244,7.547889786,326.9325358,22,68.47419593
Aurangabad,143,53,300,7.125370651,1545.867474,35,9.478821922
Jehanabad,253,58,230,6.501491692,991.5340982,28,18.6845396
Gurugram,79,57,197,6.846819707,1486.287464,28,41.03324387
Malappuram,218,41,219,8.295766151,1801.811464,23,49.98906771
Kottayam,227,55,89,6.334573968,811.3921662,25,96.60763642
Pathanamthitta,255,52,231,6.677431878,608.6025144,29,97.09451167
Buxar,207,53,252,6.858179157,1370.39347,31,85.26851166
Khagaria,71,60,229,6.86045594,1995.546498,30,32.24428469
Banka,244,43,232,6.217317862,1513.11515,19,96.43880079
Khagaria,220,49,303,6.026774037,1632.120334,27,69.2447456
Saharsa,235,50,278,6.716831905,1333.743013,25,39.90107265
Madhubani,229,55,212,6.618604745,862.7302214,27,70.46581678
Pathanamthitta,239,60,281,6.388495938,1378.359715,25,2.635750249
Darbhanga,241,44,214,6.546624033,431.3904162,26,15.46931355
Fatehabad,249,60,238,7.009213145,1079.872472,27,83.13888544
Darbhanga,263,49,250,8.087090488,1231.504816,29,64.91179005
Saran,204,60,247,5.240498207,1832.149977,27,37.05527543
Panchkula,232,60,304,6.095864115,1855.494796,26,50.56599738
Rohtas,87,46,255,6.578976984,308.2241174,27,90.60907281
Sheohar,215,53,265,6.462352448,1337.386031,20,63.52623284
Rohtas,248,49,225,6.320189694,1633.503341,28,40.41677911
Kurukshetra,239,63,281,6.345988251,1165.607197,31,12.91233908
Ambala,270,27,203,7.067098758,372.2062817,26,30.08093336
Araria,245,51,269,6.879471552,618.9127642,25,97.85568305
Panchkula,220,53,272,5.050642636,764.5591479,29,44.29894322
Kottayam,220,55,285,6.331798775,1393.038939,25,47.71210692
Saharsa,214,13,262,6.351080305,318.0412843,27,50.36120521
Sonipat,232,45,220,7.723223701,1189.316211,25,88.52629827
Kottayam,233,44,196,6.176450642,396.0820516,25,60.78890015
Kishanganj,219,51,280,6.748593765,911.2156182,32,69.67402661
Munger,219,58,208,6.923225053,966.0013102,29,39.55194071
Saran,228,23,311,6.488083817,1013.308136,29,3.87967424
Aurangabad,252,59,260,6.290577863,1479.564869,28,93.16631851
Patna,221,28,137,5.543646125,346.1535518,22,94.96364041
Begusarai,220,57,298,6.540663065,682.8361772,27,94.96615228
Sitamarhi,244,42,259,6.884982858,1354.033593,24,94.42502158
Khagaria,185,52,78,6.300267207,1898.418002,26,81.70895217
Kishanganj,255,48,227,7.986559414,1317.435492,29,68.77500896
Charkhi Dadri,210,53,237,6.741893253,1790.059003,28,84.60648191
Jehanabad,197,53,251,6.713114668,1943.130652,29,60.45407766
Alappuzha,231,55,223,5.18368798,1791.027783,24,14.30259178
Araria,249,51,278,6.465562419,1949.972376,23,39.73059834
Saharsa,60,43,269,5.331054582,1598.674593,27,97.15819629
Rohtas,103,17,198,5.552680683,1796.881484,28,35.76264355
Darbhanga,149,40,208,6.826138224,1084.612772,29,86.91496346
East Champaran,225,49,254,6.179479934,821.7903139,28,10.22793561
Madhubani,197,11,287,5.970063057,1999.479134,27,34.0842004
Muzaffarpur,250,43,244,6.903977148,375.9678272,25,35.74437915
Yamunanagar,205,44,250,6.701147341,1924.757557,30,6.108651768
Muzaffarpur,142,52,292,6.756174961,975.5737401,25,12.79033869
Jhajjar,100,52,240,6.92907305,240.2899605,29,20.1233559
Panipat,211,45,115,6.773356898,1645.429574,21,83.94374349
Thiruvananthapuram,224,40,126,6.873282087,999.5900376,30,7.276797004
Buxar,208,51,62,6.561071136,1637.63504,29,30.57138923
Khagaria,55,56,315,4.496475293,280.6696468,28,2.007325256
Kozhikode,244,45,282,6.51669144,1953.463703,30,69.86714679
Panchkula,36,50,296,6.956803114,1407.868319,29,62.41000591
South Goa,208,43,251,6.949892765,286.3931262,28,64.85324394
Samastipur,244,58,211,6.319918231,208.3641972,26,38.06389569
Palwal,115,39,289,6.24698624,1269.202843,30,21.61851431
Ambala,242,59,66,6.245301134,1957.698738,32,72.31170112
Kasaragod,49,40,230,6.748251842,1143.199081,25,81.3006694
Siwan,238,59,216,6.464125039,837.0098857,28,14.72154831
Sonipat,244,44,210,6.47380099,1890.066684,27,49.19611337
Buxar,202,37,263,6.010295542,1971.116502,28,25.62285252
Muzaffarpur,238,58,201,5.998554662,1612.072651,27,17.64257926
Jhajjar,254,43,204,6.270348774,1492.246557,25,73.69820604
Saharsa,219,57,55,6.62683586,203.7146643,25,54.27159661
Palwal,217,52,243,6.063838606,764.6287754,30,22.40234791
Banka,193,55,199,6.104709149,1865.317241,29,31.69000111
Bhojpur,221,13,241,6.407305524,862.6444541,27,96.69871346
Sirsa,207,52,240,5.103546818,802.2432262,24,85.01927691
Araria,228,52,209,6.520414562,1166.925181,21,88.11472754
Thrissur,96,56,288,6.029024224,1006.015451,30,46.54119761
Panipat,211,53,263,6.190076593,1745.836182,28,62.75691913
Gopalganj,155,52,206,6.156609581,347.0529236,27,38.30000628
Wayanad,228,51,267,5.278871326,1385.748835,32,8.693485593
Madhubani,229,45,227,6.46627223,1454.942337,25,40.70586176
South Goa,177,41,260,5.398040406,1784.202972,26,59.80409457
Kollam,244,54,122,6.709960993,948.411928,28,29.42728281
Panchkula,127,43,297,6.93609061,731.0096185,35,84.9471069
Saharsa,242,56,290,8.328875872,1327.809552,28,15.95891576
Gurugram,227,53,207,6.121165058,1504.865126,28,37.34577985
Kozhikode,53,45,242,8.36416915,507.762698,24,13.36548663
Rohtas,188,18,286,6.366785669,484.6945245,29,41.07838126
Sirsa,230,17,237,6.179238743,674.4856527,29,4.926469192
Jhajjar,216,57,234,6.956525135,646.2511774,24,27.98239011
Ernakulam,51,63,225,6.618360588,1551.177392,26,40.67279026
Sheikhpura,233,45,274,6.911655463,1155.264676,33,48.33837096
North Goa,225,57,220,6.812895746,1186.023536,28,54.82593949
Kaithal,222,52,268,6.45529395,226.4638987,28,28.22412185
Kishanganj,237,46,264,6.690950405,1989.663544,23,52.78109213
Rewari,230,42,295,6.706005211,1693.62214,28,51.39145753
Kollam,231,40,232,6.728999075,998.5960926,24,32.30162704
Thrissur,245,45,218,6.238538571,320.3879946,28,83.18983273
Yamunanagar,232,59,283,8.051223754,1449.718368,27,55.01847153
Nawada,247,10,291,6.189959883,1163.083058,32,33.89470216
Jhajjar,237,60,233,8.206130118,1419.570029,25,94.7865127
Vaishali,216,59,266,5.121408444,1419.639465,35,84.66612889
West Champaran,225,41,238,6.530177507,478.5218543,29,98.27619334
Arwal,218,41,213,6.047328248,791.857733,30,69.53115359
Samastipur,213,51,79,7.073587927,231.9680913,24,38.44406765
Kishanganj,242,43,308,7.556180749,1968.073083,32,28.805206
Jhajjar,80,47,240,6.248119954,1651.637887,30,66.66846652
Nalanda,225,45,253,8.30880814,1871.855406,32,98.10084167
Charkhi Dadri,240,43,215,4.718344928,279.4351469,25,63.04479293
Rohtak,246,47,235,7.958226209,1100.624593,25,88.27987916
Saran,227,51,52,6.534401871,1545.380751,29,33.58123967
Khagaria,220,60,269,6.756829733,386.6685467,25,41.28842446
Supaul,245,47,262,6.570689309,1598.756521,30,90.72124872
Vaishali,245,43,219,6.008429664,1365.504091,26,75.92980349
Karnal,250,54,256,6.371989293,1972.919545,20,98.15962172
Alappuzha,205,44,285,4.5639411,453.5584355,23,77.70165676
Muzaffarpur,266,18,185,8.013377146,1332.699119,27,45.40305501
Arwal,226,55,205,6.815523774,1904.841852,26,53.57573396
Madhepura,256,56,106,6.418261391,1538.604945,24,90.15103375
Siwan,95,54,274,5.974813317,805.0663561,32,55.61302687
Charkhi Dadri,214,53,271,6.989470378,414.6515002,26,26.28434004
Sirsa,239,48,86,6.37147819,1934.779701,29,44.12636146
Saharsa,226,48,194,6.703062755,329.4266906,24,52.1152829
Araria,204,54,201,5.361550476,1955.303222,29,10.57526352
Gurugram,232,18,239,6.174294,746.3210593,30,74.63250475
Rohtas,229,52,207,6.791978734,1748.559997,27,11.8260394
Kaimur,211,54,196,6.669375302,1197.761202,27,41.08685362
Kaimur,233,57,215,6.682860307,1842.662953,30,80.65762171
Wayanad,232,59,209,6.401404532,967.9140769,29,47.2894658
East Champaran,241,60,256,6.340350702,1729.647136,31,84.35953645
Saharsa,244,47,243,6.818489956,629.0931367,20,34.84625088
Sheohar,231,48,299,5.456004268,1040.134734,27,95.80599311
Gurugram,220,49,280,6.663775597,1723.344418,27,21.73737475
Kurukshetra,252,56,254,6.254746902,413.0510126,25,4.788150354
Kannur,195,38,238,6.992915314,1511.541726,28,87.37022776
Sheohar,229,59,215,6.378612992,986.3692913,28,75.46806888
Aurangabad,222,47,228,6.070526646,1123.786925,28,23.96639987
Alappuzha,219,50,198,6.858870612,1242.25746,28,98.48941911
Siwan,192,20,299,4.990543491,696.18816,29,50.7257328
Panipat,224,58,230,5.177050467,373.4694189,25,95.15547857
Lakhisarai,218,46,79,6.609872899,233.5868345,29,50.99784837
Panipat,235,51,93,6.369748717,975.6597867,26,47.71558409
Pathanamthitta,231,51,279,4.455157828,683.9673178,24,45.46471518
Arwal,157,37,198,7.933701775,1339.274142,29,34.15265234
Alappuzha,194,52,309,7.321944044,1488.68818,29,53.83644822
West Champaran,126,52,230,6.700173396,1106.740543,28,45.80291153
West Champaran,211,47,277,6.792779077,1314.130371,28,4.637940786
Gaya,79,58,272,6.562889143,1209.343027,26,26.78308811
Begusarai,251,59,231,8.055521693,208.240492,30,22.09915721
Begusarai,215,43,269,5.111945998,1715.063463,29,86.87612463
North Goa,208,39,268,5.961151654,307.2125485,27,60.28812775
Katihar,236,51,210,6.206427715,938.6127615,29,76.60462694
Sheikhpura,155,15,193,6.708540531,399.833305,26,95.72577774
Rohtas,231,5,258,6.36829351,1392.165102,32,64.75988798
North Goa,138,13,112,4.457846075,786.0579757,30,98.27838915
Begusarai,131,50,30,4.702361062,328.073913,34,31.86464111
Arwal,251,61,152,6.339287495,281.6350725,26,19.44045105
Faridabad,184,46,269,6.562192842,626.8551517,22,40.92767891
Bhiwani,212,41,230,4.775018955,1401.076561,30,47.60914208
Jamui,232,50,277,5.177695915,1492.798697,29,89.64079274
Fatehabad,81,43,277,6.328064805,431.174749,23,56.43410346
Saharsa,199,50,291,7.859570044,450.4019847,27,29.92591894
Rohtas,191,4,200,6.540834747,1267.808494,23,74.520794
Madhubani,243,44,51,6.489797806,1923.079423,29,51.07736178
Wayanad,220,42,216,6.950138611,1195.239913,21,17.05106258
Kaimur,235,58,274,6.12281017,1481.135829,25,58.10515897
Mahendragarh,209,48,199,6.63464591,1235.748732,28,91.22805914
Wayanad,99,46,242,6.977801544,388.704406,28,84.41963913
Bhagalpur,240,47,107,6.879293439,1903.635219,31,59.09418729
Gopalganj,225,49,204,7.030202066,329.5728841,28,38.33123421
Panchkula,78,59,228,6.90693638,1567.766257,29,9.610896355
Kaithal,238,56,66,6.348470897,1962.834011,26,47.49524341
Jhajjar,249,39,293,6.438966671,774.1949722,23,75.45586432
North Goa,250,40,301,6.244293445,508.9344401,20,36.66709825
Sonipat,133,50,241,6.881342436,1219.113839,24,24.30923573
Jind,215,48,301,6.695323381,1631.119815,24,93.20659221
Kozhikode,55,40,276,6.437667912,1909.055089,29,82.33401435
Kurukshetra,219,6,271,6.861660596,1448.613658,25,64.18928632
Rohtak,82,46,219,6.805517169,804.5716074,24,14.54155105
Bhojpur,225,58,274,5.260443149,1089.823084,35,15.3459752
Hisar,239,45,265,4.988088824,1570.161055,25,11.21873955
Thrissur,224,17,292,6.310396352,1618.278363,23,62.01337002
Sonipat,254,6,302,7.760667844,333.9870481,26,12.44071685
Bhagalpur,222,36,274,5.382478088,1304.731389,26,84.42009269
Ernakulam,215,43,293,7.624178231,1941.266094,28,99.30353518
Khagaria,220,58,200,6.793502422,1613.462062,27,37.26847029
Charkhi Dadri,193,59,271,7.609149266,213.1810145,33,45.91331485
Jhajjar,175,34,178,5.403386535,604.8948262,24,71.45505052
Kaithal,233,45,276,6.537224187,1001.015797,28,93.77814763
Madhubani,201,44,275,8.515582149,1471.285043,19,89.51528358
Bhiwani,244,45,284,6.944254721,1199.444083,27,6.701591046
Bhiwani,83,55,213,6.813540787,339.1901448,30,17.73810845
West Champaran,231,53,212,6.427198769,1528.883449,28,75.70512266
Madhubani,235,49,210,6.48107324,1709.684627,27,69.2004177
Wayanad,247,42,299,5.313774094,570.3640864,27,14.18864081
Wayanad,217,54,218,6.790713453,321.3625396,28,50.70439362
Siwan,223,53,208,6.972935318,1623.723537,28,78.30064848
Idukki,55,23,311,6.921777954,1352.803438,27,22.65928754
Gaya,257,25,278,6.151093306,1646.307247,27,87.25747594
Arwal,253,16,209,6.995592642,1219.874168,27,6.244205707
Gaya,47,47,196,6.262159822,971.368208,26,78.43731342
Sitamarhi,228,45,86,6.995380891,1933.539883,28,61.96607108
Khagaria,222,46,223,6.873137648,1603.92756,25,32.20473532
South Goa,197,11,278,6.148469447,941.4492432,27,72.37232229
Rohtas,204,60,261,6.457929182,1833.532555,27,78.45421372
Supaul,202,58,291,6.786160377,1988.298643,24,93.45599816
Arwal,147,47,209,6.236583651,754.8257256,28,37.40969254
Aurangabad,215,45,206,6.107495235,1806.45822,26,68.91565686
Malappuram,202,41,193,6.564384568,281.7154532,30,60.65901142
Patna,237,52,280,6.831219093,585.8282046,29,52.99540088
Ambala,148,59,206,6.05375,489.6420908,28,89.15123094
Buxar,245,40,315,6.455810288,841.8684445,28,1.3135641
Sheohar,223,57,259,7.843692517,1212.720641,31,28.929049
North Goa,199,43,260,7.473405941,1495.963727,28,54.28944671
Karnal,238,44,275,5.361192503,1825.046835,29,18.6510329
Arwal,204,53,192,8.448931883,485.3857397,30,90.87878684
Yamunanagar,227,58,292,6.960074627,1240.910327,31,65.11191664
Buxar,218,46,246,6.456519489,1198.44799,29,48.31041647
Begusarai,240,47,287,6.886036731,1025.252958,24,81.65547415
Gopalganj,228,44,68,6.815418481,1450.248765,25,45.63773296
Yamunanagar,237,50,227,6.290574939,1124.050001,29,56.30664818
Katihar,205,39,240,6.78293975,1190.344516,28,1.27234856
Charkhi Dadri,218,43,199,6.094101556,1825.995797,28,37.20435249
Sheikhpura,236,18,214,7.386348256,1748.489979,27,14.74025676
Siwan,249,43,206,6.462434547,1239.201202,28,69.27917939
Panipat,254,52,145,6.291841223,481.1773818,26,48.42366894
Gaya,237,50,239,7.635496817,1925.66268,26,30.87399817
Kozhikode,243,46,71,6.791047106,1320.859878,23,47.3154016
Ernakulam,60,62,105,8.233588129,1653.454324,27,21.75335891
Arwal,223,54,277,6.476192309,299.0391956,27,92.58357662
Lakhisarai,200,50,219,6.186922533,1814.285681,29,6.343290623
Munger,200,41,256,6.183323999,1448.291958,26,86.67628649
Buxar,236,46,87,6.248869334,1433.764802,28,51.62452008
Madhubani,194,42,275,6.889737471,398.2022343,26,62.27570312
Rewari,216,51,285,6.303917118,1483.153913,30,30.95795647
Araria,246,40,264,6.645683785,337.9470466,29,96.70306406
Sirsa,232,45,252,6.653406082,300.4867254,29,28.90324489
Purnia,230,53,257,6.433385689,785.6262767,30,59.29892172
Rohtak,227,43,77,6.797086471,241.7053424,21,99.34825381
Jehanabad,209,51,240,6.779103342,487.3254067,28,88.22834524
Aurangabad,230,49,291,6.372977556,1507.028137,28,54.0966527
Katihar,231,57,248,6.270154313,1702.865846,25,99.04707777
Buxar,212,59,215,4.959917933,523.1385582,25,70.43561631
Vaishali,220,42,276,6.183025297,1681.935575,23,21.6613412
Palakkad,144,58,291,6.624831439,1064.954172,26,41.15402483
Jind,251,21,280,6.581810315,1924.210362,27,34.11484007
Palwal,233,49,234,6.500446553,450.7561169,27,35.05735712
Jamui,228,58,286,6.513749091,296.4166081,28,76.2851875
Nawada,239,62,243,7.581679938,1721.14383,27,58.8420298
Ambala,229,40,287,5.289473831,851.5739816,25,4.771178447
Kannur,210,55,290,6.16141903,1022.906346,28,87.86739988
Alappuzha,238,7,239,6.586074248,1121.22921,25,30.38281791
Kurukshetra,188,44,250,6.172559628,1685.30011,27,99.71041281
Sheikhpura,44,8,34,7.764727033,336.8006854,28,95.4648823
Sirsa,210,50,301,6.603860032,1192.023681,27,94.11254095
Kishanganj,228,5,294,6.182791912,975.0228305,27,81.3016328
Idukki,237,27,160,5.28668344,812.5045528,28,22.84071984
Aurangabad,215,42,223,6.999186115,826.6361972,33,53.73064166
Fatehabad,253,54,148,6.201456023,1874.613358,28,23.20596006
Sheohar,225,42,104,6.68212964,682.6025401,28,26.7078701
Malappuram,156,44,236,6.643774871,1018.314497,29,61.48422517
Panchkula,247,53,247,6.309202186,1087.044226,25,5.04252099
Pathanamthitta,229,55,214,6.622522494,1495.754807,23,96.97639812
Madhepura,118,45,300,6.739918941,1134.175806,25,91.94864409
South Goa,201,10,247,6.494015121,1318.21893,33,38.69598964
Palwal,188,60,264,6.83657459,917.8955402,27,52.02682235
Bhiwani,180,26,177,4.433304656,1493.509946,27,47.14582251
Muzaffarpur,202,57,283,6.519085779,1038.533241,26,88.33777808
Idukki,234,43,232,6.787407141,600.8836053,25,69.17158576
South Goa,228,56,278,6.624876348,1670.474393,25,28.5330135
Sonipat,217,58,276,6.328896314,1577.813908,26,45.23728419
Siwan,233,54,216,6.311742286,1329.482262,28,43.46763159
Idukki,208,52,227,6.342185398,1139.504984,31,95.97418166
East Champaran,234,57,257,5.956870716,575.292992,28,18.35578014
Arwal,214,58,288,8.116123684,1763.03735,26,9.868057392
Aurangabad,228,37,272,6.617413792,374.9462134,24,88.18126438
Jamui,227,54,237,6.524184894,889.7307835,29,89.77191296
Buxar,215,46,64,6.761201666,1734.609678,25,87.3021697
Gurugram,204,43,99,6.679080309,1272.020219,29,51.58671465
Gaya,229,43,276,8.144989185,989.5157812,28,66.3146984
Charkhi Dadri,206,39,262,6.32932012,1624.449446,28,56.77294171
Sheikhpura,210,17,224,5.983384034,1981.125278,29,7.875334779
Rewari,217,44,230,6.574270893,539.8641103,25,59.98765479
Thrissur,250,59,224,6.372162387,291.3194034,24,2.347800578
Madhepura,95,50,259,6.616936551,1033.37847,31,33.17375355
Saharsa,226,49,215,6.329522719,717.3129998,30,93.29696501
Bhagalpur,109,57,272,6.837546716,1400.152767,26,31.10048169
West Champaran,228,52,254,8.230729425,1089.665046,28,94.04283762
Rohtas,226,44,216,6.84715544,1098.205314,29,25.76326176
Panipat,194,18,229,6.509822882,838.9676522,31,32.14166181
Sheohar,235,60,222,6.59255431,579.2114884,28,63.21234215
Palakkad,239,54,254,6.206708029,584.2177545,30,76.40107031
Bhagalpur,221,44,236,6.163687175,896.5464322,30,50.63738903
Munger,233,58,270,6.270773266,1427.304406,25,88.32945303
Panchkula,223,22,207,6.118066757,806.8685039,31,4.983801739
Thiruvananthapuram,162,18,167,5.23459821,786.8308145,24,92.29728902
Kannur,236,50,251,6.199633469,965.0010478,28,20.43447219
Patna,214,7,295,6.987495434,1983.550619,30,88.53963576
Purnia,50,47,258,6.289917044,364.2241532,28,40.68545477
Siwan,249,44,260,6.268750772,730.3744703,28,83.44294853
Charkhi Dadri,208,60,249,6.488730925,725.6037853,27,67.49488943
Kozhikode,234,53,277,8.395408525,1954.101401,25,18.41822162
Darbhanga,211,52,272,6.525182653,932.9204,35,91.88670942
Kollam,200,40,272,5.630266728,1220.549482,27,25.30622166
Panchkula,240,46,246,6.215560307,556.6357294,25,25.16987175
Thrissur,234,55,210,7.88448407,222.8750114,28,81.60371077
Fatehabad,236,46,186,6.675798904,810.6849473,24,11.4814523
Gopalganj,96,59,281,6.530385632,1350.259512,25,22.98155473
Bhagalpur,227,56,246,5.240868527,1444.77286,30,50.86407977
Ernakulam,213,18,293,6.818479292,1556.976498,25,83.21722584
Rohtas,203,50,239,6.045483572,1749.194559,26,15.6009135
Faridabad,208,48,287,6.358129126,408.1214762,30,55.21915522
Gopalganj,245,58,272,6.166776631,349.026702,25,71.41281859
South Goa,224,40,83,5.921367294,1617.833726,28,86.19892725
Kurukshetra,203,51,234,6.295567324,984.3524103,30,93.62099046
Jhajjar,78,49,217,7.039627381,1904.810108,25,78.67935153
Idukki,242,48,269,6.344137932,1898.272472,25,65.63001142
Sheikhpura,224,45,268,8.421982349,454.9737903,29,43.92838845
Nalanda,223,52,232,6.518292697,1444.204581,30,12.09890526
Bhojpur,252,54,250,6.239112306,320.7931627,29,71.26398206
Kaimur,202,42,252,8.312770303,926.138044,26,99.28099314
Kaimur,243,49,135,5.990665157,1715.078079,26,73.93929888
Alappuzha,225,58,230,4.636767426,1029.727141,28,2.65439828
Siwan,244,15,289,6.957377305,260.5041799,27,50.12973783
Bhagalpur,245,59,198,6.099169089,632.5915586,28,61.85001662
Jhajjar,247,42,277,6.607969667,355.4667977,31,69.27774591
Nalanda,207,55,237,5.147782781,934.8235253,28,72.25285772
Ambala,241,10,230,6.78925743,1454.058288,32,56.25273568
Bhiwani,143,46,247,6.697037687,1388.643331,26,23.11267294
North Goa,206,53,251,6.043377708,1494.091991,31,94.27786549
Patna,229,54,236,7.846758395,890.8688148,27,69.9699803
Fatehabad,239,39,200,6.690396459,677.503278,28,24.44716365
Rohtak,142,43,293,6.630937373,302.4781713,30,32.90986139
Kaimur,81,59,193,7.019460973,1894.835649,25,92.27083939
Kurukshetra,243,44,209,6.15408772,412.9044908,27,88.86103348
Katihar,245,18,233,6.292357644,520.8394901,28,41.1094974
Madhubani,218,10,291,6.61989381,245.0014419,26,4.792414977
Samastipur,153,44,305,6.278824362,770.9028028,27,5.80123952
Aurangabad,233,54,267,8.431945547,1673.924546,31,29.1079108
Jamui,77,59,275,6.970916223,798.044118,27,63.28309971
Malappuram,227,56,271,8.020884662,1398.768908,25,58.8352689
West Champaran,35,43,37,7.392042675,1937.980238,32,63.74895091
Aurangabad,210,52,139,6.94518682,1806.555078,30,72.01101422
Sitamarhi,227,45,276,6.734211766,523.9498691,28,2.884193106
Aurangabad,214,45,65,6.030022621,846.5732069,26,11.40347392
Kurukshetra,42,44,316,6.678066941,1552.052897,29,36.58886173
Gurugram,90,56,217,6.897420798,1959.785591,25,16.33113975
Saran,239,60,121,6.653140387,1488.68289,21,8.456684212
Kozhikode,203,58,107,5.96940085,653.9825369,28,64.4554752
Kottayam,49,55,157,6.436672104,439.0808716,24,81.71831127
Samastipur,241,59,221,6.571351504,1091.287435,26,75.51003909
Sonipat,217,32,245,7.454392163,547.3124438,25,81.88693808
Kasaragod,217,51,284,4.882589308,609.7066349,31,66.91979786
Kishanganj,206,45,147,6.791400922,1341.977242,27,73.79918686
Kaithal,225,60,211,5.161463251,1126.703635,22,27.90609865
Sheohar,203,54,91,7.014345472,417.2478942,26,99.30779559
Sirsa,233,46,252,6.678188654,476.6206,30,19.13339979
Patna,238,53,133,6.489546069,234.9819085,29,22.23489356
Buxar,238,40,106,6.281531071,595.387791,20,29.60326135
Palakkad,212,47,234,8.115356538,1797.163689,31,97.55791058
Nalanda,251,43,266,6.332951231,1627.460023,22,98.84057035
Banka,216,11,273,6.779883675,946.6074224,34,79.69448122
Nalanda,63,43,264,6.928054144,1535.481382,26,63.27670226
West Champaran,106,47,219,7.543852027,932.5446699,29,52.48619494
North Goa,226,48,273,6.790713578,1625.787271,31,97.09146372
Jamui,108,33,252,7.505189476,527.5027559,27,69.86665748
Sheikhpura,227,46,238,6.43843101,474.5312475,29,94.5282827
Rohtas,115,55,298,6.663968665,340.2930914,30,32.33852915
Arwal,231,50,154,6.529514044,635.2514169,28,34.04370443
Katihar,243,47,205,6.928194044,463.3692179,26,85.61773482
Nalanda,246,46,74,6.194424839,1637.554471,24,15.83563714
Bhojpur,220,47,286,6.196312036,631.9490423,23,94.64685827
Kollam,224,43,192,6.613382334,1129.173694,32,51.23996111
Lakhisarai,218,15,189,6.312199492,1561.154874,26,92.71497398
Darbhanga,44,60,108,5.311667957,1418.734011,33,34.34248608
Kozhikode,229,58,245,6.932030613,568.2612323,27,71.87993151
Palwal,237,43,233,6.448368714,338.729324,25,48.80463708
Thrissur,221,46,237,6.020002297,1841.170955,29,63.05355939
Kollam,221,52,285,6.793886592,1319.58873,23,50.93287682
Khagaria,184,51,129,6.872734322,1471.814661,26,96.74444612
Jind,251,8,273,6.319932254,894.8252832,29,69.51843438
Saran,202,58,283,4.573411835,634.8923416,25,25.88057789
Patna,230,48,273,6.825033021,1155.111438,24,91.05801527
Aurangabad,152,54,217,8.635288405,340.1873619,30,30.10894408
Jind,241,50,199,5.991127512,1639.957599,25,37.78890483
Kannur,251,42,202,6.27953586,1378.109057,28,11.1102461
Jhajjar,241,52,201,6.971003673,1570.941183,26,90.09668546
Wayanad,209,13,250,6.999087462,1224.669594,28,29.3250903
Ambala,216,59,311,6.303745272,1240.236458,27,26.63284418
Kozhikode,213,46,278,6.911903876,1280.676188,31,92.1059972
Samastipur,206,50,206,5.963853042,1611.486315,29,80.74715938
Karnal,223,46,221,6.366764765,605.6937324,32,14.96681323
Fatehabad,221,54,245,7.126133686,1426.757801,27,77.16312589
Ambala,246,50,266,8.059376532,1194.870193,27,91.39027671
Panipat,208,54,280,6.362289671,1091.193955,27,8.772610603
Supaul,224,41,282,7.573317626,1173.631797,28,82.6962845
Fatehabad,179,44,309,6.597115851,689.9602349,27,55.19458514
Purnia,254,54,219,7.016362749,266.7451493,27,67.25054749
Gurugram,233,5,280,6.859081048,1566.495129,25,49.79257955
Faridabad,221,61,139,6.009796146,1849.112342,30,70.08250541
Kishanganj,232,59,234,4.642285704,1065.372645,24,4.375688305
Jehanabad,256,43,220,6.927950395,1708.223248,28,76.5079656
Lakhisarai,260,53,223,6.824482283,1199.46158,32,4.301026088
Rohtas,94,48,304,6.028952115,1874.543999,27,46.07468493
Malappuram,143,56,217,6.681305175,1115.151536,27,15.94553432
Gaya,198,49,297,7.010527648,568.7348877,19,82.53385346
Palwal,203,25,249,5.947891906,1766.207204,20,32.05243001
Kishanganj,224,49,93,6.57477968,1640.489228,29,45.95526092
Begusarai,225,7,292,6.568823161,916.4193226,27,43.44632339
Darbhanga,108,51,95,8.038510504,1715.440781,28,77.4776946
Alappuzha,210,48,294,6.945100122,216.2908509,29,48.63329162
Buxar,253,46,270,6.889157231,1639.544963,31,79.10687517
North Goa,236,59,280,5.273010412,1438.472293,28,8.277319403
Idukki,158,27,44,5.864444791,883.4205796,28,19.96780282
Vaishali,236,41,293,4.92050588,1624.85449,28,55.60189071
Lakhisarai,239,52,284,6.840002049,427.9913827,29,94.76174415
Alappuzha,226,42,255,6.373415802,565.9749561,29,8.401026825
Sirsa,196,53,296,4.522097718,1160.444056,29,5.2653374
Katihar,247,43,214,6.331249452,1785.847318,24,16.49851682
Nawada,203,44,215,7.941466384,434.1890563,32,64.47415976
Thiruvananthapuram,220,54,266,6.477790268,1215.68362,27,40.50029875
Banka,225,44,272,6.792837187,1555.637062,29,82.72968556
Katihar,229,53,64,6.142305117,1538.036253,25,8.121381997
Alappuzha,43,54,261,7.092236284,1330.330038,26,20.44499459
Idukki,214,60,250,8.513152172,1893.657921,26,30.70261414
Panipat,246,51,235,6.680804182,1067.846835,28,63.04627858
Hisar,258,41,244,6.784136286,1784.440388,29,68.83209634
Buxar,222,54,291,8.429954464,1315.251091,26,13.2961261
Nalanda,233,46,298,6.741903078,1527.440022,28,94.43666619
Bhojpur,223,56,283,6.267315961,1036.697933,27,34.76336938
Gurugram,228,57,135,6.188931264,501.7148115,31,71.60370754
North Goa,53,54,120,6.445858707,396.3717592,22,52.89656418
Kaimur,208,41,216,6.529722871,1428.194747,29,23.05305324
Bhagalpur,201,40,274,6.720308873,877.657147,24,84.77660399
Panipat,246,62,257,6.454753099,1221.469067,28,82.00556479
Arwal,216,19,235,6.874525984,1542.888797,24,40.21111354
Begusarai,219,55,290,6.694911738,1615.667074,28,59.27215098
Kozhikode,210,39,272,6.222645715,1117.388592,24,26.5247439
Panchkula,211,42,236,6.072098962,766.1043147,26,69.29531125
Begusarai,203,45,285,6.709522135,1596.584494,28,31.59365445
Madhubani,35,62,208,6.473304397,947.6214917,28,84.5637947
Begusarai,211,40,85,6.331735227,1886.115364,31,22.52112532
Idukki,212,56,251,6.579591954,1684.229644,25,2.465538859
Patna,204,21,212,6.019829775,1544.450111,30,27.58229615
Kasaragod,221,51,208,6.643663959,634.2394387,30,19.91419616
Kurukshetra,252,52,280,6.281646957,852.9716106,26,51.32035753
Begusarai,128,7,283,7.214071002,1728.165317,21,21.16662587
Darbhanga,210,57,253,6.760922813,241.6515797,34,76.5557972
Nalanda,243,60,265,6.259370953,1606.643743,31,24.89569316
Siwan,211,44,190,7.07695887,927.4728062,26,70.98984981
Gaya,252,56,241,6.982626152,1638.828338,27,58.26862138
Rohtak,234,49,258,6.461057221,1194.305416,27,98.63873579
Idukki,229,24,298,6.719847276,1148.252062,32,99.99019672
Jhajjar,217,42,240,6.663606277,1462.864427,26,87.08308225
Gopalganj,242,57,250,6.207126057,1651.400907,33,76.23835356
South Goa,200,54,260,6.892733772,1448.218632,25,39.25918499
Begusarai,136,42,236,6.861260124,1011.28575,20,75.57439599
Supaul,212,49,216,7.997627205,777.5049378,28,95.71087817
Saharsa,203,46,246,6.289567644,1722.133782,23,3.314379964
Supaul,220,59,114,6.552244602,1137.399714,31,54.25355532
Palwal,198,46,289,6.644355642,1610.229353,28,22.58183213
Khagaria,249,49,248,6.936929826,1992.291398,28,56.22975527
Aurangabad,208,60,215,4.478254079,1358.997644,27,47.17826189
Jehanabad,213,58,235,7.726152678,701.0231506,25,58.00108957
Gopalganj,200,57,308,7.984966602,1758.001892,24,55.54525992
Supaul,197,57,282,6.888127377,692.6114856,27,96.05059688
Kishanganj,252,37,223,6.746614709,668.721743,22,55.66642478
Wayanad,229,46,110,6.507390441,333.0866391,27,84.77697672
Banka,217,55,228,5.097152109,341.412855,26,32.66220839
Pathanamthitta,234,41,212,6.897293368,1752.178462,30,44.37196819
Kollam,259,55,50,6.549042714,615.3131272,27,47.57093413
Saharsa,222,45,227,5.97693625,395.6387267,28,28.59407629
Madhepura,244,52,225,6.038305653,834.658389,29,38.59923589
Banka,239,60,292,6.213700416,1484.379391,25,60.25279487
Hisar,246,14,247,7.069871526,811.3359001,26,58.43858857
Rohtas,251,44,241,6.896638506,756.7041209,25,64.00709911
Khagaria,141,14,42,4.747429167,1078.518313,27,35.82997363
Rohtas,207,42,271,6.851664949,238.1602585,28,32.26731802
Katihar,221,43,259,6.828186129,1083.932251,31,61.55017039
Gurugram,240,41,274,6.478486758,1982.03424,29,14.15331309
Thrissur,231,58,308,7.887913385,1638.827481,24,26.05012281
Darbhanga,181,12,319,5.866231853,326.8852385,25,5.170645958
Panchkula,65,40,253,6.232449303,1378.680482,29,8.188474407
Buxar,239,56,240,6.881074672,1030.001984,24,25.09494465
Bhiwani,223,40,255,4.824558407,1687.247421,26,2.933398749
Ernakulam,209,19,235,6.270796682,377.3471884,30,25.29564862
Patna,98,50,251,6.920664937,618.9118597,26,65.84265598
Bhiwani,208,53,264,6.794747957,1624.053945,25,7.049600768
Kishanganj,148,48,269,6.876786515,1728.558809,25,44.2369311
Kottayam,245,58,293,4.7195382,1152.76838,23,91.39776991
Jamui,225,7,266,6.996014044,235.4546485,26,79.33719806
Begusarai,213,53,296,6.541264825,1808.687042,24,31.23831273
Kozhikode,221,46,271,6.044571785,888.9774068,26,92.55574244
Supaul,199,40,220,6.478985337,271.4249615,22,33.63500318
Rohtas,94,57,262,6.12074334,1673.862043,27,8.179034137
Ambala,216,58,230,6.906511226,952.5244202,25,99.41153972
Faridabad,205,48,239,6.408894367,541.9825228,30,87.13223019
Buxar,69,60,261,6.893928485,1642.840876,32,47.12734555
Munger,200,53,279,6.504664483,1023.888218,28,66.9712759
Kasaragod,246,60,122,6.77239443,1294.057214,24,67.45157971
Kaimur,221,49,269,6.735953217,1681.618563,28,20.25374084
Charkhi Dadri,207,52,210,7.640846564,1140.35976,25,20.80481468
Alappuzha,238,33,245,5.122474769,398.8604577,25,47.48848963
Hisar,74,47,246,6.593023992,1934.771286,25,91.24574087
Supaul,224,45,312,4.503903035,715.7729134,32,1.989383711
Banka,228,41,290,6.996083675,1989.648977,28,78.46805796
Charkhi Dadri,236,62,149,6.874838878,210.8441685,33,6.695151588
Madhubani,215,42,297,6.36843885,1070.818505,29,48.34398937
Mahendragarh,58,13,266,5.177021722,1468.882994,25,64.14941047
Nalanda,212,50,208,4.610514885,1831.343481,26,68.98916744
Ambala,204,43,202,6.43747395,1604.606502,26,6.789447098
Sitamarhi,209,43,215,6.38075785,660.1300736,26,42.44175812
Kurukshetra,195,43,198,6.523655508,637.9479343,30,58.79988879
Araria,220,52,228,6.639629371,841.8559987,27,7.538508193
Patna,235,61,269,5.172848698,398.9723613,28,14.3743611
Kottayam,247,49,190,6.672113549,1405.231842,28,66.70124996
Saran,238,51,299,7.6067688,1894.265017,29,52.64218146
Hisar,226,12,200,6.333799933,1355.787886,33,17.02103747
Sheohar,115,62,140,8.347906142,1160.072533,28,53.98869435
Nalanda,139,40,228,6.293161477,1106.028589,26,91.35654497
East Champaran,253,52,249,6.876910153,1266.703629,32,2.543170893
Sheohar,228,52,278,6.387726537,1479.103265,26,64.62074358
Sirsa,99,35,306,6.188218433,1630.998837,23,8.291393026
Munger,224,58,269,6.690733387,1456.978109,28,1.638494854
East Champaran,214,54,239,6.35871011,1469.057371,25,15.91479438
Panchkula,240,54,287,6.152105833,1913.120857,30,42.86775655
Nalanda,242,56,239,6.667665992,1818.818112,29,80.4320559
Panchkula,189,42,133,7.229558435,1683.061973,30,28.89676416
Supaul,64,38,217,6.258128382,278.0484337,30,62.94164803
Hisar,247,8,264,6.010220928,1403.961225,27,41.70450716
Gopalganj,203,58,263,6.31567691,1018.965397,29,24.1988474
Begusarai,196,2,218,8.561460774,1311.678593,28,51.91046431
Kurukshetra,218,50,303,6.254193773,1435.307912,31,79.94898455
Madhepura,45,32,82,7.522803301,1486.373377,29,83.41674464
Sheikhpura,219,43,250,5.949125641,1764.967322,28,84.80543366
Mahendragarh,49,30,142,4.930303605,1837.984103,25,34.51722344
Madhepura,205,47,291,7.679107933,1292.291144,29,79.55215041
Lakhisarai,221,45,248,6.903640688,1809.495624,30,22.00566706
Thiruvananthapuram,219,54,192,6.229203411,1576.319097,30,74.10408502
Samastipur,210,52,239,5.205702915,564.9056994,29,94.8900582
Sirsa,203,55,274,6.790940922,263.5614175,30,2.360639634
Pathanamthitta,226,57,227,6.764991389,217.7989734,28,44.59602919
Kishanganj,97,60,132,7.276864262,1255.921755,29,65.12932785
Nuh,259,47,236,6.060209588,1138.86786,29,70.47580128
Buxar,222,57,305,8.42716236,1453.463395,30,18.43268807
Palakkad,236,57,286,6.052214493,1717.090917,28,97.24614425
Patna,141,44,236,7.560372167,495.9964953,27,61.91127143
Faridabad,230,45,229,6.91221836,1741.577185,25,17.26971952
Bhagalpur,201,57,284,6.102366444,376.5476817,25,3.03172866
Kozhikode,229,59,84,6.524717749,1789.838038,27,78.54315568
Mahendragarh,240,50,240,6.558821977,1730.875599,35,8.890769205
Begusarai,231,51,224,6.573838916,1454.520445,26,14.96404119
Kurukshetra,213,51,226,6.933770547,740.0525942,29,57.90817266
Katihar,141,52,277,6.484694001,368.1442271,25,60.74704484
Fatehabad,210,54,237,6.959062613,1600.556719,29,69.00182474
Thrissur,239,59,254,6.474678116,592.1829451,31,39.95788725
North Goa,207,54,289,6.907612288,993.6867493,25,77.61596823
Ernakulam,253,47,229,6.342988789,1155.54632,28,97.46150136
Kaithal,202,42,234,6.151654795,1433.796172,27,27.83839936
Madhepura,193,52,264,6.885740064,1077.38853,30,70.59983304
Jehanabad,188,33,88,4.797728721,1450.159879,22,92.91839659
Kaithal,216,53,289,6.607260537,1665.268831,29,68.9423895
Vaishali,198,56,270,6.156418531,1483.509598,26,68.42984037
Malappuram,271,31,208,6.518336503,739.1048752,31,23.15348434
Arwal,225,56,269,7.639855523,1809.715071,30,53.97788983
Yamunanagar,238,45,268,6.434863537,1191.02859,27,56.68976152
Pathanamthitta,201,17,236,5.992079673,1037.674672,29,70.31282668
Vaishali,218,60,306,6.078367137,1235.08461,27,99.68532354
Sheohar,257,58,235,8.233999845,1069.796,35,4.330738432
Munger,205,42,102,6.260580543,1559.19794,23,7.458033465
West Champaran,213,51,245,6.666818831,957.195157,19,8.717056874
Panchkula,242,46,210,6.158851556,1598.101651,30,74.55493431
Madhepura,229,43,261,6.332311129,1568.279426,29,14.49902572
Munger,103,58,287,6.506852069,698.3667506,25,62.62273557
Alappuzha,234,22,256,6.710168032,372.6943949,28,33.14221891
Palwal,254,24,293,6.186388507,1731.72443,26,46.27467566
Madhubani,234,60,241,6.558736484,504.0556293,29,22.35065282
Banka,220,40,211,8.138414838,256.1285712,31,86.74454957
Panipat,238,46,244,6.034910861,924.1876916,29,59.02888209
Yamunanagar,236,53,232,6.156831288,657.4689718,27,94.51176309
West Champaran,241,60,298,6.050893162,596.6501818,30,57.88502872
North Goa,212,51,234,7.982138609,510.1644652,30,13.26689503
Nalanda,209,4,196,6.343293801,1548.553817,27,17.91617295
Kozhikode,230,47,277,5.077731816,1610.160894,30,98.91832366
Ernakulam,266,58,286,7.60683237,283.5012506,26,72.83095454
Saran,209,25,289,6.567520303,1184.261157,31,5.878596253
Panchkula,207,49,235,6.925886394,443.2618027,28,70.6743195
Gopalganj,232,44,222,7.654964267,1099.197429,26,41.80513163
Sonipat,109,41,263,6.758928066,826.2736557,28,31.4136303
Lakhisarai,233,43,195,8.166617792,563.2691487,24,16.25201858
Yamunanagar,245,49,260,6.855638215,1906.507464,28,84.1504915
Kannur,230,37,228,6.381926325,1922.143118,31,7.32029652
Sitamarhi,193,44,250,6.72883267,1215.146938,26,29.69371078
Sirsa,249,39,288,6.113241818,538.4901157,27,31.33190649
Sitamarhi,199,22,197,6.381194429,1249.8787,28,16.92962311
North Goa,228,54,220,6.561591517,1871.29868,30,51.31030345
Kottayam,198,55,234,7.897095355,879.9694041,28,2.158560054
Jind,235,59,258,8.190846127,447.9262352,27,30.79657603
Palakkad,193,58,257,7.127224348,1448.642332,28,93.42931496
Sheikhpura,244,51,252,6.608876968,1381.284087,27,31.74242736
West Champaran,254,61,303,6.533096917,202.4988347,27,36.68547932
Jhajjar,106,24,281,7.517810178,1736.490058,29,47.84333978
Alappuzha,247,17,209,6.807257307,1389.344777,26,56.60764411
Vaishali,226,40,234,6.762053594,552.2574689,27,81.06215584
Rewari,249,54,101,6.794487666,205.8297659,33,19.84180109
Saran,210,57,206,6.553026518,1950.140249,29,87.30289134
Nalanda,199,57,193,6.927943291,1558.423525,25,75.99738636
Ernakulam,230,42,283,4.640856754,857.0921623,30,72.54238313
Rohtas,243,54,203,6.713597712,979.0191786,25,9.593652798
Jhajjar,226,53,153,6.431024358,1169.948921,30,3.142428307
Jind,245,65,287,6.673860653,1493.530226,23,59.80725739
Sheohar,246,42,193,6.635738965,511.2757396,26,86.45026229
Kaimur,218,60,252,6.309230496,552.3122902,28,58.85970495
Wayanad,200,43,134,6.800037341,286.885422,30,22.11025168
Arwal,207,53,225,6.869444873,1974.429628,30,9.961469897
Wayanad,224,62,303,6.277426773,1776.027778,28,70.26004883
Idukki,230,44,263,6.327444467,1195.324424,25,72.45525745
Jhajjar,136,60,235,6.682679955,974.4925622,27,18.08063837
Munger,139,49,292,6.743037703,627.3919147,29,3.790841234
Kaithal,247,24,218,7.008594926,1270.969036,27,41.42006781
Bhojpur,56,36,207,4.725632084,1442.918645,29,58.68915151
Rewari,141,62,291,6.056390782,1440.528992,31,70.89423855
Vaishali,212,55,256,4.503830652,211.5850483,29,81.18455591
Wayanad,229,58,269,5.306414046,1463.670056,29,61.4432053
Vaishali,230,55,269,6.845831703,1759.471132,26,11.97718025
Sirsa,231,47,132,6.08625348,406.8500328,32,68.57558554
Wayanad,245,57,77,6.116290625,1559.678622,31,98.43348765
Kishanganj,225,55,279,5.027510714,1681.829467,27,90.65287388
Bhagalpur,225,55,295,5.368335578,697.1048931,28,87.29522202
Bhiwani,248,54,200,6.917603196,1481.791145,25,30.91484518
Lakhisarai,254,42,283,7.021776917,374.1587715,26,75.32802947
East Champaran,95,53,261,6.570232716,1368.581837,32,85.25924115
North Goa,207,44,208,8.336191766,1118.592832,26,68.15429426
Rohtas,241,53,291,8.067003693,1729.733865,28,25.8056139
Madhubani,253,60,276,8.133278329,1013.541699,31,95.42956322
Charkhi Dadri,216,56,283,7.622210856,970.5724913,27,45.63112173
East Champaran,245,44,206,6.522311819,1880.812719,30,13.85075031
Khagaria,223,48,286,5.522534723,1881.680152,25,11.86801161
Gurugram,222,48,258,6.506663956,264.2809364,25,65.10437974
Jind,237,58,220,5.153031432,1074.017095,25,44.333255
Saharsa,235,54,223,6.520530562,489.7236828,31,10.35390364
Kozhikode,240,61,250,6.530045976,692.6711918,25,74.29609264
Muzaffarpur,227,54,271,6.81314187,1399.052616,28,80.13319156
Jehanabad,207,58,252,6.750159678,432.7181809,26,72.81614745
Vaishali,185,46,281,6.964355842,220.2868882,26,21.02382689
Muzaffarpur,77,57,307,6.23965663,1508.822557,25,69.28777014
Mahendragarh,243,25,245,7.033891753,1354.419715,25,2.061557487
Sirsa,242,58,226,6.547880858,1824.795712,27,31.20610183
Nuh,133,42,284,6.230035703,1176.158218,27,40.48333161
Karnal,205,55,287,6.926964709,1901.595245,25,83.68944794
Jamui,247,57,276,5.203032391,1296.76405,27,39.64904293
Patna,197,47,172,7.418412383,896.8706577,26,2.115675173
Sitamarhi,222,46,213,6.837094212,1295.23467,30,35.88229477
Sirsa,228,44,269,6.426515552,1548.524486,25,50.39348574
Charkhi Dadri,236,48,235,6.650862344,825.5740748,25,94.95147388
Sheikhpura,126,42,280,6.350440496,870.5448868,28,94.16239608
East Champaran,252,37,254,6.904461756,1333.887131,21,18.90652978
Jind,249,63,302,6.292107397,1020.065521,28,19.32950763
Madhubani,226,40,206,6.671718628,1148.551771,22,17.17476419
Thrissur,223,47,257,6.600794598,1967.746938,28,79.10327131
Saharsa,204,8,265,6.637511466,278.7948782,25,1.596181996
Kishanganj,221,50,215,6.2508042,1366.220671,27,13.59054262
Sheikhpura,223,51,221,7.681388146,1861.193838,29,54.25800353
Patna,225,46,133,6.845136546,625.1805317,30,25.50864462
Yamunanagar,207,41,274,6.857659519,581.6496698,25,10.14328937
Kaimur,177,41,279,7.892285947,853.3965097,28,36.62792322
Ambala,237,49,229,6.524370908,333.3413581,27,28.1465529
Thrissur,90,60,276,6.017789781,1208.512628,28,51.59932634
Vaishali,201,15,292,6.820226909,1361.825981,31,97.94412579
Rohtas,212,46,208,4.839316102,1675.796257,28,13.30615904
Sirsa,210,60,41,6.057844258,319.116977,25,37.89994378
Palwal,207,56,249,6.226272372,985.1329627,26,93.26651677
Sitamarhi,198,43,272,6.791823776,1611.572306,26,87.81043131
Jind,235,45,282,6.495418333,1582.943355,29,40.03283244
Munger,211,55,263,8.212025316,332.5530067,29,70.19637319
West Champaran,199,44,217,6.265259244,220.5120614,26,9.697844345
Gurugram,134,53,216,6.249239004,1609.989939,31,71.5415645
Pathanamthitta,207,44,114,6.598580328,448.3597436,29,97.31291522
Fatehabad,198,50,235,7.734494621,1240.021216,30,54.21132713
Araria,134,45,275,6.502389819,369.6431058,25,50.35053248
Idukki,250,54,278,6.145071413,731.9200414,26,19.54454335
Jhajjar,241,13,245,6.344686518,484.4671077,29,63.74503169
Alappuzha,213,57,202,6.379132011,1525.509864,28,59.4532908
Thrissur,228,48,299,4.904262503,1410.903952,25,65.54137289
Kasaragod,224,57,236,4.482836791,443.5498651,33,3.582245382
Kaithal,221,56,262,6.410517117,306.794623,27,55.32362535
Palakkad,249,60,215,5.085020404,1039.403452,30,59.89854951
Rohtas,95,41,244,6.1967332,551.9863085,25,21.54548341
West Champaran,218,61,214,5.993919322,214.6556664,29,21.62495289
Wayanad,218,5,276,6.350489037,675.6909342,32,28.34559868
Panchkula,221,56,49,6.175310369,587.4386186,22,71.46043758
Thiruvananthapuram,240,47,193,6.48962253,1432.926648,28,61.02034029
Vaishali,246,56,191,6.767917286,1749.553542,25,84.73050197
Sitamarhi,208,43,205,6.648899368,627.7500488,28,30.27019861
Pathanamthitta,256,47,65,6.366960436,601.4859709,25,91.29473793
Jamui,216,47,279,6.443515271,897.9794101,31,74.62691004
Palakkad,233,13,235,6.567714433,510.6037411,30,40.10615533
Panipat,235,54,274,6.939296941,1904.267072,29,10.4309445
Kishanganj,248,61,271,5.945697798,638.3477712,28,26.44138259
North Goa,135,64,71,6.043238949,367.9924044,25,95.7200535
Alappuzha,251,55,241,6.522134442,1202.399833,29,31.72597421
Aurangabad,191,52,193,6.583588924,1167.715183,21,33.66019505
Kollam,97,9,244,6.629611699,1337.44551,27,19.76930418
Idukki,248,58,138,6.299925701,1940.064618,24,80.87820951
Palakkad,199,52,208,6.719978122,782.2769322,28,28.28877879
Karnal,221,40,272,6.010911635,847.2284778,29,33.69556659
Nalanda,227,54,45,7.062427714,806.6728017,33,42.02046273
Fatehabad,209,43,300,6.242574639,1331.533389,31,43.9390997
Sirsa,246,42,201,6.224961899,1287.32427,27,41.72273825
Samastipur,235,44,232,6.193660718,1151.852713,28,50.87062584
Madhubani,214,47,230,6.262380749,855.786727,30,81.63677508
Kishanganj,212,51,212,6.456388098,969.7693751,29,82.10921903
Kurukshetra,212,41,269,6.674721461,1626.512963,26,80.03300024
Patna,209,56,197,4.640427922,1296.644106,35,11.01135907
Palwal,201,48,312,6.913673778,1489.354137,25,80.16820152
Palakkad,226,42,279,6.827635465,698.1135011,29,12.90492558
Panipat,225,58,237,6.41846124,1840.685768,30,13.34765324
Lakhisarai,265,25,247,6.136837354,263.2928995,27,94.83841439
Nalanda,222,50,87,6.164088521,1272.254393,32,82.12038663
Gaya,208,54,229,6.430882444,1662.230093,26,55.68863622
Kannur,217,47,262,8.084255055,1759.313865,28,87.62205024
Jhajjar,206,62,281,6.403328025,775.1931161,23,98.94709961
Hisar,227,46,230,7.051891058,1027.551553,30,61.4535646
Palakkad,140,57,293,6.476693935,262.8004881,29,61.67694526
Panipat,196,54,188,6.268176924,1621.577745,22,75.68827589
North Goa,239,56,214,6.647243382,424.2295782,22,23.98175628
Patna,110,44,257,6.173522397,970.5465663,30,17.54536129
Gopalganj,233,50,292,6.199697446,1983.456218,30,76.19849425
Idukki,121,8,93,7.828272888,1851.927031,29,35.1455747
Charkhi Dadri,240,43,205,6.654078123,794.0424169,26,14.37196527
Jind,73,52,291,6.864145438,602.9850823,26,32.17289487
Purnia,234,42,303,6.049488798,653.046458,31,36.50504992
Vaishali,241,16,299,6.589233429,1432.614183,25,96.55753829
Thiruvananthapuram,225,40,246,6.30596554,1506.435101,27,70.0980114
Saran,209,54,218,6.961074526,589.6875436,30,53.55477542
Kannur,217,48,66,6.403867306,631.9819278,34,96.91844073
Ambala,212,50,230,6.431606679,782.1003491,29,90.41083431
Panchkula,206,10,184,6.151242983,979.720361,24,51.6880848
Banka,217,47,246,8.382824478,1851.447589,24,90.6622839
Buxar,214,9,227,6.361009442,247.7141195,31,41.02616115
Hisar,211,45,278,6.474387826,1348.755293,25,23.81164587
Ernakulam,227,53,293,6.382161571,1751.05568,23,24.03513951
Thiruvananthapuram,238,58,264,6.632280729,1502.05448,30,66.56923692
Pathanamthitta,234,55,207,6.31248482,590.1358156,25,50.60596175
Kishanganj,230,46,200,6.679304623,1058.143978,28,66.23613385
Bhagalpur,251,62,302,6.493081969,1838.505041,25,68.92152046
Darbhanga,231,59,255,6.316273801,408.2914377,29,3.209964417
Pathanamthitta,249,40,209,7.910806222,1977.520128,25,6.349919642
Gurugram,252,43,279,6.723559102,458.5226175,25,53.73509493
Thrissur,66,45,249,6.145049253,456.3515784,28,19.9125123
Saran,240,45,253,6.665983084,1663.146772,23,63.62084311
Thrissur,238,48,277,6.1036441,1691.023733,30,55.66638818
Nuh,237,40,236,8.009960747,268.2535809,28,58.99027548
East Champaran,228,15,288,6.420401254,502.9497311,28,30.9430826
Patna,221,47,223,6.567125315,1907.349777,26,64.34450712
Buxar,250,49,216,6.862795385,702.8214777,28,83.11977101
Kaimur,223,13,285,6.567460037,222.0313973,25,99.80905411
Gopalganj,197,43,239,6.72692579,657.275781,32,84.00599423
Panchkula,264,54,50,6.47209695,1523.778614,26,56.19237721
Sheohar,229,53,93,7.008463089,1849.616083,31,20.14952958
Kasaragod,189,47,275,6.66576811,479.2818534,24,68.46314174
Siwan,243,52,276,6.890445151,603.9448757,25,93.82772477
Kottayam,210,49,218,6.179876492,994.7563475,27,21.97478743
Rohtas,62,57,224,6.613543615,1546.944234,34,26.34356643
West Champaran,72,56,280,6.490130549,1385.65464,29,15.7518458
Bhiwani,239,54,284,4.927464299,789.5604458,25,73.93544272
Saran,212,14,267,8.392299419,319.4332745,23,41.24958884
Panchkula,113,57,215,6.53369754,655.3291638,30,7.20686825
Rohtas,215,46,256,6.49003379,595.2141134,30,87.62004916
Kurukshetra,208,47,260,5.258031351,237.8967735,22,56.20951857
Arwal,233,23,231,6.732372846,1955.071958,30,33.77833491
West Champaran,65,52,217,6.895840648,659.6687564,30,35.05431463
Samastipur,219,48,296,6.403209049,1705.763085,26,29.7348708
Charkhi Dadri,246,50,123,6.578106664,1072.75089,29,46.09253707
Jind,206,18,237,6.171953156,1950.123362,25,34.36712716
Nalanda,229,47,264,6.593207887,469.1956177,30,55.2466841
Kasaragod,189,18,283,7.02405386,399.2116897,26,77.57820797
Katihar,230,51,270,5.949145249,204.4332641,31,67.77166706
Bhagalpur,217,47,222,6.387603354,1493.20476,28,30.15123238
Sheikhpura,230,45,233,6.469549114,751.4772861,28,53.34536014
Purnia,208,48,201,8.093484752,1766.638906,23,84.17248983
Faridabad,226,50,62,6.934149723,1340.848734,26,7.75241724
Madhubani,233,45,267,6.386809347,1239.3774,30,8.751429432
Malappuram,253,45,240,7.909872108,1076.404766,31,56.06083674
South Goa,266,6,192,7.139485592,664.7125612,31,64.27239771
Supaul,213,51,302,6.385607564,316.4393563,26,21.92988856
East Champaran,237,42,234,6.719229314,998.4223614,26,74.77679254
North Goa,206,55,281,8.331816844,378.4153736,25,64.98007433
Rohtak,250,46,288,7.975562288,1830.316038,32,92.40563756
Rohtas,234,52,228,6.965546309,1692.792413,30,17.72646598
Khagaria,241,53,67,6.605738161,1315.570321,26,75.38605227
Banka,199,46,258,6.099255534,1014.391447,27,9.280665968
Kaithal,197,49,219,8.19248135,1017.551724,24,56.96394854
Sirsa,222,59,256,4.506439975,1036.127139,25,55.63761881
Lakhisarai,241,48,123,5.110634756,1541.833641,28,39.45011942
Yamunanagar,107,42,251,6.920255306,427.1691148,27,84.61254362
Kollam,232,22,275,6.936652189,1156.332409,27,1.432693834
Rewari,254,44,56,6.22672609,1662.79999,25,52.49776079
Kannur,224,46,244,5.246734326,1118.226578,27,22.49820143
Kozhikode,228,54,208,4.982328979,224.7342174,25,74.60636329
Nalanda,208,40,242,6.377077587,640.4430691,24,5.263675204
Nawada,203,54,285,8.295191199,1403.452356,28,83.32391413
Nalanda,195,50,246,5.485510965,1881.559235,26,83.97113044
Begusarai,212,42,287,4.906268715,1808.746553,28,83.45373523
Palakkad,165,50,313,6.905005973,1680.868855,29,16.10428415
Idukki,195,53,209,7.495636159,1910.295494,28,63.41024534
Karnal,224,45,303,8.200766589,703.8521398,27,2.422368559
Rewari,202,43,270,6.330963228,222.3158223,21,84.94829654
Vaishali,204,54,42,6.445829545,837.8742726,29,72.57454416
Banka,233,58,225,7.009151523,1238.619803,25,53.58421936
Malappuram,237,59,114,5.951637778,769.6388003,23,73.32855188
Madhepura,238,5,250,6.025880635,279.5667654,28,10.33808557
Gopalganj,205,49,68,6.072428972,1112.936585,30,53.33692739
Yamunanagar,117,14,67,4.573058199,559.4534498,28,29.83637269
Rohtas,208,59,63,6.362770559,1509.628299,29,97.28932686
Gopalganj,221,42,273,6.838819407,360.5628376,30,85.85467711
Kishanganj,212,49,56,6.432125667,1924.626404,28,73.59429389
Hisar,231,43,140,6.830092066,1778.024862,29,93.44101589
Panchkula,224,53,237,6.785677012,1772.937471,27,35.33748715
Siwan,218,59,258,6.845217839,1621.80315,24,90.18711
Kishanganj,196,50,271,6.103337606,1340.460726,29,33.19858498
Charkhi Dadri,241,43,238,8.01223491,296.1722708,30,73.54687525
Fatehabad,59,6,123,7.922796303,1392.366599,33,73.90527427
Bhiwani,63,49,290,6.267036224,1544.469107,29,2.816637769
Ernakulam,81,57,260,6.319945551,435.4758478,27,36.74491013
Sheohar,263,56,242,6.867972636,1308.360846,30,2.923834568
Rohtak,220,58,282,6.358635485,1061.961454,28,99.71210974
Karnal,238,59,250,6.250487046,1050.394776,26,13.09747942
Sheikhpura,211,41,282,5.484372631,559.0320203,27,54.73827867
Kasaragod,248,44,215,6.635856942,1530.988734,29,79.26506764
Patna,135,45,213,6.433893746,1865.22439,30,20.92509662
Gurugram,193,48,257,6.635608695,1618.045969,25,49.02021414
Jhajjar,259,49,293,8.492790055,864.2580011,28,61.13544733
Rohtas,259,56,131,6.967392919,1971.519159,32,16.86027069
Rohtak,78,57,276,6.922259041,855.5065507,32,78.07699053
Katihar,208,7,291,6.672440567,621.9629537,34,30.63430926
Kaimur,224,54,157,6.605591461,1942.55235,29,21.89128456
Bhiwani,264,51,212,6.061007742,1621.669763,35,56.2705859
Begusarai,224,52,214,6.707895153,1570.239455,25,41.62104914
West Champaran,266,45,48,5.569177819,339.3774981,30,92.10830852
Sitamarhi,247,49,241,6.451549546,545.6424912,19,88.12620712
South Goa,186,44,200,7.872300097,233.3323307,27,48.85171568
Gopalganj,238,46,255,6.269256188,1597.968521,25,36.5671137
Kaimur,230,39,257,6.773081792,700.8373303,28,33.22628018
Madhubani,200,44,211,6.415450085,438.0028858,24,27.48879869
Hisar,90,53,287,7.078541151,527.4041665,25,54.91023752
Jind,91,49,255,6.376479938,1354.037498,28,80.69288187
Samastipur,227,18,291,5.756076336,979.4912434,29,31.76490421
Palakkad,238,45,298,7.68593976,1894.513501,26,19.81931488
Sonipat,227,49,210,6.674451443,858.6049112,29,48.07289681
Wayanad,230,43,265,6.194014937,1700.973796,25,7.834407263
Ambala,266,58,271,6.735297884,1183.637021,31,70.42662161
Pathanamthitta,208,7,307,6.948249316,1469.62549,32,52.31746836
Madhubani,269,6,38,7.273101639,503.5893707,30,50.14110599
Muzaffarpur,210,60,282,6.061811976,1548.172147,29,30.74409258
Jamui,247,60,52,6.844423557,354.1796463,26,90.56267032
Saran,133,58,291,6.682944319,1444.018502,26,9.958142893
Panchkula,227,47,236,7.984173528,1037.931678,29,87.11257688
Rewari,238,54,210,6.792937668,611.3470519,31,38.29381504
Kishanganj,225,52,214,8.377220074,1064.696829,29,88.18172808
Idukki,220,47,283,6.605040604,1740.220633,27,73.14738437
Sheikhpura,226,55,262,6.713263146,478.4945206,28,11.31290194
Sirsa,238,56,203,6.84831609,505.3275502,22,83.32209236
Jind,248,43,267,6.596461937,1161.195042,26,68.53550654
Palakkad,210,22,264,6.754114824,1325.458191,26,4.197889379
Gopalganj,212,1,243,6.905076037,956.3595897,30,14.23656553
Madhubani,233,59,278,7.880096871,679.5066766,29,63.92717753
Palakkad,219,42,254,6.658711028,320.9457414,23,66.59744979
Kaithal,249,60,266,6.257913102,289.6276322,28,74.91849185
Yamunanagar,198,54,251,6.672076793,273.4761854,32,72.30429468
Yamunanagar,134,41,209,4.725703244,1822.30946,21,66.29247551
Faridabad,228,24,195,6.820410851,436.4428802,26,76.85765127
Malappuram,240,40,238,6.821987645,731.2222294,28,57.93348488
Arwal,180,20,255,6.633325107,1974.606114,28,26.81834717
Katihar,228,41,116,6.295310388,1869.45454,28,91.32528476
Malappuram,241,48,78,7.171160775,277.1514441,23,2.803189062
Thiruvananthapuram,61,45,223,6.607895687,1192.274458,30,37.28961027
Madhepura,223,62,116,7.090872074,1340.297288,23,73.15815902
Thrissur,254,50,31,8.114638661,297.4054276,26,43.28844807
Samastipur,232,7,254,6.09111026,1510.627025,31,3.458606341
Bhojpur,250,45,249,8.445156633,1978.165978,24,7.532109409
Jhajjar,204,41,219,6.830120409,972.8832361,27,65.21509954
Buxar,233,52,252,6.127595795,1008.951585,26,96.52159534
Bhiwani,229,46,303,6.612108126,1386.824393,27,55.63449995
Buxar,234,55,252,8.085087878,1525.7757,26,51.16902398
Bhojpur,82,50,215,6.423462474,1621.590201,27,32.51419609
Palwal,88,51,139,4.508985237,339.6437162,25,26.41237671
Faridabad,211,45,235,6.591781517,1641.239999,29,3.077513194
Palwal,230,54,235,7.666794334,1755.333114,28,28.0225319
Alappuzha,111,18,284,6.860920487,281.4090394,25,45.46193365
West Champaran,212,49,59,5.890021902,270.4429967,28,20.59702852
Gopalganj,243,43,315,6.196562082,1191.602873,22,9.64745086
Wayanad,216,52,231,7.980763293,1094.251899,25,72.05505886
Banka,252,38,269,7.779729331,1964.174058,28,89.56740664
Mahendragarh,215,17,238,6.542827321,729.922703,26,93.7404349
Aurangabad,214,47,122,6.112597853,1262.359963,27,62.18187412
Lakhisarai,247,64,97,6.812234602,1112.011857,29,6.224683677
Palakkad,246,6,39,7.040484375,1164.319985,29,74.34540037
East Champaran,118,41,231,5.947434105,1387.402967,26,11.89943522
Idukki,244,47,216,5.886581595,1167.670983,25,67.30506365
Siwan,106,55,208,6.000801856,212.5001949,29,78.15721774
Pathanamthitta,206,42,308,6.834628434,1718.678481,30,72.86060637
Saharsa,209,56,248,6.275117834,562.0779337,29,95.23649677
Palwal,200,51,280,6.635915509,616.0782973,30,74.07648216
Karnal,214,54,195,5.948595603,1366.350973,23,69.62776802
Sheikhpura,194,20,280,6.363627575,1059.95298,27,26.91257405
Madhubani,211,49,266,6.387460595,1234.063928,26,92.55209996
South Goa,256,51,294,6.032129426,1095.498088,32,18.77484321
Nuh,99,44,199,6.559981011,952.1527326,29,90.58476454
Jhajjar,234,43,269,6.677086752,1069.944448,23,31.95359179
Madhubani,231,52,211,7.98065842,453.9537384,26,13.88619579
Gaya,216,56,184,6.733647227,1944.750406,29,82.8416197
Aurangabad,216,39,270,6.527590681,1234.553176,27,1.247049906
Bhiwani,235,60,250,6.236859048,716.2705757,31,83.37674345
Saharsa,144,53,220,6.742509103,1483.112477,28,26.96887236
Saran,229,40,227,6.797363108,1784.191011,27,88.587406
Faridabad,213,60,295,7.028751582,733.641776,32,69.45643904
Araria,121,59,268,6.581095494,784.1208462,28,66.95214995
Palwal,225,18,241,6.348463263,989.3876698,26,37.16663675
Banka,223,52,241,6.534467377,591.1215892,29,6.880894415
Jhajjar,217,44,116,6.438815468,1657.619078,29,83.17723672
Aurangabad,62,48,306,6.609020003,1251.518015,29,17.91947572
Arwal,258,51,154,6.302917528,302.6801109,25,37.85360555
Kurukshetra,200,57,211,6.439357403,1994.067338,30,60.43511387
Panchkula,239,46,242,6.282835148,1234.948711,28,48.74312012
Thiruvananthapuram,111,50,232,6.281725626,1801.885392,29,20.66740288
Bhojpur,215,52,249,6.156549998,1102.912699,31,14.92101933
Bhojpur,63,44,220,6.56940848,1248.409098,25,13.20138095
Sitamarhi,250,56,270,6.882228709,1018.055449,29,86.43778027
Arwal,68,46,221,5.758393418,960.9693202,26,4.124395357
Hisar,248,58,134,7.071171601,592.9479961,26,97.7244117
Karnal,55,52,237,6.456961251,1931.823653,28,20.65434035
Sheohar,76,48,254,6.119129669,527.1882385,25,11.92190739
Jamui,221,55,228,6.068599771,1147.527702,27,58.12019382
Ambala,202,48,257,6.182564365,356.7743227,29,8.918609836
Lakhisarai,210,8,195,6.424453932,1988.078426,22,60.64287305
Gopalganj,227,57,294,8.026966481,1200.217508,31,85.21203784
Samastipur,196,60,223,6.106193495,1666.249814,28,5.741904125
Sitamarhi,99,46,267,6.610979892,1213.271937,24,80.18699185
Gurugram,210,56,244,4.959159267,1648.973396,27,40.05326666
North Goa,200,47,198,6.763420597,1161.937868,23,16.78957275
Kollam,246,14,290,6.094352097,1000.953862,28,18.43355155
Madhepura,79,55,221,6.550079265,1020.630438,24,91.95768983
Gopalganj,223,48,272,6.512704224,204.2183717,29,11.94996944
Bhiwani,243,22,210,6.741012773,867.1789114,32,86.81149592
Jamui,217,43,243,8.097903898,1913.4993,30,54.88021748
Jehanabad,222,6,259,6.213872106,1416.038317,25,4.866561703
Kozhikode,218,40,262,6.607507889,1854.774205,29,46.98313843
Bhagalpur,237,59,263,6.749149137,560.4726257,29,81.92750193
Araria,169,62,273,6.761683569,1084.088447,26,72.89407598
Sheikhpura,247,33,121,7.270588278,262.0674748,26,49.38945935
Munger,135,52,256,6.721016645,1418.693873,33,86.14493809
Gopalganj,82,55,298,6.985645523,1611.229282,27,12.91611142
Khagaria,200,45,251,5.147448463,1546.042504,29,91.08416429
Rewari,128,50,231,6.395094879,356.1859873,27,84.79767964
Darbhanga,213,43,136,6.891638368,645.5497819,27,71.11940574
Palwal,113,41,238,6.768674196,1380.48926,26,81.97088647
Munger,154,58,180,6.931666658,1566.183982,26,54.83773518
Kaimur,114,9,315,4.841424869,693.5789811,26,67.84108048
Jhajjar,210,41,279,5.14508164,931.2338799,28,56.499209
Nuh,192,48,212,6.443029675,832.2789397,28,36.18742452
Madhepura,230,56,184,6.249003437,208.2168618,29,57.31721894
Gopalganj,217,52,277,6.866340236,1237.723592,22,26.48906792
Panchkula,237,62,184,4.779478773,1404.402978,30,44.58763791
Buxar,247,25,197,6.76507877,697.5842754,25,28.79676532
Purnia,211,57,276,6.84501361,1438.012144,28,13.16589116
Charkhi Dadri,217,23,269,6.240276362,636.94784,29,32.86432378
Sheohar,262,48,272,6.637188476,1487.954706,28,85.3467346
Arwal,236,51,256,6.406589787,1022.93736,25,38.72699629
Katihar,203,33,251,6.014109645,1769.482814,28,75.05236125
Sheikhpura,241,41,242,5.211181363,1180.521966,28,18.34458757
Sheikhpura,250,50,277,6.220868237,532.3751991,23,43.01749676
Pathanamthitta,234,46,294,6.493566024,1679.620297,34,12.37075086
Hisar,245,51,249,6.200386523,1599.821301,25,14.72348527
Saharsa,251,53,274,7.127672119,351.6107264,23,62.12620161
Kishanganj,157,42,263,6.728146915,286.4732466,21,61.14069993
Panchkula,251,33,204,6.669275431,445.3238746,28,22.12381883
Patna,219,52,262,5.420818249,1721.56711,28,47.96789623
Arwal,221,56,203,6.489770853,776.6886003,26,86.46731053
Vaishali,248,51,206,8.058255055,1108.552579,25,18.24594936
Supaul,258,19,221,6.126458171,1285.339519,28,2.901842774
Hisar,228,56,290,8.493820321,1538.266577,31,65.54751893
Malappuram,209,60,243,5.801766936,1693.919566,30,6.296322601
Pathanamthitta,205,22,248,6.565241744,1128.557923,30,98.01408362
Darbhanga,242,17,250,5.784370166,948.3672981,24,61.3524081
Thiruvananthapuram,244,53,267,4.890507822,552.6952144,26,47.56923893
Supaul,229,39,221,6.10177436,1293.53664,34,43.56926146
Kasaragod,216,41,241,6.78016437,1189.778707,27,57.73399519
Ambala,224,45,290,4.705576516,724.0886378,31,9.971819235
Kasaragod,63,47,265,5.776504028,1003.166264,32,93.07188682
Siwan,188,49,221,6.239421613,1531.371846,26,62.93856479
Arwal,212,54,253,6.744813454,1328.744056,29,19.21387126
Kannur,209,59,201,6.69801461,1067.133331,26,56.69552432
Saran,220,44,289,6.821774409,690.1696075,26,14.19239408
Charkhi Dadri,241,43,224,6.765034877,1402.407774,25,2.737719038
Rohtas,241,46,251,6.529098667,1329.784374,35,63.42118154
Pathanamthitta,204,49,225,6.293542199,1024.820401,31,65.19985085
Alappuzha,215,50,222,6.67356173,629.3432858,27,58.7859617
Kurukshetra,228,55,272,7.796086713,514.7777018,27,19.16483723
Bhagalpur,200,52,239,5.910279302,810.9190906,30,60.73955599
West Champaran,212,9,204,6.772780247,1835.686755,32,6.594583152
Jehanabad,237,43,289,8.367371214,1556.995862,30,61.3145972
Jind,203,39,263,6.567864046,1803.92563,28,55.84768489
North Goa,227,46,268,6.361288626,1716.678173,27,65.87022825
Thrissur,246,52,236,6.375750807,1025.988617,28,89.65208497
Siwan,211,65,311,8.422744353,1154.79648,28,85.18545242
Faridabad,217,45,296,5.872279775,505.2549259,23,98.08476496
Bhojpur,227,43,226,6.306230469,1497.569873,30,97.64786226
Gurugram,208,46,285,6.573011989,959.5078893,29,77.45964964
Darbhanga,225,47,227,7.980737697,490.2842467,28,95.6855426
Madhepura,216,60,284,4.625657829,371.6386402,25,86.8611047
Panchkula,247,57,99,6.20889892,1453.042658,25,73.03066254
Rohtas,219,49,227,8.221059718,1067.965352,25,8.46304121
Jehanabad,265,60,89,7.676856145,216.1917062,25,5.855938939
Supaul,227,49,269,4.911642318,1684.128084,24,83.92235718
Patna,190,44,271,6.922725968,1315.032007,30,49.47592993
Kishanganj,213,47,227,4.803195374,269.0775243,28,81.64606175
Bhojpur,230,40,262,4.78396591,748.4326982,30,31.97890879
Siwan,237,45,281,8.384436134,1500.330224,23,40.36733597
Kishanganj,232,11,221,6.935999441,306.2535307,25,70.31848538
Kollam,229,51,220,7.53774357,1525.254606,27,91.61734696
Malappuram,200,57,292,6.584605471,1108.811416,28,9.688385973
Rohtak,229,53,257,7.544103792,1609.143326,26,86.28633632
Wayanad,248,9,225,6.467828597,1739.426488,26,79.50825976
Kozhikode,222,42,242,6.601192703,1581.965212,28,32.2383878
Gurugram,234,56,194,4.689606627,340.5348473,26,36.1664448
Buxar,203,44,208,6.977867035,1028.67229,27,5.599686245
Thiruvananthapuram,232,44,243,6.340140776,773.7240775,29,2.558320501
Banka,195,41,226,8.265058818,1115.28635,29,48.22360651
Araria,222,46,300,6.235241596,1938.443487,26,10.4584249
Katihar,159,63,99,7.545339014,423.9131644,28,20.20617963
Gurugram,203,47,67,6.842923612,1758.076956,24,84.82995275
North Goa,209,43,295,6.863712862,1983.535639,28,57.53181073
Nalanda,220,48,212,5.999479493,1982.039561,30,63.72961129
Fatehabad,253,12,56,8.466281551,1634.040716,30,19.56045375
Bhojpur,137,56,277,6.964815568,1038.044859,30,83.03751864
Kaimur,227,47,208,6.727040727,520.4011174,30,86.92999747
Wayanad,259,42,275,5.745614742,1294.783536,25,52.80943178
Kurukshetra,215,57,73,6.529241916,1298.670814,28,91.34321942
Saran,261,35,202,4.33930277,769.5821607,30,84.63803387
Siwan,242,23,259,6.76363083,1310.27999,30,73.40109349
Alappuzha,226,43,301,6.421197579,409.7849231,29,73.67351565
Pathanamthitta,246,50,256,6.914810958,1341.215152,28,11.43395392
Kannur,236,40,119,6.300832241,1814.100289,25,27.81276773
Karnal,217,60,277,6.268141876,1049.717565,28,7.617874762
Madhubani,236,51,303,6.20870943,1576.213357,30,1.859439713
Madhepura,257,15,220,6.391286028,1344.153019,28,16.67264361
Lakhisarai,200,4,248,6.764203908,205.5154264,30,88.16823108
Khagaria,52,51,158,7.185079142,419.5971639,30,24.74753184
Sonipat,243,48,293,7.597868353,1594.70369,25,97.0452423
Palwal,226,51,274,7.423393503,272.8152692,27,60.13180896
Arwal,223,55,249,6.779973814,1921.245783,29,24.48859028
Gopalganj,228,57,229,4.741115542,1809.337091,28,50.21594954
Thrissur,230,57,198,4.927358373,852.2748958,24,22.69038745
Kishanganj,160,41,87,7.575561541,758.6909555,28,98.41338226
West Champaran,213,52,263,6.627986733,1303.277216,26,84.87923341
Sheohar,264,48,251,6.619641952,1301.22672,27,3.597640089
Rohtas,213,47,213,6.118276866,360.2597479,29,94.82982712
Nuh,234,6,284,6.265443236,587.6942225,27,72.38544562
Nawada,125,47,254,6.086659618,1345.639855,21,9.15574395
Rohtas,252,41,235,4.837095569,1641.386919,33,67.39313689
Nuh,123,50,212,6.452559604,545.6044939,26,65.0457431
Alappuzha,220,50,261,5.49457478,1463.477986,28,22.66008583
Rohtas,224,58,221,6.517662721,1766.855456,31,76.0862233
Pathanamthitta,174,35,164,8.337694816,412.0492572,29,9.619405628
Palwal,40,48,210,6.181331931,990.3861123,30,49.45507294
Kannur,236,20,310,6.463471349,1730.999939,28,1.982397509
Aurangabad,202,39,210,6.578506078,867.1284147,26,96.9050114
Saran,197,48,243,6.195699418,685.023188,25,75.40479955
Panipat,233,41,144,6.107867263,1542.106555,24,16.72635554
Araria,250,25,215,6.797468973,921.4002524,24,34.82572996
Yamunanagar,232,54,231,8.444360469,1471.361136,27,16.8956754
Karnal,223,48,279,6.308154266,427.5041678,30,76.89512895
Bhojpur,203,51,199,6.539391805,1196.319623,25,6.830736217
Thiruvananthapuram,232,60,229,8.192234262,883.029516,33,84.2002589
Charkhi Dadri,240,57,115,6.537656138,1995.149113,26,94.27743754
Darbhanga,235,51,255,6.764239072,1264.504555,25,67.98616634
Kottayam,258,52,260,6.801873301,1427.897569,29,22.08357955
Siwan,198,21,282,6.883353255,435.8632103,28,36.64891949
Fatehabad,214,10,218,6.484526015,1985.544592,26,48.24674761
Saharsa,227,17,206,6.015637425,292.5280391,29,60.85785245
West Champaran,231,51,217,8.256691342,327.5060078,26,67.19764589
Banka,219,42,208,7.833906006,336.3234937,27,55.86725682
Hisar,206,57,278,6.546648925,1767.081161,30,35.78007816
Palakkad,255,59,190,6.709594817,1511.460756,29,89.20081078
Khagaria,237,56,230,7.796544645,1951.495312,28,9.057813744
Jind,206,57,308,4.611752821,319.8085995,27,47.15934937
Gopalganj,263,46,283,6.939414278,1445.016158,29,77.78091901
Sirsa,240,47,250,6.2333397,1159.884711,26,7.026393864
Alappuzha,202,44,260,6.468820277,1350.44514,27,70.82818646
Begusarai,223,44,215,6.421997656,1123.249472,22,82.15145065
Panchkula,205,43,129,6.766561794,1415.62452,26,66.42229855
Bhiwani,71,63,211,6.136255665,1832.706369,27,2.280752335
Malappuram,214,56,233,6.195590115,1257.452977,23,18.83356569
Gurugram,237,41,237,8.112053814,1813.548577,26,34.86919481
Gaya,238,45,299,4.722368287,1607.892168,33,24.13531353
Gopalganj,248,56,63,7.094035796,1756.863261,26,96.30256188
Saharsa,230,63,260,6.905065633,1386.651561,26,65.5077975
Idukki,189,60,281,7.824317894,1133.490397,25,30.40012478
Ambala,217,58,255,5.419118969,325.1978732,25,93.04005237
Jehanabad,214,57,260,6.029234387,1702.824435,24,74.31882575
Panchkula,213,54,295,6.213010484,635.6193319,27,29.17611397
Kasaragod,216,48,265,6.884720139,265.9897878,30,38.50927537
Ambala,222,42,270,7.000152237,1134.328124,31,20.74345697
Panipat,223,56,278,7.04425951,1338.528146,25,97.13632583
Bhiwani,233,60,209,6.433916996,1391.296523,28,52.21235309
Supaul,223,44,105,6.329829595,1405.488421,27,89.70961206
Nawada,228,52,286,6.111759161,1376.700308,29,35.30347733
Idukki,226,51,226,6.79600366,1654.745856,33,86.22331871
Bhagalpur,233,59,231,6.208659303,1584.850896,23,6.334797994
Kaithal,218,45,269,6.748148328,1663.10125,31,98.22694143
Faridabad,63,45,270,6.669372971,1028.471851,26,91.29140234
Gopalganj,248,22,261,6.427234438,313.0737425,27,36.95709153
Yamunanagar,236,59,188,6.29388158,1351.237276,28,77.69749437
Sitamarhi,232,49,206,6.817438234,578.3865458,30,75.47353472
Siwan,231,55,83,6.508142991,1747.138802,32,90.22422491
Kozhikode,141,38,42,4.735239179,1498.998296,30,31.41824313
Araria,260,56,294,6.875324523,1578.56579,30,47.08648053
Lakhisarai,242,23,230,6.352446567,715.5599788,25,86.63496165
Panchkula,208,52,255,6.687469173,1339.497385,25,78.07936596
Fatehabad,246,56,83,6.2139815,1150.551087,25,39.95320516
Sonipat,203,49,252,6.641984765,683.2133565,27,84.72679806
Thiruvananthapuram,199,54,274,6.134808099,1662.006128,28,5.648449884
Vaishali,231,48,199,7.891576109,1189.925147,25,78.42258399
Kishanganj,190,58,289,4.809932414,543.4188609,26,21.46982008
Madhepura,249,49,271,4.865947808,749.4448257,26,29.32596987
East Champaran,250,44,320,8.000600593,608.7934266,19,49.82826952
Madhepura,244,52,246,7.796395384,762.3198569,26,45.52371561
Karnal,248,59,249,6.281688491,538.7045467,25,52.53644058
Vaishali,234,42,304,6.845082359,868.0500149,32,54.93278397
Nalanda,259,45,249,6.70088953,1449.169706,26,33.82124141
Sheohar,234,60,254,6.194557087,1926.738973,30,18.34752379
Faridabad,91,35,176,6.056184959,578.9649035,28,77.0796417
Thiruvananthapuram,224,42,253,6.474350062,739.6932957,28,40.59763876
Ambala,233,42,200,6.489436862,203.8764278,28,51.07824538
Patna,206,55,236,4.797459601,605.5484025,30,64.82497512
Idukki,232,46,143,6.908757442,953.2133357,32,91.05415431
Araria,249,41,213,7.707287911,1031.127329,29,71.04773028
Begusarai,217,43,213,6.851679628,679.3966842,23,5.500463333
Khagaria,228,43,256,6.062676268,470.5813433,23,84.01747598
Yamunanagar,207,48,265,7.125590968,1213.525493,28,98.9461465
Kurukshetra,215,43,217,6.439885734,936.5405821,24,47.77601751
Thiruvananthapuram,197,56,245,8.38362991,967.278575,30,96.98944331
Nawada,229,52,239,6.144491988,1810.965051,26,55.18554549
Ambala,55,54,258,6.065140308,1210.597228,25,46.50198359
Kaithal,234,50,258,6.121332808,899.0109048,29,33.80907171
Kollam,225,47,245,6.780371488,656.8216482,31,66.09793271
Sheikhpura,242,39,252,6.880546169,971.4758687,27,23.75222163
Hisar,209,43,201,6.16051217,1751.36321,30,11.38848763
Jehanabad,191,49,281,6.903164773,1937.180089,28,3.696473156
Panchkula,209,38,106,6.756751983,879.0153764,25,29.94563116
Begusarai,239,22,241,6.739638097,576.1678531,25,40.18131238
Jamui,228,40,247,6.702642609,1846.135386,25,55.65559293
Bhiwani,211,49,99,6.577680361,459.9866094,29,29.98223269
Sirsa,216,49,235,6.760317837,735.2934645,30,98.42189767
Sirsa,235,43,292,6.069617573,567.4626917,27,29.88277166
Madhubani,199,50,277,6.842455332,1218.493254,27,44.65656346
Kannur,213,59,255,6.377344777,935.5540222,29,11.22434039
Sitamarhi,243,44,274,7.116465308,716.8994314,33,26.80202482
South Goa,231,48,287,6.083238347,1582.270615,30,5.784881839
Patna,241,49,223,4.957203001,1395.410074,26,56.39135471
Yamunanagar,227,51,284,5.451816462,1991.920654,30,75.35540363
Bhiwani,210,9,293,6.286723525,761.5787749,29,20.37527162
Lakhisarai,249,40,223,6.033449462,1721.505921,30,37.42318284
Siwan,197,51,242,8.077920539,744.5134405,35,2.645006446
Samastipur,117,51,229,6.063783221,216.267245,24,84.11268352
Wayanad,226,45,220,7.598544624,471.6158355,27,78.21638897
Kannur,238,47,287,6.716893425,1115.246933,30,7.262149057
South Goa,225,21,245,6.837500687,1658.016812,27,37.12189332
Charkhi Dadri,100,62,286,6.251642534,303.3426693,28,95.57337477
Arwal,241,41,297,6.424676796,1697.626279,29,39.81067855
Panipat,231,54,246,6.764660396,1488.933908,29,53.094659
Sheohar,247,17,225,6.745436898,262.1343496,30,36.16904324
Hisar,206,43,141,6.378980927,391.3323795,26,60.01700742
Karnal,216,11,300,6.111016626,336.133934,27,97.83753069
Bhojpur,247,46,285,6.398000381,1422.187393,25,99.75274784
Madhepura,262,9,220,6.674656799,1209.853267,31,77.69678282
Panchkula,180,44,138,5.601115373,845.94493,31,41.0267987
Fatehabad,156,55,274,6.297895667,358.9608352,28,49.94878788
Ernakulam,212,63,288,6.527345957,907.3667119,27,36.31640148
Rewari,210,50,226,6.848228913,1427.91152,27,98.57188836
Kollam,215,54,293,5.171586415,368.1411194,26,71.06827028
Jhajjar,218,52,260,6.450538564,1741.852913,30,45.4442131
Mahendragarh,235,57,272,6.630086582,313.2355112,30,2.199411741
Banka,246,42,282,5.955671196,1294.748768,30,52.52785802
Gurugram,251,14,285,6.376190635,540.4658659,27,98.40889197
Patna,215,45,287,6.929868644,364.9514137,26,52.78302999
Kozhikode,219,57,225,7.896604386,838.9487668,28,19.06024186
Palakkad,238,53,232,6.113503022,1400.470474,23,3.187280963
Karnal,249,42,293,6.095326928,417.8953012,29,36.11567205
Kozhikode,112,62,276,5.964373283,1056.255183,25,91.90457751
Bhiwani,45,51,244,6.147268132,930.9928081,30,99.65885671
Sitamarhi,113,52,232,6.211579976,969.4176346,28,94.59142951
Vaishali,215,58,200,6.042665653,1898.15015,28,73.21257933
Madhubani,202,46,212,6.829358571,828.2538228,28,56.25613012
Saharsa,208,54,297,5.237320407,1984.932034,24,59.47792849
Gaya,247,57,280,6.622351836,1169.104101,27,54.3602089
Saharsa,220,42,310,6.922362593,1716.465594,25,70.99788119
Charkhi Dadri,235,50,229,6.596939273,827.9558034,27,42.46844944
Gaya,224,58,202,7.008324612,352.5928782,24,67.25119649
Mahendragarh,204,40,301,5.966639607,351.9265653,26,13.03959938
Yamunanagar,220,24,222,6.608519091,1233.468719,28,27.30383535
Ernakulam,249,24,60,5.751997425,1873.848439,26,83.76430084
Katihar,219,51,229,8.356114623,328.1974735,30,90.47114414
Sonipat,243,57,280,6.771086772,1440.411137,24,54.36181552
Thrissur,242,52,61,6.154355205,1213.851963,29,4.131926104
Nuh,207,38,266,7.711290082,1374.051104,33,92.77038351
Kaimur,251,49,308,6.756443382,587.9737208,27,70.50436154
Patna,223,13,228,5.995571189,326.9153223,29,41.98876445
Pathanamthitta,243,52,294,6.399492872,334.5108129,27,60.23951538
Kozhikode,221,60,297,6.381908032,644.1045997,25,43.54770861
Sonipat,203,39,104,4.366019091,584.5506778,31,47.06858345
Kishanganj,181,60,277,6.387960579,427.4436961,23,88.7941767
East Champaran,67,60,108,7.408679311,676.4293303,29,16.94734044
Jamui,241,61,219,5.963955506,1161.152645,21,11.26324441
Kurukshetra,232,41,226,4.647711204,1909.124858,30,1.270145707
Ernakulam,250,51,205,6.314257691,1860.083768,24,32.08603719
Siwan,206,59,246,7.643712391,689.0845558,30,15.59396288
Charkhi Dadri,55,54,304,6.250111072,319.1776294,30,22.77856402
West Champaran,212,38,300,6.942989394,1992.140459,29,2.112659284
Alappuzha,200,44,283,6.969127271,1057.535035,26,23.49234605
Arwal,220,58,259,7.154072082,1960.941877,28,33.93844661
Jind,78,56,214,5.985816197,1167.755632,28,4.125182145
Darbhanga,251,53,230,8.342159645,1795.449477,24,61.18250831
Bhagalpur,216,51,289,6.256068936,1004.997173,24,57.31123454
Supaul,231,56,275,5.955028724,1319.64142,25,10.60654207
Jind,233,43,202,6.474813605,1164.332572,28,59.90596797
Aurangabad,215,16,290,6.206686733,595.7791744,31,99.86673794
Gurugram,195,43,275,6.568738477,1574.836913,31,94.50242633
Palwal,241,46,264,8.174734158,298.6500325,25,1.264428343
Munger,227,26,273,6.254692934,852.3411426,27,79.74245282
Lakhisarai,231,62,291,7.635769862,1765.824884,29,36.00692235
Alappuzha,236,43,271,6.442751688,1104.830773,24,7.301485663
Jamui,108,26,80,7.891432176,339.7618593,30,30.30233816
Alappuzha,249,54,277,5.035071433,573.5544563,28,32.85191511
Katihar,79,12,44,5.556429571,397.3511541,27,52.80117969
Jamui,153,63,247,5.033925009,699.7399525,28,66.44729296
Rewari,236,55,71,6.592298982,497.5612963,30,75.15650561
Mahendragarh,243,46,240,6.142308785,1481.51141,29,25.34440121
Rohtas,194,57,75,7.005870083,1386.96736,29,32.85528645
Munger,227,59,298,4.923230963,443.1419607,25,31.52978898
Bhojpur,229,58,275,6.246517586,1000.983499,30,36.91094994
Rewari,228,57,226,6.713222765,732.5148422,27,99.96597459
Sheohar,114,59,294,6.049394871,806.9887448,19,78.01638698
Sonipat,243,53,263,6.04999835,1236.763582,25,97.52405606
Yamunanagar,213,52,53,6.235251459,1817.640281,31,69.6179949
Kaithal,225,2,86,7.780194531,1815.185031,25,41.22079946
Araria,213,64,254,6.191112129,943.4386936,30,39.58467418
Jind,224,54,107,6.71292525,907.7512711,28,49.36953335
Kottayam,134,66,44,5.684627487,1132.356568,27,42.27010855
Kasaragod,237,51,308,4.942512466,1053.407013,27,83.00429836
Jehanabad,256,43,245,7.464201435,311.2130429,33,47.03519929
Rohtak,208,12,239,6.840645955,1241.749013,21,30.26582166
Jind,216,54,270,6.735602307,1252.518427,28,77.7111666
Thrissur,113,49,150,7.500010259,1010.607336,30,85.58762053
West Champaran,190,7,284,6.598074529,945.136538,28,42.62246666
Malappuram,241,58,42,6.41151628,1890.102341,25,67.11304862
Samastipur,256,24,291,6.604194489,1281.483203,31,6.821648855
Saran,201,48,95,6.165854945,1669.302992,34,53.41702035
Rohtas,232,51,259,6.590770741,1916.913915,27,5.453132637
Panipat,197,40,291,6.759171186,1658.183042,25,3.889893209
Jind,193,56,258,8.197844468,1897.36323,25,61.6795602
Bhojpur,225,55,229,6.397780311,1566.728438,28,31.03020286
Kozhikode,208,23,281,6.853326613,506.2169394,30,74.51117908
Gopalganj,148,28,215,7.026176586,608.4747608,19,89.7121735
Nawada,244,42,251,7.910395636,549.0114517,28,14.7997262
Munger,198,52,201,6.328725496,779.8269607,30,72.72776102
Jhajjar,140,54,259,6.476033593,838.9870321,25,51.93747983
Samastipur,219,58,230,6.784497254,1660.127561,23,12.09980577
Madhepura,252,57,91,6.130550984,849.5335382,24,65.50766804
Jind,227,54,252,8.449617027,1508.993619,30,61.33721351
Gurugram,223,54,63,5.702352211,1826.870193,26,52.04854487
South Goa,206,44,257,6.199313596,406.1961481,25,92.72064925
Patna,246,43,199,6.095147928,200.4702553,27,52.58688991
Sirsa,214,50,263,6.538845609,1799.585471,27,99.06099643
Muzaffarpur,214,58,248,6.815848607,628.861127,29,51.41365257
Nawada,218,43,259,6.758542796,476.1879503,26,12.46935179
Siwan,241,49,295,6.114830728,731.3757987,32,47.57665386
Jehanabad,211,50,213,6.42139757,534.846994,27,19.05054749
Begusarai,199,55,237,6.158105841,1628.573606,30,60.11621504
Jind,96,41,247,8.540573824,1342.114431,35,69.62008534
Araria,204,31,91,7.855657567,501.147718,30,47.37509259
Sonipat,230,9,248,6.434032969,1250.414795,32,10.6725938
Lakhisarai,220,52,289,6.669057319,574.5639034,30,47.39549846
Supaul,204,50,244,4.838761521,555.6007504,25,9.063967259
Bhagalpur,219,60,276,6.472557063,1271.804607,31,68.5304696
Munger,181,54,109,5.345394229,1396.436666,27,79.24645426
Pathanamthitta,225,51,238,5.324854711,823.1636938,25,96.2756524
Kasaragod,148,1,253,5.79607799,1574.133646,29,15.73140861
Malappuram,229,56,283,4.908284203,1706.986081,31,53.70961322
Sonipat,214,54,269,6.921358481,1849.419569,27,57.18619939
Kozhikode,236,40,301,6.636390071,1326.907867,34,92.32517684
Banka,216,45,257,6.766966072,596.0448017,27,63.10038742
Idukki,242,48,298,7.081378517,1547.236643,29,15.40545492
Jhajjar,234,55,202,5.051944037,394.1225142,27,44.19878107
Jind,238,41,219,6.499134985,526.1867507,23,65.82149032
South Goa,201,45,205,6.151191625,1699.018629,30,70.32815877
Hisar,224,54,229,6.786945519,1839.492996,25,86.44432586
Palwal,252,54,254,6.798892302,320.0907189,32,18.87020486
Ernakulam,136,47,271,5.964246535,761.8187555,24,95.20267253
Kasaragod,257,55,310,6.358282856,1332.519557,25,6.85480179
Hisar,199,52,270,6.484720433,1889.565932,25,98.39245132
Kozhikode,222,43,230,6.697443942,1227.305793,25,85.91894219
Mahendragarh,230,35,296,6.2188385,1677.786594,25,66.36700549
Rewari,196,52,248,5.319332577,1860.959214,24,73.76455453
Nalanda,226,59,265,8.503392485,1134.277195,27,8.196508586
Sheohar,208,20,92,6.204439513,1532.809225,30,5.106506427
Saran,231,54,231,6.505402197,1392.343243,26,11.07481386
Sitamarhi,225,49,244,6.551087162,1408.452011,25,9.648621652
Nalanda,222,42,282,6.453229014,1130.720001,29,55.19074211
Supaul,236,58,210,6.34586564,1321.744983,21,22.32895472
Darbhanga,202,48,259,6.609139936,1197.874111,23,86.16035808
Kaimur,208,49,229,6.940036749,1347.937422,27,45.12911368
Charkhi Dadri,216,54,218,6.704268833,1109.356022,30,69.85553717
South Goa,96,49,293,6.455249231,600.4946267,30,65.6344362
Kishanganj,210,57,230,6.883961897,1448.513211,28,32.66545085
South Goa,55,61,235,7.619959645,891.2570306,28,25.07358978
South Goa,259,60,218,6.202963263,429.9347255,29,34.90317224
Gopalganj,245,51,249,6.145755812,1732.383551,31,79.86917901
Nuh,233,39,260,6.489108956,526.4246065,27,59.04140799
Ambala,232,43,225,6.431400268,1173.276152,31,26.10032759
West Champaran,215,65,170,4.433583645,1498.011303,25,81.96679786
Munger,233,40,247,4.981504185,1365.864353,32,6.421179225
Aurangabad,239,44,264,7.811040767,489.5471006,28,70.21915412
Kurukshetra,211,23,255,6.768302504,549.4486279,27,44.47097977
Jind,225,58,283,6.24803716,467.9263708,30,73.39774822
Alappuzha,122,58,283,6.568796643,330.5849386,29,92.81866674
Hisar,213,43,196,6.759869834,709.8922694,34,75.2533757
Gaya,184,50,267,6.203700125,1143.449012,26,44.75457018
Jamui,206,57,180,6.918970045,511.3115974,26,15.94659247
Kasaragod,144,41,242,6.883710983,1947.546689,29,80.8287466
Rewari,253,2,163,5.644350499,1457.894866,31,46.60984717
Mahendragarh,238,42,250,6.120307296,1250.18225,27,8.455920022
Sheohar,217,58,234,6.261816962,1426.553504,27,72.18648438
Panipat,226,47,246,6.296838753,984.710019,24,29.89334463
Idukki,91,60,262,6.997158397,1045.83472,25,5.839934721
Supaul,220,58,247,8.444927515,1799.596921,24,90.37235048
Darbhanga,200,24,244,6.92569658,1499.491017,30,48.82700812
North Goa,77,50,49,6.035241607,1258.736308,28,28.81514426
Pathanamthitta,44,66,188,6.341384093,1910.3826,27,71.92226923
Samastipur,224,44,223,6.202917157,1392.754324,27,88.70433539
Kaimur,244,21,266,6.355328742,917.6421817,29,1.030400428
Saran,223,58,257,5.444095301,285.4242589,32,69.09736632
East Champaran,221,40,268,6.343515885,903.2169912,26,76.93415771
Vaishali,82,61,200,6.828299845,1864.650449,25,21.7828153
Samastipur,224,53,238,4.962012527,280.3697445,26,49.47275931
Kurukshetra,227,47,224,6.751491315,532.2127627,29,9.839303993
Purnia,253,52,234,7.047222546,1655.74559,30,74.92823837
Kottayam,232,46,72,6.801977819,856.918687,26,84.89814584
Rewari,221,53,276,6.218601675,534.6176198,26,11.71047908
Rohtas,188,41,290,8.092436692,1668.197263,28,81.82956509
North Goa,206,61,216,7.93614865,1205.191356,25,77.38544688
Sheohar,244,44,269,5.56902355,1187.234231,28,35.34441872
Khagaria,239,43,245,6.402911303,728.8129052,25,69.33866346
Sitamarhi,264,48,239,6.327958628,1415.242466,26,1.004764266
South Goa,249,38,278,7.902104485,1751.286959,25,93.24796779
Khagaria,193,55,259,6.697686451,1550.369555,27,55.4879403
Sheikhpura,231,55,187,8.039133694,1302.366941,25,62.41354754
Supaul,189,50,260,6.617955904,830.9351525,22,66.80128194
Munger,230,44,300,5.177473129,1738.646476,20,56.5755327
Gopalganj,215,52,185,6.573108148,1218.993662,25,85.81962487
Samastipur,237,61,225,6.830109246,1801.252606,28,61.36048138
Alappuzha,218,58,232,6.296831817,657.5214859,28,90.86823913
Kottayam,213,52,202,7.985814223,1377.731905,33,58.6508306
Faridabad,227,54,274,6.334102441,1883.340021,28,17.94111978
Sonipat,207,42,246,6.103151012,873.3542243,27,91.44269303
Kozhikode,128,42,256,6.273587057,1912.279454,27,68.48112234
Nawada,212,58,264,6.253723182,906.4316498,28,70.22466045
Nawada,235,53,263,6.658126719,987.8384543,30,98.56269331
Gaya,203,46,120,6.226416988,1651.605272,28,8.444458867
Mahendragarh,228,60,257,6.703427434,669.3889675,21,43.4306681
Panipat,183,43,278,6.166307639,1470.571491,28,24.67044391
Darbhanga,177,30,296,6.798908681,737.1005429,27,63.41222001
Nuh,232,57,293,6.090238049,1268.786372,26,80.87435669
Banka,220,55,272,6.481950122,1596.729583,24,96.66476018
Idukki,242,61,245,5.836079932,247.0507551,29,46.00501459
Mahendragarh,227,58,260,6.515371059,359.2587328,29,78.83560483
Gaya,119,57,28,6.995868896,1881.87384,28,91.78810761
Supaul,103,46,216,6.941660523,1668.493184,26,68.64921782
Sheikhpura,208,34,318,8.299319011,1778.617137,28,25.03052269
Buxar,234,48,228,7.706902584,990.0950016,26,61.17756096
Banka,94,41,284,8.290108203,1489.433372,29,97.02525273
Rewari,227,47,255,6.274663939,1996.895427,28,98.76782906
Yamunanagar,202,47,295,6.209409537,978.5562294,25,64.59362255
Sheikhpura,218,57,206,6.357639873,1724.203694,28,88.81178803
Sonipat,214,58,209,6.117093569,342.7094235,26,20.83458702
Jehanabad,225,48,279,6.599647146,1178.952845,25,25.36178189
Begusarai,227,54,226,6.734727622,799.8316741,30,95.33587368
Yamunanagar,240,45,252,6.944275023,1141.562718,30,14.38830217
Katihar,216,47,297,6.129680987,405.3339019,27,19.91953737
Supaul,226,47,295,6.157130824,861.827481,25,42.63431131
Fatehabad,226,18,264,6.450563496,337.7535267,29,59.36884449
Nuh,232,60,307,6.578438334,1015.567647,22,60.77790468
Rewari,233,59,247,4.943830515,995.2307951,28,29.90562486
Muzaffarpur,212,61,289,7.122669798,793.4782535,28,92.1407759
Sheikhpura,200,53,286,6.601615687,1906.961697,27,91.59489085
Kasaragod,224,40,307,6.574245161,349.2804032,28,39.81473725
Madhubani,196,47,222,6.252733648,1684.781565,28,43.99488517
Vaishali,201,56,193,6.71374119,838.8688477,25,70.54721457
Madhubani,230,47,292,8.310442181,558.7646934,29,66.63659374
Kasaragod,245,53,267,4.985882471,690.6060228,27,38.84740448
Rewari,47,63,138,4.965225313,1823.40887,28,42.0101809
Araria,222,40,217,6.661260555,1684.817517,31,35.4558554
Purnia,211,48,211,6.705384348,228.3637585,30,24.30311569
Sheikhpura,229,60,278,6.61417661,465.1930034,27,46.35569793
Thiruvananthapuram,235,60,234,5.333955881,1415.048853,33,68.95697906
Kottayam,240,57,205,6.238395963,771.3452243,26,74.45470383
Nalanda,221,54,245,6.726592848,1854.453996,28,78.10849118
North Goa,223,50,227,6.837399062,1615.702999,22,38.09846933
Kaithal,238,60,207,6.234646888,1775.069776,27,76.69896343
Begusarai,241,47,104,5.878729287,547.166826,25,1.645115253
Idukki,216,51,265,6.469959648,471.2693902,29,48.22794383
Sonipat,219,13,276,6.657032871,1877.473893,23,79.59653561
Thiruvananthapuram,251,42,290,6.402301081,927.5492703,32,63.37442734
Supaul,213,57,244,6.608517887,948.2900764,33,47.93224929
Nawada,233,56,222,6.21942588,1432.227142,28,64.81955865
Gopalganj,234,50,265,5.210564363,915.4120078,29,90.78765431
Jamui,233,52,198,6.04921926,1775.344428,30,57.07179826
Gopalganj,208,52,285,4.564256386,1926.334791,28,80.17883295
Aurangabad,80,46,216,6.016451863,798.5341838,29,98.0935298
Patna,229,51,257,6.226434946,574.5038101,25,70.85125201
Purnia,65,49,245,6.82258394,335.5501186,26,57.75925063
Yamunanagar,244,48,87,6.409265238,585.8530152,32,4.711108765
Madhubani,247,24,281,6.305308226,451.0017633,24,38.07331193
Panipat,237,12,264,6.676834627,252.4166006,28,56.97883062
Patna,218,31,40,6.15113005,283.9837001,28,79.9234506
Madhubani,126,42,231,6.681100807,1116.854725,26,44.37237418
Rewari,86,51,239,6.399271302,1474.028892,28,96.0457693
Wayanad,209,47,252,5.124939599,1969.864625,25,27.90758151
Kottayam,204,57,262,6.352698457,480.2248184,29,74.71215233
Gurugram,112,53,252,6.763138849,1456.813678,26,42.48411029
Sonipat,89,26,83,7.446683628,1197.194459,33,49.11286096
Sonipat,66,49,276,6.798794255,1060.6258,25,80.44770135
Kishanganj,212,15,250,6.885066866,1499.312807,24,30.3253109
Lakhisarai,120,15,181,8.119747812,629.5795429,29,10.5843936
Kasaragod,261,49,195,5.396472152,760.3251436,29,52.50530288
Aurangabad,72,43,238,7.096696353,892.3001857,24,53.35066657
North Goa,210,58,249,6.471736846,528.3131603,24,79.91960945
Darbhanga,133,58,272,6.427419051,1061.518624,31,96.86360142
Bhagalpur,149,51,298,6.924846375,437.3598336,30,6.474767947
Bhiwani,214,56,246,6.150427919,772.6576888,30,59.5772579
Charkhi Dadri,251,58,277,6.94132576,403.6921198,29,68.4465745
Kottayam,198,22,271,6.621905654,264.5893438,26,98.59433372
Sitamarhi,151,63,93,6.879123462,839.3779336,32,94.31643121
Kaimur,187,66,122,8.387371024,1311.590787,27,71.53262571
Faridabad,118,64,117,5.703494296,473.4021887,31,52.65715171
Bhagalpur,138,42,214,7.01914403,1988.222968,26,16.99086831
Saran,217,55,205,6.424910487,693.8270048,30,39.03347897
Araria,196,43,242,6.100891896,240.8505955,28,58.92711018
Kollam,231,55,271,6.362080163,250.4618156,28,72.79483926
Patna,216,51,292,8.244641101,1399.823529,25,63.90455619
Lakhisarai,244,59,279,6.18948999,1405.766657,27,71.69815738
Kottayam,229,44,264,6.366540341,1824.86513,23,43.48609795
Madhepura,194,52,269,7.839243239,363.5143253,26,73.03510177
Idukki,140,46,299,6.317798139,877.4634713,26,15.23038435
Kurukshetra,211,53,201,6.373330042,1800.691561,26,17.09604486
Sheikhpura,217,43,240,7.762194713,1635.819137,25,17.12038244
Bhagalpur,228,57,228,6.446583236,620.2095323,25,89.19563075
Ernakulam,236,59,300,6.456021377,1801.941135,29,8.527372268
Yamunanagar,122,30,47,4.551955601,1425.469717,29,80.3493289
Samastipur,205,2,258,6.4847343,675.770672,25,24.12351891
Idukki,245,50,221,7.982147232,280.68389,32,47.37456411
Kaimur,242,59,83,6.940118777,1095.397772,24,91.67970295
Nalanda,216,42,226,6.680447057,1483.539707,25,59.00778574
Kaithal,196,30,76,7.537665449,683.5595228,27,21.80165094
Kishanganj,274,38,256,5.396823199,503.7248228,29,29.12491597
Bhagalpur,219,41,236,6.650755423,335.506213,25,92.12421577
Kollam,233,53,286,6.060091359,1715.644366,28,43.28724859
Lakhisarai,230,54,257,6.056283381,298.5165704,28,59.11156282
Muzaffarpur,203,56,234,8.031076308,1296.926782,26,46.53328747
Patna,226,47,231,6.239803075,1573.837797,25,38.46537072
Siwan,208,55,256,6.824605046,1604.867362,23,23.10463357
Kollam,226,43,287,6.211942206,1376.659848,30,68.93295855
Darbhanga,248,42,137,6.370067274,1375.03272,30,72.1059606
Wayanad,229,55,237,6.219679616,1053.365436,23,28.21362407
Alappuzha,203,51,148,6.848090519,950.072332,30,79.11207346
North Goa,222,46,278,8.387788892,447.2386137,27,85.59898483
Faridabad,229,47,232,6.062838499,1163.636779,27,92.14683453
Panipat,246,51,246,5.592475036,327.8537317,32,16.96002898
West Champaran,228,16,103,5.166637043,1042.754888,22,31.08844468
Kasaragod,234,50,247,8.408966588,1515.621366,20,86.1749814
Faridabad,240,38,310,6.252026817,997.1533784,29,20.65548008
Samastipur,208,49,250,6.822864294,1114.909365,25,1.343377465
Fatehabad,211,51,236,6.792155683,1715.970599,23,87.21190371
Gopalganj,233,50,269,6.778512525,1363.848184,23,33.31849473
East Champaran,230,20,269,6.891873786,429.673775,33,42.03525499
Kozhikode,224,22,234,6.43276231,1177.286785,26,45.18706855
Fatehabad,207,41,301,6.399384289,856.2356705,31,84.97918547
Rohtak,126,54,303,6.12074222,572.2985949,29,34.45132231
Khagaria,208,51,203,6.730448587,1366.343625,23,89.3357087
Sirsa,238,46,283,6.591319543,895.7059807,29,62.07697467
Siwan,106,54,239,6.547534158,1581.152473,24,53.20138568
Katihar,193,47,279,4.927533839,1255.701418,26,33.23583621
West Champaran,220,40,263,4.433686613,387.6619144,27,25.12745793
Sonipat,211,57,95,6.407662362,830.6287028,27,62.78178583
Kannur,227,48,283,5.049196227,685.717276,27,45.24252185
Kozhikode,79,48,254,6.874573251,469.9506211,33,91.14108498
Ernakulam,223,59,224,6.495909389,1640.395119,31,49.6722329
Karnal,222,18,301,6.029628048,881.3516674,26,51.66769675
Jind,250,42,250,6.617779764,1303.865925,21,42.25560483
Sheikhpura,113,42,280,6.616397269,1787.621815,28,79.1370367
Buxar,257,13,222,6.208208461,1177.411899,30,43.05908061
Siwan,273,48,209,8.278912812,664.5449949,30,27.66485798
Gopalganj,247,45,284,6.646467189,1623.232643,25,86.34105656
Fatehabad,225,41,207,8.406216562,984.3586683,25,60.08599392
Gopalganj,232,40,287,6.261912925,1214.905771,26,59.55951176
Sirsa,240,44,292,4.975579358,1823.749792,32,61.47139851
Jind,211,54,221,6.648793052,1080.695336,31,72.16513507
Rohtas,246,11,293,6.396050066,802.4495919,27,31.99373094
Mahendragarh,204,44,210,6.15530456,1509.308443,27,4.350592712
Purnia,213,17,242,6.889408617,440.300764,26,81.24872293
Buxar,219,43,282,6.747976217,1844.703607,26,13.76160033
Idukki,236,39,267,6.942913145,1847.983491,30,72.46015398
Karnal,93,52,255,5.985563816,1242.933219,29,9.14921453
Madhubani,204,47,240,6.416197867,477.7325094,27,38.15547636
Hisar,233,41,210,6.226514949,1013.763943,27,7.239580913
Ambala,225,41,293,4.905965198,961.9490611,25,52.69915428
Kaithal,235,44,255,7.576133736,736.96459,30,65.66044151
Katihar,244,55,223,5.380134054,515.180221,23,17.97188098
Nuh,230,46,255,6.369225858,674.6520182,26,37.79113423
Sonipat,226,45,115,6.582950628,1199.951297,34,93.09370961
Araria,205,55,222,8.273361251,1434.272171,24,44.79652259
Malappuram,244,42,248,6.523805155,1963.273122,25,80.45181333
Purnia,137,12,51,6.64420738,588.3650958,27,92.79128976
Samastipur,256,49,232,6.32390398,567.2292289,27,97.46023667
Sheohar,235,57,281,6.928431914,410.6600221,28,89.93387995
Gurugram,236,44,252,7.049837169,1890.18828,25,32.42312759
Bhiwani,247,56,288,8.390251046,887.3283727,28,96.29471573
Begusarai,190,42,262,5.07763124,1863.165439,26,81.42712893
Kannur,203,39,250,6.799095519,1800.983889,22,83.88038278
Hisar,199,56,228,6.817799842,279.1562714,27,2.502125433
Banka,233,57,131,6.900222565,703.5880894,26,95.46964747
Munger,221,53,129,6.103486626,744.541216,29,78.03093216
Kishanganj,218,54,211,6.080815488,699.2247027,30,77.02878215
Kottayam,65,50,252,6.109086888,965.6044631,29,9.070948362
Fatehabad,84,30,66,6.830516371,1098.754136,27,24.02428557
Pathanamthitta,151,64,86,6.567378712,1564.758965,28,96.26390485
Rohtas,230,52,197,7.033691154,681.8652158,26,50.56703041
Ambala,254,47,261,8.347262399,737.7439794,28,40.38794381
Begusarai,206,40,305,6.182737562,1277.490146,28,84.1541409
Thiruvananthapuram,231,45,289,6.099374414,522.6841255,23,9.646700997
Thrissur,205,51,282,8.118712797,1051.747136,21,42.27725961
Bhojpur,232,44,237,5.938969544,651.7731796,31,38.19437667
Madhepura,215,47,44,6.993282962,556.3821834,26,35.63528732
East Champaran,211,57,123,7.026484498,1632.175537,26,31.46153212
Aurangabad,235,13,242,6.485260805,1472.821035,27,21.79742072
East Champaran,230,41,272,6.695594799,649.6627058,27,18.1181695
Palwal,226,54,125,6.642848327,947.3123453,31,64.40020558
Samastipur,193,55,213,6.346277415,477.6033115,30,92.02008928
Panipat,56,52,302,6.563162521,295.7031897,25,51.37631288
Jamui,245,55,256,6.801573498,1253.396366,27,30.49948068
Kaithal,76,52,294,6.556209297,854.4148849,33,16.75685957
Kishanganj,194,54,233,7.010790054,573.0521735,30,83.18419314
Fatehabad,210,48,220,6.358935026,406.2910624,24,97.17771359
Aurangabad,225,41,215,5.329270177,1424.050045,30,35.56638475
Malappuram,225,52,261,8.08853372,688.6280108,24,29.80409213
Vaishali,245,59,269,6.592735427,1833.300038,28,60.54780234
Vaishali,208,59,234,6.420412701,547.0501696,26,77.75756911
Araria,219,49,259,4.684884547,638.7952081,27,46.08487755
Khagaria,218,56,69,6.499565543,1733.122382,28,63.37724184
Sheohar,247,43,299,6.089587935,1230.375306,25,71.93835773
West Champaran,206,52,231,6.92511307,395.0816061,26,96.0986365
Idukki,246,45,249,6.341991753,1189.028338,21,17.33869572
Munger,247,41,258,5.283418271,754.6304963,28,99.74086689
Rohtas,258,47,132,5.009796682,1526.49505,30,39.82350887
Rewari,197,42,272,5.240786207,340.0222239,30,72.59681413
Samastipur,240,51,215,6.346397755,1852.193989,30,57.66902342
Sheikhpura,230,56,286,6.795589259,1060.764587,29,49.18019308
Alappuzha,241,49,191,6.904360765,1521.713293,26,70.1094615
Mahendragarh,226,47,234,6.757682061,1468.390867,24,40.17963117
Thrissur,245,1,284,6.687732162,520.8515284,27,13.48488815
Purnia,80,53,242,7.02732308,1784.167897,27,49.40044493
Purnia,234,55,258,7.854700781,618.8623296,26,52.6696712
Panipat,110,53,258,7.032655103,543.0211785,27,20.98831319
Kaithal,203,56,248,7.99607881,1137.155345,28,93.62631628
Kurukshetra,249,49,85,6.73690505,1972.184026,28,23.52008902
Ambala,228,44,148,6.677381693,764.1101897,28,41.51353181
Rewari,220,43,283,7.044767805,1936.012167,26,16.338039
Bhiwani,236,53,225,6.067720294,983.1641593,27,54.04386797
Saharsa,161,42,185,6.551193745,1702.416359,29,31.4561232
Pathanamthitta,194,49,234,6.842147959,1153.97183,29,49.43797948
Samastipur,109,42,232,6.703422289,569.4702004,34,23.23707473
Fatehabad,222,13,282,6.526325088,1783.987833,25,6.323737667
Charkhi Dadri,219,47,189,7.691246585,329.5392416,24,78.14343846
Sirsa,243,43,284,6.250153005,1428.958041,28,64.46754211
Gurugram,194,51,212,5.112058103,1695.365231,31,34.73319622
Malappuram,204,54,134,6.505273073,1697.64584,29,5.701928244
Fatehabad,234,59,200,6.448920473,1379.538409,26,86.69193121
Nawada,161,16,155,4.370967278,651.795312,26,17.80970549
Alappuzha,216,19,222,6.524310251,1157.000146,27,93.14347961
Begusarai,204,58,248,6.576217453,1333.165368,25,48.38094248
South Goa,269,57,219,4.703514614,1801.449836,26,34.69828428
Begusarai,104,25,104,5.329609264,487.4024372,25,74.43418821
Nuh,133,15,279,6.644260573,1036.854948,27,87.8071012
Madhepura,224,50,243,6.732286023,799.6446872,23,37.7006428
Lakhisarai,238,51,129,6.677326364,969.8822833,24,41.32703146
Karnal,261,45,228,6.824275847,529.4887924,29,43.88266372
Madhepura,226,51,57,6.829235359,591.3755938,29,92.30998309
Arwal,234,51,48,6.828804496,1585.728089,31,69.56383516
West Champaran,198,47,154,6.510939338,1061.0774,31,25.51696559
Muzaffarpur,255,52,271,4.595267859,1125.464978,26,19.31497005
Banka,229,47,253,6.814115622,1815.460593,28,23.80639868
Jhajjar,206,50,232,6.040348066,631.9633225,30,27.09282503
Saharsa,197,54,272,8.250203774,792.6887982,30,23.78816564
Jamui,248,58,277,6.087428949,755.5094724,28,66.19213827
Banka,204,39,246,5.078530827,1386.628657,29,12.47741756
West Champaran,221,48,256,6.782414426,1212.411293,29,39.34849048
Kurukshetra,228,55,251,5.583687791,1048.78032,30,62.88030372
Buxar,229,57,83,6.199535466,1402.371809,26,29.79513742
Ernakulam,238,59,296,6.195427332,1071.053558,22,7.462164085
Lakhisarai,187,33,276,7.803499443,1668.723241,31,9.100568362
Begusarai,251,49,208,6.452039964,938.4376289,28,13.47071085
Arwal,138,40,42,5.796561252,1803.093698,30,83.74845946
Gurugram,66,48,241,6.328598414,415.3340604,30,66.12848705
Jehanabad,241,31,160,7.920859521,369.1065471,28,7.387718699
Alappuzha,222,59,280,6.355576018,1380.262728,28,39.71581904
Munger,208,40,71,7.024906537,901.4705634,31,28.57993211
Gurugram,189,19,253,6.455792373,1020.285843,27,58.22597105
Sitamarhi,235,57,208,6.208709783,1452.833559,30,52.75778902
Jind,240,56,237,6.750655811,586.1708895,26,48.63127831
Rohtas,227,40,142,6.950056099,279.0703582,30,32.13672467
Rewari,67,44,304,6.208509647,990.0005708,31,14.64217743
Munger,250,49,58,6.101233743,1810.505622,25,74.4952619
Kaimur,212,14,223,6.907723301,1011.328181,28,88.10582012
Aurangabad,227,61,237,7.452840669,1229.535813,23,94.47094001
Bhojpur,249,21,198,6.337232854,575.062548,27,6.803278091
Kollam,206,57,295,6.007271929,1035.333087,25,74.25096245
Rohtak,243,46,231,6.548743189,1065.178213,30,72.92384248
Madhubani,119,46,249,6.380083409,623.2541992,26,94.7638518
Panchkula,265,59,260,6.799480967,494.8340014,26,26.03854486
Jamui,244,40,270,6.814938132,830.4639824,25,74.47572479
Kollam,204,47,278,5.108705817,269.9578099,33,6.408002588
Gaya,255,18,111,6.471786198,499.6132123,22,63.49332636
Supaul,205,42,221,8.436457082,1516.43628,27,35.73393458
Jehanabad,210,58,268,5.220227077,1368.440928,31,77.12203452
Sonipat,248,23,238,6.706189036,763.0054691,29,86.46712436
Purnia,226,40,199,6.074778296,1192.091543,29,37.11728318
Mahendragarh,70,45,230,6.837839607,1692.892919,29,53.03302318
Faridabad,121,30,157,8.04795803,1710.460461,27,12.62300217
Saharsa,86,49,254,6.541024747,1377.878434,31,42.27378956
Samastipur,213,58,237,6.250114624,423.2960972,25,36.71923893
Bhagalpur,235,14,260,6.288635179,493.2204225,24,19.12922252
Idukki,217,47,227,7.16517959,725.0117629,30,89.55338385
Wayanad,245,54,91,6.770630962,1407.28653,26,15.66069597
Kurukshetra,245,56,217,6.479061293,664.4069653,27,63.9381964
Kasaragod,232,54,244,6.539647473,1035.978471,27,89.1241217
Kollam,233,57,271,6.591246716,1685.946152,27,91.28488941
Bhiwani,255,47,299,6.181208838,1805.19275,31,79.53073028
Gurugram,217,62,220,8.385569757,1709.381657,24,18.43797225
Lakhisarai,229,8,246,6.120256313,409.5896317,29,81.92570951
Alappuzha,203,50,211,6.903293701,1839.357407,23,28.37991643
Kottayam,209,56,297,6.795876646,1431.449695,27,92.31740472
Nalanda,244,46,293,6.165064938,1313.815877,28,71.19958146
Kozhikode,198,40,278,4.529993321,645.5811843,19,78.74148854
Aurangabad,45,14,175,8.254827957,1870.810164,25,9.418212897
Karnal,233,28,196,8.341734025,231.2499195,22,58.69374623
Buxar,241,42,226,6.584203578,347.9348242,25,82.29307056
Fatehabad,205,43,239,6.569966451,476.6142386,27,86.29744492
Samastipur,262,50,256,6.192556066,1449.459979,30,3.834538769
Banka,194,2,313,4.589268913,1321.143113,30,93.97676402
Banka,209,52,98,6.819684616,1900.420036,23,5.290534597
Gaya,227,50,78,6.919505425,828.1670916,29,61.83734929
Gopalganj,196,57,239,6.729747711,825.7101334,27,69.64536523
Kishanganj,226,42,149,6.893057953,1405.161215,29,11.62718383
Nuh,241,53,295,7.455336188,513.4829837,29,5.753174695
Fatehabad,240,52,248,6.355220222,1035.276751,29,78.70630329
Siwan,205,10,278,6.15693911,227.7798483,32,39.08239185
Buxar,234,45,240,6.728541378,1265.671113,25,11.60413902
Jehanabad,93,57,308,6.55242427,1611.18271,28,76.50411382
Nawada,219,60,103,6.650913348,566.7577937,25,85.06714394
Purnia,244,62,294,7.018075308,752.9071917,21,59.15123289
Supaul,222,38,311,6.190007925,437.3107776,30,16.96244404
Banka,215,46,201,7.725135335,1308.21412,25,2.507024678
Kasaragod,117,59,295,6.764613075,1215.236953,25,70.37944565
Kozhikode,237,9,302,6.14807059,1687.513116,26,55.46382781
Idukki,215,43,248,8.270469483,1946.618671,25,65.42891703
Madhubani,225,57,298,6.193202963,1970.558451,25,81.50528235
Jhajjar,247,47,66,6.474227447,392.9019783,30,43.98854992
Patna,249,53,212,6.326722075,1195.64572,23,13.32703141
Alappuzha,218,49,242,6.025544678,1621.378513,30,94.05834525
Palakkad,249,45,279,6.680889719,1386.169545,34,54.9809506
South Goa,206,50,220,5.033014617,1814.576101,24,61.91411779
Sirsa,173,28,108,7.189983166,995.0945382,25,93.40773153
Kaimur,238,48,207,4.947859443,968.7747317,26,93.22678197
Faridabad,201,57,237,6.973662606,247.002576,27,57.63736607
Rohtak,260,46,233,6.159557484,228.1696636,30,30.46353105
Gopalganj,209,53,281,6.892964503,1446.762749,25,99.71424977
West Champaran,241,7,299,6.425856821,1048.639064,26,68.40089191
Kozhikode,232,43,262,5.999700715,1388.41542,29,41.43523101
Banka,240,39,265,6.030483019,628.8001956,25,56.42384348
Patna,232,45,109,6.454332081,1753.566075,25,42.16757098
Munger,244,55,288,6.107498341,1825.156119,29,88.94221008
Kaithal,113,59,261,6.502647424,1392.134092,29,48.76743811
Aurangabad,249,49,281,6.472663924,700.0424092,24,82.52930922
Buxar,63,48,238,7.086580933,589.0807449,29,84.17745348
Palakkad,200,49,240,6.216739292,1325.899759,25,82.60890144
Saran,214,19,219,6.626049157,1893.40036,27,72.49667264
Jamui,147,12,190,5.889525083,1240.602412,22,85.63289396
Panchkula,58,54,278,6.543146189,1710.748719,28,39.33572838
Siwan,229,59,131,6.000960681,1217.729987,28,12.35165741
Charkhi Dadri,230,61,239,6.772599896,1414.282329,28,84.40296623
Idukki,205,54,257,6.951033945,1221.997962,25,50.31867315
Samastipur,257,46,288,8.015636364,1235.654749,26,13.61022722
Kasaragod,224,40,275,6.328590137,1530.650167,30,12.4159397
Araria,249,50,232,6.130252477,913.239898,24,16.76499701
Madhubani,211,51,67,6.735820116,1827.19585,25,75.34635271
Nalanda,235,44,79,6.070431042,1754.287127,21,71.37481067
Jamui,212,59,240,6.185795616,1505.565667,31,21.17804934
Alappuzha,254,5,130,6.724974717,1538.167146,26,84.84541839
Sirsa,236,55,86,6.375999217,943.8334552,24,28.84818476
Sheohar,215,53,267,8.208113857,1698.547656,27,79.50557275
Palwal,204,52,275,6.3950343,1878.69716,28,49.39178487
Supaul,220,19,81,8.082249874,1631.267494,29,73.42331957
Palakkad,211,53,281,6.617215246,439.4412275,28,38.75737864
Katihar,221,43,232,5.896262457,1615.919459,29,35.36691911
West Champaran,178,24,239,7.626350563,1036.228689,29,84.2946003
Yamunanagar,194,21,321,6.456003013,1295.659118,27,4.494923197
North Goa,262,44,130,6.606879144,1984.087925,28,97.49895778
Madhepura,219,44,220,6.310376307,846.838657,28,65.16977627
Nuh,253,59,224,6.064689917,827.3510932,24,43.81585543
Gaya,227,42,251,5.995260712,673.6393637,29,63.17739858
Khagaria,213,54,247,6.79991665,428.8216165,25,13.1513537
Gopalganj,203,51,263,4.865609411,502.7126123,30,51.89119307
Sheikhpura,235,38,283,6.623565883,1125.684183,29,98.52445681
Katihar,230,47,237,8.325853727,1837.639688,27,24.29167435
Sheikhpura,231,57,248,6.043650103,1657.818681,30,72.5055318
Jehanabad,237,52,224,6.969500977,528.4857323,29,44.06216621
Charkhi Dadri,227,54,227,7.067806886,1211.042262,29,65.5933567
Kozhikode,241,43,275,8.28619859,1724.464355,27,21.28383564
Rewari,227,39,155,6.391466366,1171.087456,30,47.57603328
Sheikhpura,211,59,300,6.564896657,1840.577818,35,98.02917867
South Goa,224,20,204,6.166405227,1834.192928,29,20.33342795
Palwal,224,53,89,6.518795022,826.8392532,28,64.00805776
Khagaria,194,48,227,6.304739321,1773.073231,25,57.98417713
Hisar,196,45,231,6.389480073,1253.208447,32,56.94010704
Saharsa,209,50,257,7.95539008,1063.723357,26,61.89720568
Jind,211,61,88,6.559799115,1593.677495,25,50.7215594
Saran,204,48,303,6.565872351,1621.310164,31,2.676144276
Munger,250,50,235,8.682006227,1415.760251,28,90.10958433
Charkhi Dadri,207,48,244,6.271437616,1659.608787,31,82.87090392
Begusarai,201,53,222,6.357673773,1912.563042,32,18.24260041
Bhojpur,55,50,275,6.293945449,1771.557417,30,41.91404456
Buxar,91,51,58,4.893362171,333.6558876,25,77.28434909
Malappuram,221,53,278,6.786730414,1730.052158,27,98.02616922
Bhojpur,237,27,41,5.053077971,1606.749845,30,95.1625676
Pathanamthitta,88,66,164,6.534260199,1868.134509,26,90.03656077
Aurangabad,218,44,113,6.754211357,1531.224122,32,16.67901583
Madhepura,242,53,275,6.543902517,1780.136331,26,91.53303549
Bhagalpur,190,59,218,5.43841775,218.3937712,28,87.96604638
Alappuzha,224,57,258,6.396190901,1960.049584,24,38.31804121
Panipat,41,28,270,7.695547895,543.6313473,24,40.05773686
Sheikhpura,223,43,232,4.715025279,1755.6132,24,46.53098327
Nawada,245,16,206,4.932677417,1873.299139,30,65.96138747
Thrissur,223,58,241,6.912518118,204.0021802,27,26.82272598
North Goa,244,48,239,8.199812792,1844.620563,31,3.271894515
Munger,238,60,223,6.885270104,1692.581389,32,14.98172294
Mahendragarh,229,48,98,6.011709618,1860.342762,32,44.57147485
Kottayam,236,57,289,5.91923878,518.388149,30,28.91825437
Patna,236,60,248,6.461640257,1599.39368,30,76.68713954
North Goa,245,52,212,6.655030636,1077.474539,28,11.56231698
Malappuram,101,49,284,6.569235842,663.840263,35,91.82905733
Bhiwani,203,53,255,5.38529658,1561.108527,28,89.63739081
Rewari,247,56,69,6.59093928,1051.855807,26,90.96692488
Malappuram,244,53,95,6.951268865,1819.792438,32,74.22138986
Bhiwani,198,48,287,6.595708276,1479.316706,27,11.59299718
Khagaria,223,50,243,8.132456683,450.4616893,27,44.37561957
Wayanad,189,51,234,6.52378582,651.3742476,28,14.00913181
Jehanabad,207,11,217,5.989800475,676.1603545,30,98.78222008
Kaithal,230,46,199,6.602919418,819.2901625,29,33.97080392
Sirsa,204,48,241,6.125278786,1399.610773,28,58.94772365
Begusarai,241,55,229,6.473759392,1809.798615,35,78.15991237
Nuh,54,51,232,6.831050393,1268.660463,28,92.14099234
Saran,206,49,219,7.58720076,1553.243081,25,75.79922486
Sirsa,214,20,289,6.17602839,770.1192139,24,67.7758741
Katihar,247,45,117,6.165293342,1140.436651,29,47.13219642
Katihar,213,60,61,6.236713389,1107.427418,28,60.93461324
Kollam,257,59,239,6.079705607,1461.907684,30,10.32221708
Banka,208,56,295,6.381588452,1132.3261,26,88.50833165
Jhajjar,227,39,219,6.106863082,801.6565351,23,54.83395358
Darbhanga,234,54,263,6.867318877,639.0333251,31,4.973369993
Jhajjar,226,46,212,6.076854243,658.470708,27,92.07031044
Bhojpur,248,46,267,6.796905048,1965.591969,26,49.44089541
Sheikhpura,215,16,251,6.673274417,843.4576762,30,86.99032501
Rohtas,236,55,274,8.431770831,1651.887375,27,85.83190747
Siwan,249,52,247,8.24842868,328.4595237,27,81.75940716
Supaul,220,46,211,7.606564822,361.3758124,27,7.07889891
South Goa,230,46,197,6.812808206,1435.072074,27,25.4595979
Kozhikode,193,58,233,6.946770622,1022.976413,29,87.67923937
Saharsa,240,49,244,8.592262844,1784.887939,26,90.00011455
Gurugram,217,52,257,5.909129798,1751.996494,31,46.34881737
Arwal,141,48,278,6.773250806,1560.183033,26,44.5641053
Idukki,244,56,212,6.442741535,1667.569198,29,18.33892275
Sheohar,264,53,271,6.674391613,1766.907342,30,96.87266808
Rohtak,227,56,236,6.239296867,1610.435989,28,22.10070906
Kaithal,222,50,238,6.84309366,1148.40605,26,19.90274165
Sheohar,237,53,212,6.369946332,676.5437666,28,66.41216804
West Champaran,58,10,281,8.1359026,1617.288214,26,25.041586
Nawada,200,35,255,6.030368562,771.8748878,25,93.93838949
Siwan,248,52,271,7.086128615,640.6723902,27,2.079792536
Thiruvananthapuram,240,59,105,6.793186816,509.0017131,29,1.56957297
Araria,238,43,295,4.505569599,1328.939349,26,50.98280334
Siwan,235,57,299,8.533114966,636.4621573,27,49.31818353
Pathanamthitta,220,44,217,6.401119091,874.6897465,26,17.17303817
Rohtas,227,47,243,6.958617756,1476.313399,27,49.95743673
Bhagalpur,204,44,221,6.290168089,1628.892665,25,41.75444941
Patna,204,51,245,6.00600695,766.5763958,26,89.14262301
Thrissur,207,45,79,6.786273113,1717.040163,32,1.916138101
Madhubani,81,58,266,6.182082785,304.3221254,29,97.6507107
Kottayam,253,53,254,6.333150707,1974.571033,35,62.81488367
Purnia,209,50,243,6.700052389,950.3776369,22,16.03250112
Pathanamthitta,216,46,49,6.360324551,784.7933898,28,5.629241367
Araria,213,47,248,5.88140865,1862.616343,33,54.2724602
Ernakulam,246,55,102,6.725779335,438.300246,27,24.25412643
Begusarai,259,53,212,6.636295696,844.0376823,34,30.81538816
Jehanabad,219,14,217,6.900245084,846.0220124,25,25.26808432
South Goa,96,59,222,6.584836616,963.8510572,27,65.36705904
Lakhisarai,229,54,220,6.866422042,1727.010339,31,55.79936725
Vaishali,247,62,237,5.575940616,1728.886671,25,8.719467929
North Goa,246,50,251,4.62904937,1264.947134,28,53.12612678
Rewari,226,54,252,6.485552761,1985.165772,27,79.32778679
Hisar,247,58,271,8.388509966,1719.489401,26,9.038264491
Madhubani,245,50,204,6.847561315,1425.924668,34,89.08415865
Sheikhpura,220,55,241,7.008352363,559.0251605,21,58.2523583
Nalanda,232,56,206,6.263666399,1189.51533,27,95.11182246
Banka,235,52,263,6.243212458,585.032132,28,15.66598055
Alappuzha,244,56,275,6.058408336,742.9812194,26,99.36293494
Bhojpur,108,44,285,6.896915693,1434.554854,29,64.78301373
Rohtak,209,43,265,6.622397419,531.9554848,31,57.18192575
Supaul,220,56,305,8.13264902,363.5137698,26,52.01268279
Pathanamthitta,108,51,235,6.39358459,1156.782066,28,3.341782937
Kurukshetra,221,58,224,6.983902404,201.7126264,33,94.02427996
Jind,232,52,206,6.084987705,1296.047627,28,64.75545281
Panipat,197,25,251,6.54623177,1822.414846,27,10.07102197
Lakhisarai,220,19,214,6.290181467,542.43684,26,3.074264859
Karnal,231,44,205,6.935706911,888.9844307,26,6.027580284
Araria,106,45,230,6.847559202,1849.459691,33,61.33018058
Banka,224,42,195,6.716015568,1466.968124,24,61.78752607
Aurangabad,239,11,146,5.7924237,443.5646918,29,50.46706189
Khagaria,250,43,230,6.213823234,887.5901404,29,31.36981624
Jehanabad,208,43,230,5.204263511,1560.791326,26,53.64253043
Arwal,215,48,224,6.392292928,1396.600051,27,52.11388027
Nawada,245,52,291,6.794117143,480.1855447,24,2.922140428
Kaithal,246,59,261,6.176916242,312.4677504,34,28.9644538
Rewari,199,54,274,5.941083617,1426.996664,25,6.265348805
Araria,234,41,214,6.250224869,1296.241007,26,90.11532039
Ernakulam,225,48,258,6.220355111,306.8168675,24,72.79709312
Sonipat,235,47,238,6.852430912,1954.661405,29,99.61540185
Buxar,211,8,127,6.992567016,654.3894278,29,30.91495507
Supaul,238,47,65,6.467215031,894.8423876,27,87.97009893
Madhepura,237,39,283,6.500903617,519.6754806,29,60.70237253
Kasaragod,237,40,259,6.034118619,1691.339906,28,45.85941528
Idukki,123,43,258,6.842449264,1932.622775,31,23.03473802
Kaimur,238,47,119,6.819032627,583.9502121,28,74.10082436
Jehanabad,199,49,272,6.966838875,709.7043513,29,90.50993414
Rohtas,218,61,203,6.986348371,1471.728774,27,24.29553141
Palwal,257,50,200,7.163360977,1150.200548,28,18.36364316
Thrissur,191,49,219,8.462158282,389.1214778,31,69.92596959
Madhubani,213,58,301,4.730012164,1871.514734,26,97.72034311
Aurangabad,223,61,241,6.893953931,1300.071996,34,75.24555501
Sitamarhi,196,40,237,4.897968238,742.2635178,27,29.17349317
Darbhanga,216,56,70,6.243383365,1081.645632,26,42.57558699
Kannur,158,50,134,8.234004489,1100.444333,29,39.04744591
Siwan,224,48,263,6.704214827,1145.751973,28,85.35740679
Sitamarhi,53,47,290,6.25394424,1095.150256,30,77.36570711
Madhubani,203,42,209,6.552206659,1211.227855,31,59.30856804
Fatehabad,240,54,294,6.799847134,908.034861,27,28.22095193
Hisar,213,21,221,6.69508643,463.0928513,28,93.86086424
Nuh,244,43,247,5.934156823,1396.249597,27,65.67820725
Panchkula,213,16,237,6.552713694,1626.475695,21,97.077188
Rewari,221,23,218,6.559162849,1713.832766,26,58.43158627
Faridabad,243,56,311,5.482219251,239.5137904,26,82.29808308
Panipat,192,52,204,6.85146171,928.3255944,30,81.49743256
Jamui,216,48,196,6.39805324,1961.188835,26,34.39554891
Ernakulam,106,54,304,6.299765286,312.6135779,27,96.43805157
Kasaragod,95,59,265,6.764045595,1613.99737,28,3.172205292
Palwal,260,51,301,6.747203893,427.0033116,26,77.10237997
East Champaran,241,52,249,7.777845692,1684.350489,23,96.59015149
Wayanad,246,45,238,7.648893259,1409.998338,29,34.55191213
Palwal,214,11,207,6.356874917,1505.059559,24,65.16294819
Panchkula,232,44,135,6.921825392,1959.178069,26,56.66010173
Sitamarhi,229,49,247,5.987718467,1891.07081,26,76.38922366
Vaishali,206,37,199,6.330367007,747.8686683,29,86.75161424
Madhubani,217,58,287,6.447496523,875.3897349,27,60.70141236
Nalanda,196,46,88,6.931163621,932.9270873,27,81.77455405
Idukki,223,45,259,4.787026563,525.0347958,24,31.91627201
Jhajjar,225,44,236,6.601849922,886.0427885,27,23.63011881
Charkhi Dadri,225,40,214,6.894740619,1962.244762,28,43.63610126
Rohtak,229,55,281,6.113662405,1081.213464,29,68.09592336
Kishanganj,211,41,273,5.453330678,1914.6816,27,19.53744794
Kishanganj,221,46,271,6.261293836,328.6243441,28,68.35486702
Nawada,212,58,266,7.148601799,270.7139456,30,40.01527121
Gaya,239,47,234,6.637002252,1235.594241,24,79.76195212
Arwal,231,57,246,6.588494922,1525.256824,30,4.646745893
Jamui,209,48,286,6.366683625,591.4262216,27,67.13028115
Madhepura,200,48,117,6.996349314,1106.045279,28,65.33241133
Palwal,238,51,231,6.06817371,1771.2929,22,94.15261214
Kannur,202,49,216,6.274177345,1571.104009,26,71.6233878
South Goa,257,16,281,6.079361538,617.2650523,31,79.83388775
Araria,240,43,111,6.851844952,802.0485475,29,90.55451057
Pathanamthitta,206,52,28,6.012684589,750.4242826,24,67.83013991
Thiruvananthapuram,69,56,233,6.43971163,1495.112422,24,29.72520986
Fatehabad,236,60,98,7.157997537,1942.726066,30,87.10760616
Panchkula,112,20,139,4.445169095,704.1411983,29,75.01023383
Panchkula,205,23,290,6.681523751,1258.940935,27,43.0193228
Kasaragod,200,64,100,4.845247542,1979.405307,30,71.34238809
Palwal,224,53,275,7.017738794,483.6429983,31,86.90119884
Pathanamthitta,102,57,215,6.657736775,1386.348167,23,97.58956101
Rohtak,217,59,61,6.605387415,797.5785749,26,95.28279889
Ambala,231,57,315,6.376586219,1985.003404,25,33.20745485
Alappuzha,208,52,268,7.641957707,395.788439,27,42.74767766
Sheikhpura,93,41,222,6.802736025,1012.261911,28,11.84412389
Darbhanga,241,52,303,6.735773199,658.9520533,26,25.50688441
Saharsa,113,49,219,4.972988458,257.0282148,26,88.35969964
Saran,242,49,273,6.338480932,1934.474909,29,36.7241427
Katihar,246,43,273,6.789083259,1222.709374,30,62.4347132
Banka,236,40,205,4.359348646,1461.416881,25,66.93059621
Aurangabad,208,44,277,6.956928032,1316.4949,29,78.40109824
Fatehabad,219,49,206,6.320825143,467.2524919,28,19.09720299
Panchkula,244,45,215,6.12998685,507.0087269,28,31.17650033
Bhiwani,222,43,209,4.628790877,1327.601942,28,45.3852978
Idukki,199,43,314,6.212494743,1603.657129,27,37.11926506
Fatehabad,250,42,262,6.265968476,1299.926364,28,98.30761805
Buxar,209,31,247,7.918512438,1226.672972,22,83.65913952
Arwal,242,44,290,6.700894385,1542.732173,27,48.48898871
Khagaria,98,58,271,6.628484396,638.4950428,25,88.04759398
Supaul,218,60,67,6.566243099,1516.963069,27,35.41764181
Jhajjar,203,54,296,6.042584358,940.196801,27,78.79700407
Bhojpur,195,50,55,6.631188146,1413.290167,27,23.14388421
Sitamarhi,234,54,224,6.952123751,694.4899755,29,77.45988248
Madhubani,231,46,195,6.35254124,447.4369123,21,46.18888692
Supaul,207,45,65,6.986949606,252.4862294,27,11.64243278
Kishanganj,228,42,118,6.950090856,1646.253575,30,28.052983
Sitamarhi,205,42,267,6.215963333,554.5445928,27,40.82518778
Nawada,205,51,227,6.400546528,854.2358302,25,75.17999825
Sheikhpura,232,39,146,6.168450664,1583.938875,25,8.225288758
Kannur,35,29,93,5.627503568,1010.327483,22,66.29515251
Hisar,244,45,285,6.484947995,591.5880539,29,71.88535045
North Goa,256,59,251,6.938669729,550.5723254,27,65.73821562
Rohtas,253,55,253,7.969335959,934.2836248,27,76.30629418
Patna,205,44,197,5.920550817,1217.317459,27,18.63869299
Ambala,237,51,276,6.20873439,906.2330546,34,59.12323215
Nalanda,212,61,210,8.301705775,1828.225234,24,94.17334977
Ambala,139,15,51,6.780591985,206.9012546,23,61.46764271
Patna,241,54,267,7.001707399,923.6208861,29,61.52229835
Araria,233,49,202,7.804586884,1537.102774,30,73.90752457
Saharsa,196,52,207,6.724183634,1803.604011,29,33.98721898
Vaishali,244,55,275,6.843147166,845.1232717,30,70.34711423
Alappuzha,229,49,287,6.181403864,1412.460433,28,91.7071495
Darbhanga,243,58,304,8.50794937,1244.627755,30,2.07865183
Banka,239,42,65,6.44514939,562.7584398,29,87.14119107
Bhiwani,95,41,236,6.674285572,1425.699831,27,22.64321479
Katihar,229,53,300,6.329445065,649.2162943,24,46.1364041
Aurangabad,218,58,262,5.293058655,1611.0338,27,85.38243229
West Champaran,250,47,263,6.722663014,1758.622151,32,82.56730062
East Champaran,235,56,276,6.055363294,1061.160135,32,89.30082033
Sonipat,227,52,238,6.252750433,297.4242644,28,94.10126247
Palakkad,259,55,288,7.65130493,1527.234606,28,45.26853872
Panchkula,204,38,205,4.953750712,1040.987291,29,65.98001727
Bhojpur,227,39,264,6.943671611,370.1346141,26,39.65736561
Kurukshetra,237,49,284,6.84216142,796.0466379,31,35.72095503
Karnal,209,57,207,6.776967173,723.1540697,29,43.72794565
Malappuram,207,47,250,6.26076391,1507.446917,29,74.56453734
Ambala,204,47,290,6.877792677,963.3200688,27,50.64263397
Kurukshetra,226,18,291,5.998072902,1256.685859,27,81.59190777
North Goa,213,51,276,6.538260187,1101.977501,28,74.77662924
Bhagalpur,207,60,310,6.265746293,1503.662471,28,3.027367651
Pathanamthitta,237,50,234,6.693506602,1492.491522,26,63.39357755
Gaya,250,53,268,7.059898358,1007.821698,28,44.22054121
Kozhikode,83,45,217,6.912897089,443.0599972,25,46.20626993
Saharsa,234,55,282,7.645124568,934.1774398,27,82.01893233
Bhiwani,230,45,276,6.045079029,488.2433886,30,55.21319062
Sonipat,229,49,256,7.612147836,1926.484248,26,88.67656052
Begusarai,118,50,211,6.485588989,1910.259376,23,71.56775365
Supaul,270,59,285,7.665071641,1022.034192,28,55.73116087
Kollam,240,43,281,6.639385521,249.7301766,31,75.69925964
East Champaran,247,41,226,6.415444576,874.3586412,27,4.796556042
Lakhisarai,239,55,221,6.451953123,1811.169216,31,3.681281828
Bhagalpur,243,45,269,6.570331408,718.4380446,26,9.251583365
Faridabad,217,8,244,6.713648671,1319.56372,28,44.31896719
Kishanganj,253,54,255,6.386777625,531.087012,35,24.30956442
Nalanda,243,50,224,6.425219855,1685.29557,25,98.44186815
Munger,235,57,271,6.445054343,1805.415178,29,54.68672376
Sonipat,221,20,213,6.04134892,1307.215453,30,66.57915886
Darbhanga,102,54,266,8.425027788,1322.772465,29,28.60319349
Yamunanagar,230,44,68,6.670899242,881.4080529,25,32.85789395
Nuh,234,42,219,5.20976625,1472.764458,25,34.2107295
Kishanganj,104,45,235,6.992521678,1061.230856,29,70.17483481
Wayanad,201,48,279,6.813748849,1541.876362,23,47.89691456
Fatehabad,200,54,246,7.76405457,1943.321412,30,52.2506816
Sonipat,225,17,215,6.994952885,1680.276555,29,59.60829523
Supaul,255,55,243,6.546358403,1131.19624,24,77.11235397
Malappuram,223,43,88,6.323432864,1961.999328,26,9.946605103
Ambala,200,41,251,6.862593953,1292.748013,30,77.91051731
Aurangabad,213,46,203,4.816058658,316.7703552,29,56.76027182
Sirsa,89,42,205,6.174596232,1514.661723,28,67.24044904
Nuh,224,51,218,6.081780037,1676.111835,26,33.42762472
Lakhisarai,206,51,290,6.212916581,442.7109307,30,41.52929684
Lakhisarai,49,13,55,5.260785389,1422.72194,27,23.88541615
Kozhikode,78,46,301,6.451364834,1857.649953,25,97.95069974
Darbhanga,195,46,231,6.97821577,652.5667151,30,50.20329428
Karnal,118,55,288,6.395417478,1253.015496,19,99.61161466
Kurukshetra,163,34,161,8.374938099,694.2589124,32,49.48881183
Purnia,206,41,229,6.75509049,1593.933347,29,22.75537517
Nawada,155,8,165,6.912067764,1245.188067,28,51.23778728
Kollam,225,39,301,6.285190046,970.5374259,32,4.919961608
Idukki,233,60,208,6.484276893,252.1783803,26,90.57221034
Bhagalpur,132,43,300,6.379526791,1900.638106,26,82.03647487
Panchkula,240,44,122,6.923290805,1095.930691,29,72.85623155
Supaul,253,50,204,6.634808165,1647.397178,28,61.37284483
Madhubani,225,59,208,6.63604826,905.4108403,26,58.40358913
Kaithal,219,45,211,6.829534989,1728.386547,20,99.67609319
Munger,200,47,261,4.944590247,488.0701108,30,28.52174597
Ambala,226,48,297,7.461381716,616.6890417,26,78.18875217
Jamui,85,7,57,4.470814515,800.1045127,25,58.55907225
Kishanganj,89,6,46,8.401348189,359.4716072,27,97.61217383
Saran,202,61,265,6.653556251,998.9136969,27,82.95251515
Kishanganj,244,41,195,5.997348239,1074.6639,26,99.85398619
Khagaria,199,55,47,6.780699784,406.6399959,25,59.24417445
Madhepura,217,12,258,6.070515111,968.7776712,28,21.2498518
Gurugram,241,48,250,8.361850465,555.1328912,29,50.86501653
Malappuram,258,13,230,6.401820363,1775.381186,31,71.40000227
Kottayam,242,43,234,6.402189589,1116.728163,28,77.66167823
Bhiwani,237,55,278,6.35553296,1913.539056,29,1.050488913
Arwal,209,46,251,4.668816802,814.5766883,24,50.99768176
Gaya,227,45,284,6.730426647,814.511257,22,24.28822342
Samastipur,219,52,224,8.313155078,809.6813243,23,87.61627149
West Champaran,206,46,228,6.177240171,682.912125,27,16.13763896
Araria,134,56,254,6.390364269,1611.625907,26,66.97916871
Wayanad,250,45,309,5.892983339,708.9334601,24,27.34015684
Karnal,255,51,211,4.864612451,718.4237841,34,36.29767218
Aurangabad,244,43,269,4.512793051,284.4132656,28,94.11536681
Sitamarhi,205,44,201,6.032739661,1937.650487,26,24.80436442
Jind,211,52,246,6.798619897,1795.328928,26,10.40527342
Begusarai,100,41,104,8.015337653,726.5173805,24,7.859205243
Vaishali,253,47,288,6.545891703,1137.384267,25,50.9568959
Buxar,249,45,189,6.383129023,1068.941173,25,64.52943675
Sheikhpura,248,7,303,6.789332329,357.8655737,29,33.40207071
Thiruvananthapuram,252,47,276,4.811425865,1156.15485,25,69.33571444
Kaithal,209,53,248,7.778123278,403.9878744,29,7.042338139
Begusarai,230,55,271,6.167281715,981.3613279,30,85.87612985
Ernakulam,242,43,297,6.154144397,358.0477163,31,81.84015376
Kollam,230,56,287,6.648825471,1260.049134,29,98.56413087
Purnia,235,40,267,6.869239122,288.2159907,25,93.71399311
Kasaragod,229,53,230,6.9654138,1331.171534,25,36.26351923
Malappuram,202,50,255,6.016846534,1472.993245,24,40.52826302
Ernakulam,65,41,259,6.212854946,1227.553748,31,74.8505199
Madhubani,251,40,92,6.695829706,1045.082055,26,14.27419442
Sonipat,226,54,261,6.603633939,309.4268714,28,32.08745631
Jehanabad,236,47,259,6.173327101,220.4358876,32,12.73555276
Kasaragod,88,55,256,6.197568215,816.3767527,30,46.03375846
Kasaragod,267,4,216,6.077412138,1588.254381,25,55.64842371
Arwal,188,43,249,6.213923926,1365.100211,27,21.90488653
Lakhisarai,198,46,222,6.753895955,425.5056987,26,3.636537004
Panipat,258,53,51,6.596659239,1438.290494,30,72.21622734
Khagaria,95,50,231,6.533358085,1234.848063,29,2.980511278
Rohtas,242,57,295,8.3513716,500.1017484,32,97.36685828
Kishanganj,204,55,293,4.613859684,1559.542955,31,22.93911842
Sonipat,215,13,301,6.54433552,1694.548116,26,66.72610912
East Champaran,265,48,222,5.83676567,618.603377,26,44.0404209
Begusarai,205,45,299,6.196191088,1344.595328,31,6.907712173
Kottayam,239,54,240,6.151481713,880.6384644,25,47.74617706
Ernakulam,255,56,231,6.780599365,305.2297967,28,52.1593028
Wayanad,219,24,283,6.871918062,1750.435803,27,85.6136376
Araria,244,47,243,5.98273687,1677.340066,29,73.5025579
Ambala,208,59,279,6.760543816,772.2965147,29,8.850945001
Pathanamthitta,228,55,281,7.570624093,1156.7093,28,21.70710566
Rohtas,229,58,156,6.60268665,1122.265351,27,31.87688074
North Goa,249,51,213,7.36741843,519.4264365,28,12.52436096
Sheohar,217,43,42,6.036076518,462.2130351,28,46.23300802
Siwan,241,53,280,5.369492623,1719.682176,30,98.4466099
North Goa,213,11,209,6.76802487,1761.244606,19,51.94666633
Patna,183,47,262,6.420975347,1505.323478,28,74.44633466
Sheohar,237,50,244,6.686468754,330.977945,33,68.61084197
Kasaragod,238,47,147,6.36342784,1836.455915,28,85.14123207
Wayanad,239,40,206,6.315475406,1965.354923,26,22.35662556
Lakhisarai,186,6,278,6.2698903,1596.105072,27,75.62879991
Kaithal,88,51,240,7.150203525,836.1428028,30,88.25416879
Vaishali,227,42,210,6.83612228,930.3945902,28,17.97947248
Supaul,225,58,249,4.737152061,1765.346108,25,35.33341976
Samastipur,83,44,269,6.476015795,704.3349936,29,97.04007467
East Champaran,205,58,84,6.7758763,455.3437,25,78.29799675
Kaithal,204,46,256,7.907533885,1681.047725,27,28.97649242
Malappuram,237,49,250,6.887268955,547.9985905,26,56.83023519
Darbhanga,211,57,295,6.383009658,1833.139692,30,41.02828616
Thrissur,238,52,282,6.229644948,1272.227829,25,49.50655246
Kishanganj,204,60,281,6.353994373,1199.665734,27,36.16145295
Begusarai,227,48,211,6.541241298,1596.348797,19,28.65377083
Jhajjar,250,58,129,6.525289202,229.6375188,29,67.8015411
Arwal,224,59,249,6.697605321,1484.370194,33,78.07563969
Kaithal,232,47,305,6.000962811,1277.289118,27,87.52175515
Gopalganj,234,44,285,6.53583795,1142.805238,25,16.37766676
Araria,202,60,249,5.184916697,591.187022,31,82.46269684
Darbhanga,250,52,240,6.41316217,1692.982001,30,26.22528162
Kollam,270,55,63,6.293371435,651.1705812,28,43.3063026
Charkhi Dadri,62,44,232,6.042214529,1081.591175,28,90.2429249
Panchkula,219,57,86,6.813902514,484.5446227,25,45.9958565
Araria,238,15,221,6.17532171,1952.678373,29,20.50928987
Bhojpur,265,49,216,6.603222099,550.1591918,28,16.82699687
Palakkad,199,52,285,6.973954366,1645.793123,31,47.8253929
Ambala,250,42,198,8.563387767,673.5426515,28,76.50456997
Rohtak,199,47,269,6.2799783,660.8778273,29,99.72330925
East Champaran,208,40,227,6.583383684,959.0787,33,78.95345421
Bhagalpur,210,17,237,6.625010786,1722.525672,32,87.82418394
Alappuzha,250,42,275,6.932629651,1437.603351,26,75.03540373
Fatehabad,225,46,67,6.347072073,1768.94272,27,89.64807497
Vaishali,214,54,77,6.663869301,284.9821476,35,8.553060788
Nalanda,198,53,209,4.954633977,1920.24691,26,93.0632283
Bhiwani,224,51,281,6.009796731,338.846411,26,40.24420922
Palwal,203,48,145,6.10814749,1497.9177,32,92.2398081
Kasaragod,244,62,211,6.43746421,572.9116784,24,8.497550908
West Champaran,112,44,290,6.875037272,1713.520742,25,71.80905275
Kurukshetra,237,41,252,8.042330932,1752.251056,29,73.83318612
Saran,223,52,262,6.859376918,1192.249537,24,99.69417804
Kannur,234,42,216,7.142346552,925.1672947,25,77.1166718
Katihar,236,43,212,7.777439025,1628.068172,30,38.87479688
Kollam,198,50,231,7.271449304,1773.256454,23,56.16760661
Sheohar,211,7,225,6.18009606,1528.867371,30,37.28854288
Saran,254,60,233,6.786492761,1832.450165,26,20.40584589
Palakkad,57,47,263,4.63264856,1327.756857,30,25.60173042
Ernakulam,238,17,270,6.519103079,1406.849477,24,22.97904289
Vaishali,73,63,125,6.111800001,1229.351531,30,55.33271769
Nuh,211,55,215,6.312839416,1078.692027,33,90.70990282
Bhagalpur,205,59,112,6.885009972,1378.749077,27,91.35993598
West Champaran,239,44,255,6.147735527,1210.079713,29,6.421613975
Sitamarhi,226,53,234,6.930845456,1516.231956,27,8.910040694
Begusarai,214,43,265,4.670709108,1881.621895,24,25.26678666
South Goa,248,50,264,6.364902559,871.4849264,26,26.25088579
Kishanganj,245,40,209,6.618033093,940.1031532,30,10.39402835
Sheikhpura,217,46,289,6.366681994,227.0604395,30,39.45787078
Yamunanagar,243,61,209,6.345222913,1148.662215,30,59.18481388
Panchkula,222,17,285,6.251560462,436.5217215,25,58.23805786
Kaimur,231,53,263,6.556019038,1488.801279,31,54.79953844
Sitamarhi,72,44,211,6.877520565,1603.256476,35,34.52852056
Patna,119,50,61,4.848608249,1500.93302,22,70.93911285
Nalanda,233,44,302,6.255789943,1183.959827,29,82.82191016
Jehanabad,227,49,238,6.72222343,1161.591123,25,35.28115238
Muzaffarpur,81,40,232,4.37743131,1363.797093,29,9.468000571
Jhajjar,235,7,213,6.330117396,1198.461469,24,30.33669486
Faridabad,228,4,272,6.775356617,1550.523609,26,14.5994968
Pathanamthitta,73,3,253,5.089542388,1810.150066,31,47.268514
Madhepura,198,49,237,6.492653445,1165.033088,28,16.43757998
Bhiwani,261,59,288,6.978682316,398.6149125,29,46.82163101
Samastipur,260,58,199,5.177270768,435.8591905,30,22.87928634
Gopalganj,183,59,278,7.751590446,876.6532044,27,74.13437944
Kaimur,226,21,243,6.503645736,1093.326938,26,3.729255843
Kishanganj,212,43,218,4.55989876,605.0906742,32,55.91988408
Pathanamthitta,159,48,229,6.707932103,1014.950372,21,17.77933922
Sitamarhi,206,23,246,7.078740421,444.3210504,27,1.098194582
Bhagalpur,262,46,250,4.986078659,633.4940138,26,87.05080872
Rewari,222,55,238,6.869210113,1521.126107,28,67.48125099
Katihar,233,60,205,4.874685233,1974.02658,27,10.79533938
South Goa,207,52,237,4.593711479,535.165572,29,66.7431644
West Champaran,210,45,262,7.892098727,810.373844,27,61.55308594
Thrissur,196,9,215,6.370665363,831.2359645,26,47.86231202
Ambala,239,54,309,6.333625604,601.9869434,27,42.50655174
Wayanad,180,37,72,5.298047218,567.3025139,26,88.81990653
Rewari,72,44,300,6.436262069,437.049801,26,25.26965397
Saharsa,48,24,227,7.061777026,1833.526272,32,40.43269564
Kasaragod,194,60,196,6.949536602,1368.870236,29,33.58242588
West Champaran,121,57,286,6.814610461,722.8422976,29,77.34890187
Ambala,217,60,217,5.529791381,664.5700349,28,91.73006532
Gurugram,209,39,201,6.28010311,1261.501678,29,85.12838818
Fatehabad,78,42,287,6.184279521,1455.00028,29,79.9726891
Arwal,225,48,257,6.305621959,655.4154241,27,98.69220461
Darbhanga,198,61,307,6.163127047,824.8931317,32,70.01731049
Rewari,196,48,253,5.138576223,723.1021797,28,75.35432533
Sheikhpura,236,49,241,8.590553175,357.8749958,27,98.29745143
Yamunanagar,196,37,202,5.40673261,895.7511928,24,1.692087755
Palakkad,215,51,228,6.082344297,1160.500114,29,63.77078927
Panipat,213,43,254,6.71025588,1379.659258,30,74.15818166
Madhepura,231,54,277,6.732089067,950.1260339,31,91.86487832
Panchkula,215,42,225,4.51594608,1970.066213,28,88.50058611
Gurugram,83,50,256,6.696538463,1326.507847,23,84.35410744
Banka,231,54,257,6.037112802,1795.852205,31,94.63333592
Gurugram,202,13,293,6.706411159,1848.777973,28,54.2005396
Bhiwani,249,44,56,6.000802426,1678.518855,25,1.685089463
Sheohar,123,54,196,6.376751421,685.9740482,27,2.094385471
Pathanamthitta,96,39,229,6.18141219,976.2987933,27,54.91926651
Purnia,213,54,254,8.043834242,200.6932713,28,44.09195165
East Champaran,226,46,264,4.889231895,1012.532395,27,45.67326028
Thrissur,257,43,223,5.269843602,728.75487,28,40.64006898
West Champaran,232,48,305,7.501104515,401.4129374,23,91.8548551
Sheikhpura,207,55,295,6.515043143,1709.458134,27,36.55786477
Bhagalpur,213,44,214,5.185224327,1412.204359,26,85.76646723
Sirsa,248,54,66,6.510317404,1998.386375,31,90.38361459
Saran,41,19,55,6.366377829,1097.099196,27,50.45067523
Wayanad,100,44,278,6.311037055,795.2710447,29,45.2468657
Katihar,215,53,237,6.714145651,674.8605112,25,76.34103982
Palakkad,260,53,204,4.868259746,983.6499745,24,71.08917926
Saran,255,49,250,6.778059524,757.7699214,26,33.52497654
Patna,229,52,211,8.338231569,1983.365396,22,11.15226447
Kaithal,201,42,79,6.83782254,529.0290658,27,27.22038762
Ernakulam,218,7,275,6.645666659,234.4334509,28,13.97182208
Rewari,222,60,238,6.159800102,433.999089,26,30.1784953
West Champaran,227,53,253,6.244121194,1804.758188,27,26.92033499
Darbhanga,234,3,289,6.820855995,1449.054667,28,64.13343096
Panipat,217,61,257,6.393473406,1611.149979,27,95.49510682
Purnia,82,41,247,6.340035814,776.8488206,19,68.8886295
Palwal,236,51,218,4.719511168,1320.866405,27,92.7382914
Bhagalpur,231,42,238,6.06337838,1474.217546,30,78.6290936
Vaishali,236,51,85,6.746333653,787.5490019,28,73.05988459
Gopalganj,249,52,228,5.069889466,1504.149844,29,41.99213208
Rohtak,61,63,129,8.112634503,1333.385688,29,33.15465578
Gopalganj,204,34,117,6.7365331,733.2230005,29,84.78145987
Palakkad,230,59,174,7.882805739,295.1405933,29,90.63393006
Siwan,235,56,260,6.553135745,628.1566794,28,45.73636687
Thiruvananthapuram,217,58,253,4.9318556,1315.165126,28,1.89724672
Panipat,221,10,258,6.719177731,1278.255183,31,79.46057483
Malappuram,205,56,283,6.11041283,1113.768472,33,29.22181521
Ernakulam,224,52,286,6.706361235,652.6551827,29,1.978898637
Samastipur,252,49,190,4.640742399,1000.166137,23,80.69386734
Kishanganj,246,49,216,6.884476608,459.2787558,27,52.22400469
Kurukshetra,91,39,51,5.606202208,1392.289303,27,68.83586389
Lakhisarai,241,58,243,6.644439468,1764.488084,26,91.55429229
Palwal,243,60,255,6.834394366,1034.634618,31,54.57620918
Palakkad,132,58,259,6.442757796,583.3955838,27,50.81621319
Kurukshetra,75,52,287,6.289698528,1690.195324,20,29.77555001
Fatehabad,234,47,251,6.350735786,763.5429643,28,31.21418961
Gurugram,135,54,282,6.37395805,1269.141738,25,79.85766454
Faridabad,183,59,270,6.549863425,335.7587463,31,45.45389531
Katihar,256,60,207,6.524881271,1492.2874,26,17.18909465
Rohtas,194,51,278,6.346772075,1029.209069,30,10.35834764
Rohtak,233,59,222,6.034321556,962.0275198,23,47.81909157
Charkhi Dadri,226,56,279,6.347070627,1882.705646,25,47.03054734
West Champaran,211,57,252,6.845097358,1084.681177,27,65.69236954
Palakkad,221,45,247,6.586055228,230.1509238,26,47.6356803
Kasaragod,229,46,92,6.512218909,1927.67759,31,15.20409471
Kaithal,228,54,265,6.161225912,221.9832084,24,51.2724856
Patna,232,47,257,4.844714129,1164.565,32,90.77215098
Rohtak,211,6,256,6.785904548,1340.47464,28,16.78469975
Mahendragarh,223,49,77,6.906146624,1810.07148,29,69.28570946
Lakhisarai,218,46,249,7.09155507,1422.58243,27,59.79206723
Kurukshetra,220,57,286,6.514605572,1660.039017,28,75.10998694
Lakhisarai,230,23,264,6.828278735,1585.860682,24,15.90942707
Rohtak,173,56,78,4.948919016,584.3627518,27,94.21892835
West Champaran,223,47,248,6.848910959,1460.842529,26,62.47567635
Bhiwani,223,51,254,8.214576989,1347.647915,27,84.86004263
Palakkad,217,54,252,6.332151914,639.1475356,22,25.4140696
Purnia,51,51,226,6.580856942,430.9957453,29,74.20187605
Kozhikode,226,54,232,5.953848467,1552.950868,28,78.32203973
Aurangabad,220,22,284,6.561495262,1948.027287,32,40.34609197
Saharsa,258,59,235,5.94119834,1529.202505,30,39.01139184
Idukki,230,49,249,6.248006956,1549.009778,28,66.12183024
Katihar,217,60,210,8.178015935,500.0681251,25,10.24736049
Palakkad,225,16,270,5.998776519,644.6996508,28,73.82679087
Jhajjar,225,56,217,5.111744387,1254.372743,29,5.245789224
Bhiwani,231,55,77,6.62874496,256.5755117,25,19.86843981
Kannur,225,52,254,6.236490865,1402.261297,30,66.75023197
Kottayam,255,6,296,7.07305641,460.6602532,29,10.73404304
Nawada,248,42,259,5.360589983,944.1134682,33,97.21236706
Saran,235,53,214,4.848313172,776.3386269,27,86.97122474
North Goa,243,61,91,6.452797278,391.6199009,25,63.00393091
Sonipat,230,18,284,6.224879463,1241.788674,29,82.08668811
Madhubani,240,14,279,7.082407896,850.2425334,23,88.87042481
North Goa,226,36,221,7.074207173,279.1729736,30,26.68808931
Kannur,238,51,257,6.699509865,999.9559608,25,85.09174721
Jehanabad,195,59,228,7.04791078,1262.465967,26,20.28458458
Saharsa,202,41,105,6.916128473,434.7458401,28,41.92088415
Panchkula,224,15,236,6.379870182,1252.989022,25,56.26770349
Fatehabad,240,46,231,4.887512848,743.6434458,27,71.67520534
Nuh,201,11,209,6.591089732,667.3666515,29,3.983990455
Araria,241,61,306,6.091467809,1631.869778,25,29.76043187
Madhepura,222,58,290,6.244736005,1041.93501,27,61.24339072
West Champaran,215,50,257,6.914176576,880.2614022,23,36.37949924
Vaishali,208,45,79,6.006314498,1663.440302,25,77.72748051
Saran,200,51,227,6.115616165,1838.619655,27,65.51356395
Vaishali,231,59,289,7.531710104,767.1505132,25,24.20574392
Samastipur,187,51,281,8.507384274,290.7165139,26,15.44696898
Bhojpur,201,15,226,6.012577116,1173.291614,24,63.27565237
Purnia,219,10,250,6.295055051,1487.276666,27,45.59626544
Saran,199,41,242,6.494579516,1258.02334,27,17.72674707
Panchkula,241,44,250,6.173724464,1438.50035,26,33.31104633
Samastipur,211,48,291,6.298744834,1364.103699,28,31.00162808
Darbhanga,248,41,222,6.096503722,1920.790837,28,11.70506526
Munger,227,48,290,6.589470887,1758.652363,29,55.14399291
Munger,228,46,244,6.092091763,437.3183403,30,76.60121476
Munger,269,40,142,8.658321434,1014.68698,27,57.971222
Mahendragarh,187,53,264,6.616626131,1018.583404,32,82.80284513
South Goa,219,53,229,6.740908477,1021.400679,27,13.62928617
Hisar,219,48,229,6.857752723,1875.267108,28,44.12557392
Khagaria,126,33,316,5.663910571,788.9471547,29,61.33209526
Araria,236,46,264,6.892767206,1305.691467,28,67.92415453
Bhagalpur,203,60,231,7.08877133,1813.364204,28,69.88284434
Alappuzha,253,55,273,6.582154961,290.9695754,25,73.16757728
Patna,239,25,294,6.694856777,1781.397151,29,65.49155141
Ernakulam,194,60,240,8.113328822,1576.926197,28,10.32858081
Kasaragod,245,42,271,6.540203518,574.1703056,27,69.83526208
Saharsa,197,56,263,4.713010806,785.9203304,22,72.75348302
Madhubani,234,46,273,6.454462285,759.0561448,28,99.3545135
Pathanamthitta,217,47,250,7.059631663,598.3517086,29,69.64288123
Palwal,213,46,82,6.830355879,1349.33847,25,68.99620918
Jind,251,52,296,4.909812281,1969.09094,27,51.96651573
Nawada,215,51,234,6.02312929,499.9012282,29,86.92436795
Arwal,120,61,202,6.512769355,617.939947,29,99.68664143
Munger,238,54,225,6.991177774,722.673437,28,78.12544215
Siwan,244,53,157,6.099008564,1887.627892,30,61.63753741
North Goa,227,15,302,6.075960509,1326.478854,25,8.816527866
Bhiwani,74,64,99,8.037235785,582.8028818,30,72.94717404
Rewari,43,44,264,6.856785293,1647.180322,29,71.14759529
Karnal,205,50,254,6.575620284,1861.170853,29,77.78124663
Alappuzha,244,47,241,6.719068768,926.1959498,27,13.33098345
Nuh,227,22,297,5.705641043,511.0704008,25,65.71951751
Sheohar,248,50,214,4.740506987,757.8497999,26,30.27666659
Lakhisarai,223,40,279,5.300702387,590.8065547,29,76.2668531
Saran,197,23,269,6.820823871,562.568632,28,24.79702145
Siwan,199,13,293,6.432462522,507.4197275,27,68.71388901
Rohtak,226,56,216,6.754583708,1776.886077,26,30.20430175
Mahendragarh,231,51,262,4.467872911,354.5984368,27,1.890434989
Alappuzha,203,47,208,8.393526322,944.0291532,26,63.70243329
Nawada,255,55,203,6.346357461,226.5231196,31,12.21363923
Bhojpur,157,13,55,8.602648688,728.1115397,27,66.26985581
Siwan,220,47,259,6.666315093,1472.483296,28,92.63533539
Kishanganj,234,57,207,6.315935685,565.1043624,27,96.95534749
North Goa,237,50,244,6.099257197,1997.713369,30,24.35638565
Rewari,256,43,204,5.972112712,286.9386359,25,81.11606954
Panchkula,244,58,285,4.795854004,445.670602,19,36.00177441
Wayanad,205,49,249,6.299212345,1616.385743,24,90.1452502
Munger,216,55,236,6.089510237,1956.797042,28,78.96146729
Sheikhpura,239,51,185,6.076881721,1917.223411,29,8.318249948
Bhiwani,236,41,119,5.894679522,1636.825602,27,41.30656239
Munger,245,55,226,6.783609577,1951.375823,27,34.39446477
Kaithal,241,41,222,6.731597442,1713.430009,24,78.73292105
South Goa,249,39,300,6.190565122,304.4446335,26,41.61828535
Sitamarhi,200,9,287,7.012059637,1722.141412,27,68.77425137
Kaimur,158,38,64,7.743851773,1070.803885,34,60.6410903
Idukki,134,49,232,6.026848319,1022.155783,27,97.58823319
Charkhi Dadri,231,52,220,6.26781708,204.5491703,27,93.84071072
West Champaran,210,47,211,6.641989854,1316.462897,28,43.34225196
Bhojpur,249,51,283,6.0554023,1408.895611,26,72.63424295
Rohtak,253,5,294,6.302769751,1623.287796,28,83.1165493
Yamunanagar,102,53,277,6.633910345,786.7153758,28,89.98968963
Rewari,210,16,301,6.608143104,430.640483,28,7.745292114
Vaishali,206,44,199,6.395694152,991.7305594,29,30.90580113
Panchkula,119,42,282,6.190462113,852.1182748,29,32.70277406
Nuh,94,41,272,6.410858295,1555.639838,26,44.01014917
Idukki,247,55,246,6.37232082,612.9898019,31,17.75721032
Palwal,247,49,65,6.095051922,448.7077625,31,50.12438212
Vaishali,211,58,219,6.748120325,992.3338662,29,66.6582184
Nawada,232,47,283,6.765284073,1330.381263,30,50.2390281
Rewari,236,58,99,6.661557761,705.7957109,27,66.91351642
Rohtak,244,46,265,7.96806797,405.9796902,27,7.57772155
Jamui,213,41,233,6.153364747,990.4095045,24,87.72274584
Panchkula,207,50,306,6.62317072,1931.379223,30,93.96785002
Sheikhpura,255,49,241,6.350275918,1941.166051,28,62.17283499
South Goa,212,9,293,6.104219673,1475.634164,33,88.25770887
Arwal,209,48,203,6.650920357,1598.876146,27,14.01315565
Buxar,132,60,33,8.176871792,566.3182466,30,79.94744309
Lakhisarai,251,56,265,6.833423569,874.3770661,26,12.79567115
Arwal,209,44,268,5.211778956,1288.557477,22,41.39301292
Panchkula,210,54,290,6.951969617,1550.749919,28,33.05803492
Panchkula,245,44,246,6.259345471,499.9248803,26,58.9735907
Kasaragod,193,43,254,6.934383776,1023.731071,29,30.84993899
Thrissur,62,52,281,6.052820895,492.9578848,34,64.09404934
Malappuram,219,47,275,6.508889713,1340.045421,28,37.37134163
Saharsa,241,56,265,4.773570703,1589.891973,29,86.21824772
Mahendragarh,42,59,86,4.855867027,1699.955248,28,63.75450018
Karnal,240,46,255,6.215346103,1518.257281,26,22.31453143
Sheohar,232,49,257,6.770629739,486.4612764,28,34.27681278
Rohtak,231,45,217,6.703902721,1691.141488,28,84.89466788
Begusarai,258,55,280,6.474451084,801.9450456,21,39.26149525
Kasaragod,220,38,227,7.915347297,1704.379394,28,54.04410749
Gaya,215,48,294,6.460204704,651.6211131,29,65.24525166
Sitamarhi,221,57,99,6.118058012,1056.265861,29,35.43315531
Supaul,247,40,274,6.931272982,1237.82911,26,30.10388445
Kottayam,240,13,231,6.034059246,262.4987846,29,48.05023536
Sheikhpura,218,58,250,4.815183398,1826.650218,28,22.27321624
Idukki,135,54,299,6.40671869,1120.777916,28,29.1368481
Kishanganj,247,7,211,6.589571578,545.6751855,26,7.145769919
Samastipur,234,51,268,6.730719634,489.4614709,30,31.09305732
Fatehabad,220,42,247,7.519832524,1435.786833,26,32.74970524
Wayanad,208,40,304,6.712918239,347.119616,30,96.22148346
Patna,110,25,83,8.205079445,991.6790941,30,59.38315372
Kasaragod,231,57,247,4.805698737,1172.497674,26,78.95086012
Palakkad,189,54,212,5.123436986,619.6359376,27,5.492348025
Lakhisarai,263,60,36,7.134629834,432.5597354,27,11.54713267
Bhagalpur,234,55,239,6.003287837,1083.271771,30,81.63915913
Palwal,240,56,142,7.191893178,812.5899851,27,62.73140539
Hisar,241,48,305,6.881196268,452.4349151,24,19.90722102
Rewari,238,48,274,6.993553004,578.6724831,31,41.07474518
Wayanad,266,48,279,6.52946481,1047.691426,29,54.3285775
Kasaragod,95,57,279,6.153584255,439.4907161,30,84.51737308
Sitamarhi,201,21,221,6.103446011,1885.014797,24,6.980787178
Samastipur,44,46,225,6.866258625,1595.820477,26,60.07550665
Muzaffarpur,222,50,247,6.371340273,786.0041068,28,71.98655624
Madhepura,268,14,246,6.268191213,665.0403718,30,97.81129393
Purnia,192,47,235,8.078889881,1773.731912,30,80.90884775
Samastipur,111,55,272,5.953691382,968.4704958,25,28.34650404
Malappuram,60,48,153,8.556251106,1752.892083,35,71.24834019
Pathanamthitta,239,55,83,6.769438213,1536.421478,29,76.56451061
Sheohar,241,39,275,6.152236501,365.8124147,21,73.24381449
Kannur,225,51,137,6.847834543,1664.487086,24,82.19426273
Ernakulam,206,51,268,6.481417716,1171.785878,24,90.46926765
Kaithal,217,54,264,6.584902503,1419.680253,30,10.74455703
Kurukshetra,241,58,279,4.777396955,594.2080394,31,11.37162191
Kurukshetra,265,24,89,6.510380308,200.4870358,28,79.84359889
Nawada,241,25,308,6.72650758,800.6385678,30,25.98487518
Idukki,216,54,270,6.808152972,543.129209,29,6.795600773
Bhiwani,225,52,287,7.82584682,983.3897262,31,40.72168892
Hisar,250,44,209,5.271364552,363.6160599,21,82.16781427
Rohtak,241,58,43,6.110429348,1811.083341,27,13.52993736
Aurangabad,234,48,249,4.991688791,413.7029689,29,67.51235521
Idukki,197,44,288,6.285353779,1575.532875,32,1.357970315
Araria,226,39,219,6.547527823,1890.784157,29,11.86400727
West Champaran,205,45,248,6.519327848,466.8112395,29,35.73418423
Faridabad,186,23,268,7.591751005,823.6582285,26,9.276625821
Arwal,213,51,249,6.606257405,1515.912479,27,84.74426508
Idukki,246,50,282,6.451853746,1486.03174,30,86.54297981
Charkhi Dadri,212,52,215,6.739213045,267.3110905,26,75.80149961
Nawada,262,24,97,7.69579388,327.2492987,26,25.00548351
Charkhi Dadri,228,47,228,6.065518324,416.2513382,29,52.80146045
Bhagalpur,238,55,245,5.053898229,1222.439358,27,19.23466403
Munger,216,43,255,4.517510859,299.0775953,24,28.84656656
Kishanganj,242,47,273,6.319556104,1259.137906,29,52.08452393
Bhiwani,105,55,222,6.347525598,816.4315707,27,73.76636704
Palakkad,227,57,246,6.019572546,1404.93878,28,10.37078366
Kaithal,217,63,281,4.556462981,1607.6762,29,30.37297307
Nuh,84,26,214,6.458997614,1624.518783,28,92.73551351
Gurugram,59,53,220,6.186847773,267.7426836,28,43.48320846
Bhagalpur,257,41,272,7.003340341,1904.951589,28,93.94809772
Bhiwani,212,43,232,6.67324577,1255.963316,30,99.14865361
Panipat,209,60,272,6.914623258,1812.258372,27,53.13932279
Kollam,208,52,230,8.180920954,1307.261327,27,29.51635697
Bhojpur,219,48,219,6.837350344,1071.41065,25,79.28690405
Muzaffarpur,226,47,241,7.534837072,1513.511509,30,16.77176282
Ernakulam,197,41,302,6.78476835,594.9582733,28,25.95263911
Bhagalpur,197,59,258,6.683680645,385.8072014,27,78.70311104
Charkhi Dadri,157,20,138,7.054176738,362.8967955,25,43.93094655
Rewari,232,59,240,7.066490554,1728.444923,26,20.95225576
Saharsa,241,42,290,6.081045568,1842.400626,26,65.46144875
Kurukshetra,98,54,272,7.117829491,1665.945198,21,73.54342428
Begusarai,211,24,278,6.433683125,1827.980536,22,13.38205271
Patna,222,24,297,6.620074919,1972.596363,25,28.42104574
Lakhisarai,243,56,279,6.713294275,1146.905984,31,22.90639878
Karnal,220,61,245,6.907840233,476.9850255,30,38.60560825
Nalanda,207,54,278,6.447252647,1294.267734,26,76.58104466
Sheohar,213,23,249,6.090375021,837.0078854,29,71.65710213
Munger,52,47,211,6.908360532,823.6074736,27,66.58986713
Thrissur,182,10,180,5.858434668,1510.0546,29,1.622269041
Ernakulam,214,40,242,5.282727125,363.1712386,26,15.07218802
Munger,248,46,280,5.083394778,267.5567172,30,23.10645736
Palwal,228,57,240,6.799810551,1451.494042,28,27.92362876
Ambala,246,52,272,6.323291939,669.3136139,28,15.49622762
Faridabad,247,17,226,6.174988294,893.9021513,28,41.6212396
Jind,207,46,290,8.237630242,753.7393729,26,8.442877916
Jhajjar,160,48,253,6.835502242,1306.714175,30,75.25219685
Araria,218,52,270,6.974002428,478.1279704,29,78.98435794
Vaishali,217,57,113,5.83049466,1497.058498,28,57.85240227
Gaya,218,51,275,8.193685693,1864.868522,23,9.880782827
Charkhi Dadri,247,43,295,6.234149944,1704.995639,26,89.11823379
Yamunanagar,234,56,253,6.535204658,1832.666545,28,96.59794704
Wayanad,228,48,228,6.281403618,1886.727542,30,21.03399247
Muzaffarpur,208,48,265,6.854567118,870.2015283,29,70.75934212
Sheohar,241,48,311,6.631547019,1632.332326,28,84.35192443
Muzaffarpur,242,8,220,6.680960383,1090.686107,35,54.44450873
Sirsa,103,52,230,6.442201525,685.5917057,30,33.00898685
Gopalganj,209,65,260,8.087572528,1544.387643,26,48.37731279
Aurangabad,136,37,190,5.591819885,639.4314384,28,51.71460633
Alappuzha,228,50,230,4.530490164,397.3169695,31,40.66306737
Thiruvananthapuram,201,58,206,6.481077855,1468.315206,21,93.05440687
Alappuzha,226,44,195,6.733876328,717.5990245,25,74.64442798
Begusarai,209,41,236,4.75168758,750.6537933,28,24.88886258
Nalanda,210,58,262,5.073069935,1786.0211,25,58.97016154
Kozhikode,152,63,226,6.717559142,443.9706057,25,69.18022594
Yamunanagar,227,52,218,6.389185666,1576.722832,24,14.87548575
Pathanamthitta,242,57,229,8.241449555,895.1825727,25,36.4841485
Palwal,261,42,270,6.646361092,1807.418632,26,90.64927988
Gopalganj,232,41,281,5.13241919,992.6195616,28,57.15013692
Jamui,215,51,183,6.138025751,936.2412036,26,22.48277686
Kottayam,245,58,287,4.595461403,973.7590005,29,13.15569501
Aurangabad,222,7,239,6.388226001,1707.842821,26,52.30446245
Banka,227,52,251,7.894315052,218.9183698,30,55.22088658
Sirsa,70,48,281,6.208737127,1468.753436,30,34.10703068
Panchkula,212,22,297,6.35838472,569.4325651,25,63.41118681
Ernakulam,202,52,262,6.960001879,1787.825931,29,7.799783936
Kurukshetra,209,53,249,6.147730233,876.6679774,25,15.36882963
Hisar,247,52,270,5.022193,810.1200399,29,55.08110828
Supaul,192,47,240,6.764855142,1482.723888,28,7.119753691
Kurukshetra,85,51,279,6.514460234,1500.408228,25,88.20996773
Thiruvananthapuram,214,58,243,4.829268994,1340.679769,23,15.07249068
Patna,236,58,114,6.355734362,793.6548097,30,67.71806753
Gaya,248,17,284,6.336347219,1298.635493,29,39.72914073
Kishanganj,210,61,233,5.028305626,297.67866,28,40.57898701
Sheikhpura,224,41,237,6.802618438,1919.323657,25,76.72406333
Sheikhpura,214,47,242,5.494556321,1014.881261,28,50.44675128
Nawada,74,23,320,8.489525253,748.0599533,26,72.8398909
Kurukshetra,202,5,255,6.17065856,1749.402172,28,51.01393165
Supaul,232,7,249,6.085321026,783.5095752,24,59.6976288
Bhiwani,180,41,221,5.027778703,1994.912161,26,76.31074816
Jind,244,53,78,6.232140008,1443.079186,26,61.12356555
Kaithal,241,41,290,6.563986738,1369.240465,27,61.94589583
Panipat,234,61,216,6.835375696,473.3418081,32,79.13273955
Nawada,214,57,302,6.466198361,1297.752864,26,94.95959477
Pathanamthitta,230,55,280,6.902654694,479.2248814,25,38.29489924
Kurukshetra,241,6,106,8.552135415,1610.487482,30,58.13459857
Saran,228,2,264,6.414417174,449.1243138,25,9.541042616
Saran,251,21,231,6.600118773,845.8988716,30,36.52158418
Bhojpur,245,57,257,4.628459671,1058.119012,24,41.79287336
Mahendragarh,227,45,301,6.547808424,1649.348414,32,83.68849437
Gurugram,216,50,121,5.965790485,1338.968359,31,51.82584781
Kannur,228,47,230,6.243481223,1546.341249,30,73.37557096
Kottayam,237,58,274,6.290853803,639.1533988,25,2.881732603
Kaithal,256,49,229,5.051402729,627.0742072,30,46.98477429
Pathanamthitta,165,57,212,6.894358909,885.1158845,26,90.23044885
Madhepura,201,44,137,6.008885583,233.6255644,29,23.20707702
Samastipur,209,60,51,6.474460335,1695.267441,28,4.120696345
Ambala,229,48,239,6.031475453,865.9435766,20,43.90746464
Jehanabad,209,57,104,6.203167744,321.5965477,32,70.73875024
Samastipur,94,59,310,5.546751734,1769.987837,27,45.99188718
Katihar,201,39,268,6.978716903,1942.087525,27,46.53785304
Kurukshetra,210,54,223,6.043232468,1363.852168,27,67.31069908
Rewari,237,60,207,6.891155746,841.8588962,26,26.18449202
Yamunanagar,260,45,208,6.232648813,944.7625758,28,75.43708937
Thiruvananthapuram,209,43,288,6.537212453,661.0801943,30,16.15823956
Sheohar,216,51,259,8.450492108,1480.295631,25,40.17930992
Munger,215,24,206,6.382773494,840.9297363,27,65.94480274
Kishanganj,62,43,225,6.746666478,258.470828,30,83.00853172
Nalanda,211,37,271,6.191452784,283.0919259,27,79.36157605
Arwal,85,40,250,6.54708902,1306.549215,26,72.44687433
Gopalganj,244,55,191,6.126342249,722.6912131,28,36.55054197
Palakkad,130,58,205,6.556136803,503.4649489,25,13.10812731
Rohtas,219,52,217,6.009666209,1194.25709,26,22.46658755
Jamui,81,52,267,6.072162147,701.1856897,33,86.61854764
Sheikhpura,58,54,299,6.152765837,332.0035301,27,85.87580564
Thrissur,211,58,244,6.234631499,548.4483029,28,95.2045244
Rohtas,219,51,270,7.472162285,1600.232096,28,8.522876538
Fatehabad,201,61,172,8.210435493,1733.620641,29,54.14409944
Supaul,215,56,64,6.050928551,1769.865732,31,65.21962145
Idukki,152,57,299,6.799151831,1162.699177,28,71.35508033
Kishanganj,138,21,241,6.955470052,1911.712038,25,64.74246027
Kishanganj,228,48,222,6.370676694,473.0038795,24,77.2311276
Purnia,254,47,101,8.61091035,1421.041084,23,36.58768605
Gurugram,241,48,295,4.730430721,1467.670839,31,18.76384444
Nawada,197,57,294,6.306633737,295.7337258,29,21.25375384
Kurukshetra,237,13,293,6.310949315,708.4057544,29,2.185890258
Madhubani,217,43,266,6.346687128,1908.286644,33,35.68186534
Kannur,217,59,229,7.745185521,1566.25203,19,10.08266104
Gurugram,232,46,218,6.079905264,298.4490735,30,32.82738059
Palakkad,219,49,275,7.005471229,1173.428895,29,63.19279764
Rewari,226,41,243,7.935446118,1367.519927,25,89.5533275
Gurugram,222,20,239,6.197644469,1951.550111,25,84.12093965
Bhiwani,220,54,239,5.312232081,1489.581434,32,26.01474698
Arwal,217,18,263,6.300505571,1349.577118,29,14.27423108
Supaul,224,40,217,6.376227657,1835.349436,30,20.11415511
Idukki,242,58,283,6.740878001,1389.687082,29,97.12767854
Gurugram,218,54,290,6.001168531,1877.819709,22,55.39797349
Nawada,232,11,45,4.855956667,1086.997087,27,19.06772008
Malappuram,197,42,289,6.347072179,1493.417056,31,84.23386931
Araria,204,62,292,6.81142383,1337.158385,28,40.12393319
Thrissur,195,10,236,8.28987047,1194.546842,32,90.02299305
Kasaragod,213,58,265,6.416097478,783.3702582,27,26.80703556
Rohtak,248,40,223,6.846107788,1826.801173,26,39.92895412
Malappuram,218,50,217,7.691228404,686.0803741,28,50.98982852
Idukki,53,45,261,6.473820128,486.9009757,28,89.36891807
Palwal,241,53,259,6.395416263,1481.6902,22,87.00698573
Fatehabad,230,57,245,6.238658766,1183.79511,28,57.86115196
Purnia,46,26,82,6.184073596,673.1491955,23,22.95577547
Alappuzha,197,53,244,6.158932015,1766.553781,25,40.9323402
Siwan,204,52,279,6.448607137,715.172731,24,97.58767347
Madhepura,229,58,211,6.588116018,314.8077332,29,61.16954916
Jamui,211,55,258,6.549316606,227.6600908,35,78.32867776
Panipat,102,24,136,7.845629781,1861.139024,29,45.53660484
Sitamarhi,220,44,151,7.033617107,923.9205801,27,53.66872027
Sonipat,228,54,247,6.892302802,584.2800319,27,43.46645711
Nuh,204,46,256,6.164436899,1220.782546,31,70.58917881
Palwal,100,34,203,7.309703713,1078.194197,25,85.29563037
Rewari,219,40,276,6.896573705,1999.716776,25,51.22899078
West Champaran,216,55,239,5.3615064,1799.308956,26,48.6058784
Jind,238,49,206,7.749564665,687.9841383,25,34.68836024
Gurugram,255,44,83,6.605162613,1455.877059,25,18.53257274
Khagaria,138,49,225,6.099040594,896.9144613,22,93.98552456
Jehanabad,146,46,275,6.355772118,855.9877932,29,32.29189215
South Goa,200,53,147,6.103078655,860.7931919,28,80.26845489
Kasaragod,227,43,221,6.102217427,1350.659307,29,71.81935511
Jamui,230,54,290,6.685475689,1168.370965,30,79.30084243
Muzaffarpur,246,56,54,6.64875327,1559.08986,26,93.7400452
Vaishali,232,45,235,6.749418568,475.3745232,26,62.71370526
Kishanganj,196,40,247,8.235051025,965.7686836,27,89.89708399
Pathanamthitta,230,54,197,4.994374801,1748.5815,25,17.60203497
Katihar,224,52,136,5.966665031,205.695901,31,63.04454502
Fatehabad,218,51,262,6.826650111,1322.286048,25,77.45528568
Vaishali,207,54,243,6.511439374,1614.326638,28,27.89247194
Kannur,235,47,302,6.487699379,890.9380494,28,74.33462633
Saharsa,97,30,150,8.124342434,1790.508779,30,78.06920608
Kollam,221,42,211,6.201322225,1524.245065,23,83.28760765
Kurukshetra,241,19,292,6.871528996,1290.886744,30,31.97540835
Muzaffarpur,247,44,264,6.973673535,556.9804608,28,68.47905243
Araria,226,45,257,6.898478239,1406.187096,24,31.12107506
Sitamarhi,203,53,91,6.382166348,1700.780362,25,74.16499836
Thiruvananthapuram,218,58,304,6.782888959,1513.83628,30,46.83439285
Thiruvananthapuram,126,45,267,5.983830999,1234.742353,27,60.15689308
Hisar,220,49,150,7.069450531,1486.23831,26,42.16815816
Darbhanga,194,55,219,7.950647333,1958.399432,26,17.03630977
Thrissur,234,58,263,8.085089119,219.4478138,26,18.62492343
Nuh,204,15,251,6.776190608,1395.071513,32,8.679321819
Nawada,220,4,237,7.694410434,1627.386645,30,62.18919529
Kaimur,211,57,235,6.592615473,1350.004746,28,85.0152014
Bhagalpur,96,48,200,6.953463429,691.5657733,28,3.0628458
Kishanganj,197,42,296,6.496166956,1680.963314,30,7.557710707
Malappuram,235,54,242,6.453830012,1843.938406,25,46.28923224
Gaya,211,52,271,6.887796784,1430.308517,25,74.03435288
Samastipur,238,43,249,8.113323017,1119.843569,31,16.61305683
Bhiwani,253,41,198,6.182001371,859.3775801,28,27.89348064
Purnia,240,11,227,6.406311137,794.1021643,26,23.96861393
Buxar,242,62,201,6.658343724,1501.809762,30,40.50607065
Thiruvananthapuram,208,45,263,6.414251444,1292.822106,29,23.27486902
Jhajjar,175,58,189,6.309227554,482.331032,26,35.90726918
Jind,229,19,291,6.905878764,453.973962,27,73.12571727
Sheohar,126,56,215,6.778580801,327.9785666,33,61.4899156
Purnia,183,49,283,6.488665635,1430.321454,23,9.036988834
Yamunanagar,237,28,245,6.458731287,765.8558678,30,64.13682096
Palakkad,243,40,88,6.649108229,236.4364441,31,48.23063998
Bhojpur,218,40,233,6.434656449,807.8469243,29,93.5219919
Panipat,104,24,177,8.163447957,1697.809974,29,29.64112739
Jamui,199,53,195,6.068168207,645.7925543,29,72.89047555
Patna,212,48,269,7.794668377,1340.38891,27,73.35522148
Munger,231,20,244,6.143180357,991.4081293,26,22.92857732
Kozhikode,80,62,208,6.754650209,1188.012596,28,90.41913887
Wayanad,230,60,259,8.210574983,1272.390874,29,49.62713684
Kurukshetra,247,58,40,6.783898645,1018.659765,31,68.20945332
Thiruvananthapuram,236,48,261,7.025769075,304.1405154,27,15.43970033
Charkhi Dadri,196,52,268,6.341437036,1221.85175,24,26.52258778
Madhepura,251,46,203,6.156543314,915.5446623,29,59.02460468
Vaishali,236,51,112,6.329391412,559.7838299,26,32.58369957
East Champaran,237,43,284,6.609987455,1813.714768,28,50.46959894
Munger,218,39,60,6.407358341,1524.920939,30,38.02651474
Idukki,236,57,278,6.385515141,711.3228453,24,64.41482587
Begusarai,227,56,286,7.780320672,1170.122917,30,49.22739092
Madhepura,215,41,275,6.606481286,1933.603707,29,1.456383661
Pathanamthitta,213,52,226,6.865783812,641.8308295,27,65.31840296
Idukki,237,52,238,6.564993187,1905.292063,25,42.79003415
Malappuram,36,4,243,7.703800645,1430.050421,27,34.82813571
Panipat,202,27,214,7.424886162,1173.505965,28,10.32052848
Palwal,223,44,232,5.105743526,1969.773847,25,22.81659937
Nawada,108,55,291,6.74119465,800.6759506,28,23.15345687
Ernakulam,239,4,296,6.214747414,700.8161374,33,93.60158044
Malappuram,237,54,126,6.706211889,811.2678951,29,43.8187845
Rohtak,226,42,225,6.60866929,1551.545123,21,5.164518874
Jind,229,43,254,6.7057005,806.6117854,26,14.74285154
Panipat,217,57,213,6.334035194,384.9722418,27,8.824234898
Arwal,228,54,216,4.903646395,1359.761774,26,59.29806963
Kannur,216,57,289,6.851413191,601.3704804,28,19.47552767
Vaishali,247,17,216,6.845981433,207.4935266,27,50.35720639
Katihar,110,55,225,5.96809587,558.4833861,31,37.63614422
Sheohar,218,52,302,5.938794292,1674.461772,31,80.58376134
Darbhanga,231,50,234,6.903230692,1892.44659,29,32.72847409
Vaishali,145,14,220,7.352292229,1391.515035,30,46.36828276
Madhepura,235,57,292,7.89677899,758.8816112,28,72.40726931
Malappuram,225,57,245,6.295045604,985.6952244,28,43.90176949
Thrissur,76,43,254,7.041486854,550.1877337,28,79.52833807
Saharsa,230,43,213,7.000166962,1785.400262,28,66.50675127
Fatehabad,219,58,228,6.693951662,1398.046813,24,41.64238228
Gurugram,232,53,263,5.154005426,351.9426753,30,50.89421064
Kaimur,226,58,210,6.574913052,860.4806305,28,96.75314213
Araria,250,57,117,6.152130462,1168.440674,27,66.49953815
Bhiwani,219,55,230,6.932268332,1635.194146,29,90.59452737
Sitamarhi,237,40,299,6.315896307,1856.908281,26,18.69709184
Supaul,223,59,262,7.900705407,438.8121619,26,48.84037947
Saran,215,46,282,6.336524951,1702.200008,27,90.95750531
Charkhi Dadri,199,42,245,6.836505003,318.4107984,30,32.93859408
Nalanda,236,59,283,6.308389976,632.8828475,23,96.79875562
Kottayam,182,35,75,5.052486039,237.8221258,31,10.61067156
Gaya,226,22,232,6.817350152,314.8910917,29,90.36444586
Ernakulam,56,57,278,7.011630398,258.3563328,23,45.07600008
Aurangabad,241,56,212,7.771667993,462.8141479,27,8.300672349
Jhajjar,236,49,250,6.225863431,1777.750536,26,88.07263767
Jind,266,51,238,5.903035447,710.8878572,29,25.94208103
Kurukshetra,238,50,265,6.623337694,1063.48762,23,3.202762424
Darbhanga,225,51,300,5.263214977,1076.809463,26,14.44490345
Idukki,215,52,267,4.397935961,1991.47328,30,66.25235945
Bhagalpur,205,38,257,6.315222947,856.4112393,26,97.80333742
Sheikhpura,215,43,224,6.787843233,677.1787909,30,12.03475182
Siwan,248,47,208,6.298904074,1933.84046,27,46.73285676
Kishanganj,241,53,191,6.147722988,1266.546165,29,18.88301854
Buxar,230,41,282,6.930959439,721.0665901,25,74.75861688
Bhagalpur,236,21,272,6.91675757,717.4746859,31,12.68783108
Sitamarhi,203,45,299,6.620274899,355.452875,26,24.7443331
Lakhisarai,119,59,253,6.816481906,1202.363548,26,20.4441908
Rewari,225,40,206,7.007850929,1502.638193,30,55.69945826
Kishanganj,146,56,205,6.228011102,1054.484836,19,87.44522511
Purnia,111,40,317,7.82737509,1791.986391,27,51.59792991
Palakkad,242,59,103,6.870345045,1071.136611,28,6.766101824
Malappuram,206,56,214,6.181339931,823.4450082,28,56.77550413
Patna,226,19,260,6.243423096,651.4091296,24,79.95457893
Hisar,53,50,50,6.210372684,637.9279874,28,14.08346353
Kaimur,126,43,198,6.916849398,769.7251409,26,8.19841022
Panipat,224,55,277,6.666866522,1985.55482,25,19.59296998
Mahendragarh,134,60,128,4.458376095,849.487746,30,74.86254596
Muzaffarpur,214,44,241,6.787008995,1144.279812,21,59.57636153
Kannur,219,37,100,6.792201126,694.4152377,27,54.51887074
Samastipur,206,16,230,6.518968946,458.3645558,27,25.69850957
Sonipat,210,56,291,6.378706132,1362.500192,28,33.89142293
Darbhanga,229,55,248,4.691407574,1181.396074,23,96.62261628
Alappuzha,214,51,213,6.392036536,322.0874975,33,24.82189745
Katihar,227,46,224,6.602613734,1789.016436,25,90.2628969
Jehanabad,210,60,302,6.140957003,1113.877841,29,58.47261894
Sheikhpura,143,60,253,6.065177658,803.5756089,34,13.20635017
Munger,75,18,152,6.88260588,1602.846286,22,47.26392544
Sitamarhi,72,4,233,5.419586319,401.7623856,31,94.90632302
Kaithal,200,57,219,4.620622119,1052.804326,30,42.43799422
Thiruvananthapuram,228,9,225,6.442675732,1187.79048,30,86.47526991
Palwal,240,40,135,6.860197163,1595.224979,22,26.38644077
Charkhi Dadri,211,59,245,8.021817919,866.4403233,28,57.52129303
Thiruvananthapuram,221,43,156,6.644742569,1738.935177,23,84.54135376
West Champaran,228,47,261,6.252950171,1455.811238,25,92.14815568
Palakkad,248,22,202,6.721746982,1587.93565,26,49.09651335
Malappuram,97,30,45,6.589866497,1944.339757,27,64.32912211
Charkhi Dadri,218,53,199,4.672903232,1720.556456,27,1.295032947
Madhubani,219,53,105,6.533256103,824.2190629,28,26.06910744
Darbhanga,207,2,275,8.111176468,1362.459909,26,28.59249827
Lakhisarai,227,55,276,7.523265325,1763.500865,27,10.25580815
Wayanad,263,6,240,7.661774153,1145.218851,28,28.68980632
Madhubani,203,5,229,6.347686776,1429.03973,27,32.79108127
Yamunanagar,217,37,261,8.147769521,510.0701203,27,96.90783792
Wayanad,204,50,241,8.431713861,1668.645698,30,67.19163568
Kurukshetra,78,64,265,6.542594965,1563.429136,25,43.17450286
Saharsa,219,34,161,6.769736726,1800.00897,26,98.81739161
Yamunanagar,234,46,84,6.213324856,1478.267753,29,16.1699997
Ernakulam,49,4,182,5.449744133,1778.421069,35,48.1290682
Thrissur,222,62,236,7.722227133,491.9889741,26,65.0591585
Begusarai,206,61,267,5.223634762,1664.565245,28,6.502482814
Siwan,35,12,86,8.257108388,1915.341064,27,71.98288695
Siwan,225,49,210,6.664929317,1667.913957,25,10.88686794
Mahendragarh,204,49,255,6.211820041,1307.410277,26,14.88794855
Madhubani,267,22,255,6.7045941,1867.700187,26,16.80926173
Wayanad,206,40,203,6.479091397,370.0753879,28,92.96009284
Supaul,124,44,290,6.016689569,230.3562753,28,68.64031897
East Champaran,229,52,221,6.893259139,1937.576387,30,65.88732261
Nawada,227,45,252,4.744737662,1429.409348,23,55.99385615
Bhiwani,201,55,254,6.323209349,405.4996239,24,29.98779387
Wayanad,223,47,259,7.918520682,812.0221104,26,62.46808076
Vaishali,211,43,226,6.658078672,1547.843751,28,41.60482227
Sheikhpura,149,55,249,6.182717326,1550.697618,30,15.39619886
Begusarai,237,42,280,6.175176308,505.9847758,25,69.27013174
Thiruvananthapuram,242,35,41,7.988907604,1046.2658,33,13.82863463
Charkhi Dadri,227,48,205,6.619486667,1653.159974,32,19.87618952
Aurangabad,254,58,305,6.31003526,1940.235076,33,81.95223187
Banka,66,2,151,7.734993624,1320.618058,30,66.35159252
Thiruvananthapuram,228,19,291,6.503002736,1348.640026,26,63.46812427
Charkhi Dadri,152,5,177,5.590501555,1044.828737,26,42.40207565
Aurangabad,220,58,84,6.164434507,1170.30439,26,40.23177131
Kaimur,271,45,259,6.354389394,378.0804451,26,69.33599831
Khagaria,227,26,249,7.049511444,829.2585574,30,74.26054832
Pathanamthitta,252,42,272,6.201700489,1113.128662,25,51.51110703
Kaithal,263,4,287,7.730815909,694.9662173,31,96.95765519
Nawada,237,60,233,6.256117028,847.6922565,29,95.61425633
Faridabad,206,53,265,6.036670104,1948.153962,32,41.83051951
Sonipat,202,50,221,6.616775622,209.364408,26,82.24160317
Siwan,214,39,265,6.935379388,744.7581916,29,54.78351632
Vaishali,209,50,283,5.134250438,1251.117229,25,51.66383287
Gopalganj,213,59,175,6.261782711,702.1403908,29,6.441442076
Kurukshetra,239,53,191,6.712479281,1417.634939,26,57.82349634
Malappuram,217,56,264,6.466287509,738.6951448,24,90.15721513
Nuh,72,48,293,6.94608066,1348.773866,23,78.23325107
Jhajjar,109,40,199,6.095079393,1729.752674,26,78.84539733
Khagaria,238,49,273,6.701171192,1385.559094,27,16.83297482
Wayanad,245,41,268,6.212044025,289.7921767,29,36.48649527
Panchkula,123,59,249,6.100550053,1631.384065,28,24.08728675
Jind,215,57,215,6.690350872,583.0424708,26,32.27561296
Katihar,249,9,285,6.641216982,1342.624996,25,58.37439501
Saharsa,235,44,265,5.357279566,1364.120628,26,37.11359752
Munger,215,40,243,6.067322888,1646.726788,26,56.50908393
Yamunanagar,226,47,251,6.482906329,1110.481617,35,44.41162358
Yamunanagar,258,13,236,6.694285313,876.7340741,26,29.37494029
Samastipur,238,58,205,6.148618652,1132.450799,23,10.44493999
North Goa,238,43,257,7.579248439,1182.362478,26,89.29200728
Kaithal,216,18,234,6.540634108,1678.768659,25,2.125963234
Bhiwani,228,41,278,6.802812723,569.1278201,29,1.163596326
Wayanad,212,60,240,6.943460244,1724.297807,25,82.85297624
Faridabad,231,53,263,6.237700601,858.2737,26,99.68428309
Darbhanga,238,57,196,6.413630864,1538.952162,29,72.98317994
Banka,239,42,311,7.678311107,804.2826527,28,2.512109968
Idukki,226,41,251,6.727820362,1475.993628,28,23.44233244
Supaul,231,43,290,4.357962003,1638.522777,27,97.21044733
Kottayam,229,53,263,6.091457481,1204.517845,28,81.05182097
South Goa,241,10,266,5.994175397,1315.180321,28,57.11318454
Munger,232,59,193,6.793641419,1473.969028,27,24.44921023
Munger,248,53,63,6.6112442,1439.169251,30,2.422650387
Munger,135,51,291,6.538224755,1509.347991,25,3.065285791
Katihar,248,47,225,7.968380893,1729.415612,25,61.58610549
Khagaria,258,57,218,6.753774753,596.9295528,27,3.161355759
Munger,183,60,102,6.765859775,586.516715,28,99.36938405
Sitamarhi,243,44,209,6.09957104,1947.228349,28,19.15499952
Rewari,189,43,215,6.268166495,1732.377181,25,71.36002883
Darbhanga,260,52,286,6.689158992,1265.069244,28,16.35091242
Jhajjar,224,39,240,6.315830273,214.7218339,28,54.46924869
Bhagalpur,228,48,95,7.079274065,1738.564816,29,8.980517558
Munger,243,53,215,5.264093677,1552.873827,28,76.91106403
Jhajjar,151,39,295,6.756081494,1921.477129,25,58.90718838
Siwan,253,60,265,6.432155697,223.6912838,30,9.530502647
Palakkad,216,42,81,6.238344484,251.3463371,26,85.01003273
Lakhisarai,205,43,75,6.057831065,1131.410918,30,55.15484286
Saharsa,217,57,262,6.232903687,1740.888577,27,92.23763869
Mahendragarh,255,52,241,4.652330576,1984.369479,26,91.74571399
Nalanda,204,52,293,4.775985854,776.0454119,23,92.13027116
Sheikhpura,237,40,90,6.813818623,265.4546346,31,8.70073482
Arwal,246,59,65,6.12494398,551.9144415,32,12.97481841
Bhiwani,209,13,238,6.744217812,1778.618665,29,98.78287516
Hisar,250,46,227,7.000445798,1039.610682,26,49.27248132
Kaimur,252,57,214,6.409330377,1735.952521,30,24.58319123
Sheikhpura,230,52,284,6.690839485,999.0349248,25,77.19678436
Samastipur,175,42,158,5.36065562,296.1016637,29,27.1642369
Sitamarhi,250,53,279,5.170294592,1311.635414,28,72.99435311
Siwan,212,12,288,6.260900477,984.224893,27,83.89129201
Araria,242,56,291,6.80763135,1084.435758,26,78.64207435
Nawada,251,3,277,5.054773123,1908.147339,32,28.13073301
Yamunanagar,193,16,243,6.537954352,1022.734979,23,40.76023883
Kaimur,250,46,220,6.572437129,1633.74945,27,41.91184932
Begusarai,236,39,272,6.525333147,306.0426116,29,49.63601889
West Champaran,143,60,273,6.220870615,1062.270113,30,17.5699123
Arwal,217,57,250,5.296745787,1256.050702,25,45.79453499
Buxar,214,63,258,6.777902783,403.8159662,26,51.56751606
Nuh,241,15,200,6.692130282,744.019975,24,53.63919066
Bhiwani,213,56,297,6.500989039,1531.268571,27,82.17014257
Sirsa,211,58,282,6.97702328,531.0319785,26,52.21611535
Nuh,210,44,236,4.641074215,431.2124704,29,23.84760833
Palakkad,198,9,87,4.432539089,738.6959185,33,66.64974509
Thiruvananthapuram,236,12,205,6.203238412,1746.131025,25,79.93410026
Rewari,221,54,246,6.474099811,1573.298299,26,32.61779498
Sirsa,217,50,221,6.391216229,1598.24284,27,64.88528697
Kannur,239,49,308,6.7639543,780.4235406,26,15.5468616
Saran,247,45,279,4.671294211,378.090315,31,34.85070415
Kurukshetra,140,52,295,6.136790135,257.5149461,27,91.01316903
Khagaria,178,7,222,6.38754598,1255.157163,30,91.21950815
Gaya,225,39,240,6.626246402,1464.114062,25,57.9571333
Aurangabad,191,52,247,6.852903886,880.204049,30,70.53279463
Saran,214,49,220,6.317054415,1151.951182,26,85.54752611
Thrissur,237,13,215,6.835785003,702.2069674,28,95.89676535
Sirsa,216,17,269,6.761853947,855.7439923,34,49.49875759
Sitamarhi,35,21,242,6.636709258,1513.669045,23,56.59599793
Rohtak,202,42,277,7.88971076,1492.796397,25,42.1485151
Gopalganj,230,54,113,6.410711598,250.5650709,31,8.126211769
Banka,225,55,249,6.493962365,1899.616818,24,42.85754377
Kaimur,212,5,255,6.420446442,684.2214495,21,79.2721066
Sheohar,222,45,228,6.289327087,1833.6557,26,80.6836643
Supaul,204,43,298,6.566862224,1121.414302,30,89.34533434
West Champaran,135,49,164,7.808282197,1098.527629,31,6.095203812
Katihar,244,46,246,5.353647989,1011.103695,30,53.18830437
Kaithal,251,46,230,7.977980318,1860.369302,32,11.63502431
Buxar,235,46,123,5.943953461,574.5943719,29,20.87347613
Ernakulam,203,50,249,5.971544436,1300.96131,27,90.12143374
East Champaran,217,20,281,6.700623926,772.0068934,29,50.18233458
Nuh,85,56,214,6.920389328,1847.429515,28,76.09594717
Arwal,205,58,271,5.939760296,504.8129782,27,7.374026487
Idukki,230,44,220,6.658643579,1417.14159,31,42.26582389
Nawada,113,59,218,6.003881929,959.1651903,30,67.74978779
Katihar,226,47,309,6.762840734,1390.201158,30,14.20724165
Khagaria,67,55,205,6.953459553,483.6935309,27,33.25597003
Kozhikode,238,57,215,6.717986114,908.5863546,31,7.390232697
East Champaran,225,55,268,8.100316731,393.0725297,24,65.48265415
Karnal,227,46,217,6.235033877,1943.798568,25,97.11823465
West Champaran,189,46,211,5.969343393,585.1863275,30,82.87750362
West Champaran,214,4,296,6.282822096,1987.807027,30,97.48768856
West Champaran,192,59,270,7.062793503,953.2966838,27,84.71487471
Idukki,239,49,141,6.926563539,328.7884284,33,85.66438481
North Goa,74,16,129,4.5641334,231.6353286,27,58.14054234
Darbhanga,226,38,258,6.522009023,1278.12147,28,52.30697883
Ambala,234,17,228,6.277941124,1306.513381,26,41.21917238
Jehanabad,211,57,225,4.427531828,1144.627696,30,81.99139461
Begusarai,199,40,252,6.658576993,319.5185154,24,19.02469362
Bhagalpur,228,59,225,4.667301279,796.7078636,29,6.566266667
Ambala,206,45,217,6.853006013,846.3274514,24,94.84148845
West Champaran,219,51,287,4.811080933,1468.670119,21,1.374040335
Begusarai,136,43,219,6.930944732,953.9385054,30,97.70610287
Nalanda,204,40,229,6.635059446,1231.340798,29,73.15648362
Sitamarhi,235,57,191,8.303002408,715.3946153,27,33.52139305
South Goa,198,53,249,7.801319803,1506.767124,27,70.08416447
Kaimur,242,58,202,6.560539007,284.1786468,32,81.96964056
Arwal,237,42,76,7.090273855,1979.307662,25,25.29084354
Munger,231,57,256,7.833252884,1354.686658,25,77.31867264
Darbhanga,221,45,189,6.928874012,467.9501171,20,80.63259288
Munger,209,42,268,6.807440498,1491.483471,29,25.68610838
East Champaran,115,62,219,6.971079103,1615.8029,25,5.150709083
Madhubani,175,38,207,5.281744346,1619.472789,29,21.20810617
Jhajjar,234,10,249,6.540953915,687.3178862,30,20.86399448
Kollam,237,57,199,6.225605804,1925.547885,26,7.458804963
Lakhisarai,133,9,288,7.446095864,231.9281854,25,72.87473108
Panipat,207,41,259,5.988419221,883.7110047,26,38.61751752
North Goa,231,59,265,6.554554697,387.5927063,23,88.55423058
Idukki,247,56,264,6.073313973,892.7469309,25,25.96493946
Jind,227,41,54,6.163056191,303.0049948,30,45.86998434
Kannur,201,57,273,6.36543519,1360.963513,28,64.26272546
Kannur,222,48,295,4.943392677,312.4300823,28,87.86903002
Patna,162,26,195,8.364770213,1308.524226,27,52.93748906
Bhojpur,205,52,255,6.374071776,621.351666,28,37.97893815
Nalanda,231,56,282,6.811183894,522.4661761,26,86.83449277
Pathanamthitta,48,25,145,7.240112851,824.6015551,33,31.71439604
Jhajjar,237,52,224,4.783159484,1353.729852,30,8.862946264
Pathanamthitta,215,48,216,6.179787486,1240.760879,25,45.05916864
West Champaran,110,42,230,6.471659632,1424.848872,24,78.72423734
Thrissur,196,54,272,6.359031297,1854.165764,30,4.047302344
Rewari,227,61,108,6.290069399,565.9457213,25,59.00234225
Lakhisarai,248,44,276,6.980396636,944.0428031,28,59.8519408
North Goa,259,43,235,6.331099278,678.4771095,26,92.92563458
Kollam,209,49,234,6.396409306,1255.42639,28,29.3600169
Gurugram,231,49,258,6.418006134,710.1214286,27,28.60482471
West Champaran,238,58,296,6.750552624,1204.430064,31,44.60788148
Malappuram,221,60,204,6.780149738,1681.694843,26,36.33457525
Hisar,214,55,266,6.77573647,1191.701823,24,73.89824041
Sitamarhi,233,43,283,6.590752581,1708.632444,30,64.53345564
Kishanganj,244,34,228,6.183144994,1300.430366,22,76.13318275
Bhiwani,228,19,273,6.218114315,1766.539703,26,82.18413733
Thiruvananthapuram,211,61,263,5.225082957,1874.750759,29,92.37513214
Nawada,230,51,241,6.325414835,1114.063165,30,43.66273645
Supaul,225,53,251,6.765444219,1623.162805,28,98.48504156
Aurangabad,207,24,279,6.960834264,1043.867802,24,22.35042053
Thiruvananthapuram,231,59,187,6.495587346,1469.348801,27,71.72215103
Palwal,234,46,306,6.295532107,267.5141591,29,53.86692241
Faridabad,222,42,236,6.158333656,1940.442409,28,81.87315887
Katihar,235,48,281,6.463714121,1809.800229,28,48.20028154
Yamunanagar,245,58,198,6.836027476,1807.917253,29,78.6099249
Sheikhpura,208,62,290,7.901926255,706.2523191,31,93.08670275
North Goa,70,52,231,6.567672268,709.7010394,29,73.49713235
Kasaragod,269,2,207,6.424001297,924.6813594,28,77.83333434
Thiruvananthapuram,253,49,283,5.917710852,1784.341177,26,7.650367695
Thrissur,243,49,250,6.684778388,1745.550446,25,21.29080856
Vaishali,82,54,201,6.522859673,721.0279485,29,97.45607031
